query_type,rank,coverage,accuracy,risk,confidence,question_id,n_total
ALL,1,0.0002486943546381,1.0,0.0,1.0,off_000004,4021
ALL,2,0.0004973887092762,1.0,0.0,1.0,off_000011,4021
ALL,3,0.0007460830639144,1.0,0.0,1.0,off_000013,4021
ALL,4,0.0009947774185525,1.0,0.0,1.0,off_000030,4021
ALL,5,0.0012434717731907,1.0,0.0,1.0,off_000033,4021
ALL,6,0.0014921661278288,1.0,0.0,1.0,off_000052,4021
ALL,7,0.001740860482467,1.0,0.0,1.0,off_000061,4021
ALL,8,0.0019895548371051,1.0,0.0,1.0,off_000066,4021
ALL,9,0.0022382491917433,1.0,0.0,1.0,off_000085,4021
ALL,10,0.0024869435463814,1.0,0.0,1.0,off_000089,4021
ALL,11,0.0027356379010196,1.0,0.0,1.0,off_000092,4021
ALL,12,0.0029843322556577,1.0,0.0,1.0,off_000102,4021
ALL,13,0.0032330266102959,1.0,0.0,1.0,off_000125,4021
ALL,14,0.003481720964934,1.0,0.0,1.0,off_000126,4021
ALL,15,0.0037304153195722,1.0,0.0,1.0,off_000129,4021
ALL,16,0.0039791096742103,1.0,0.0,1.0,off_000137,4021
ALL,17,0.0042278040288485,1.0,0.0,1.0,off_000138,4021
ALL,18,0.0044764983834866,1.0,0.0,1.0,off_000148,4021
ALL,19,0.0047251927381248,1.0,0.0,1.0,off_000191,4021
ALL,20,0.0049738870927629,1.0,0.0,1.0,off_000202,4021
ALL,21,0.0052225814474011,1.0,0.0,1.0,off_000212,4021
ALL,22,0.0054712758020392,1.0,0.0,1.0,off_000233,4021
ALL,23,0.0057199701566774,1.0,0.0,1.0,off_000236,4021
ALL,24,0.0059686645113155,1.0,0.0,1.0,off_000248,4021
ALL,25,0.0062173588659537,1.0,0.0,1.0,off_000257,4021
ALL,26,0.0064660532205918,1.0,0.0,1.0,off_000261,4021
ALL,27,0.00671474757523,1.0,0.0,1.0,off_000272,4021
ALL,28,0.0069634419298681,1.0,0.0,1.0,off_000286,4021
ALL,29,0.0072121362845063,1.0,0.0,1.0,off_000287,4021
ALL,30,0.0074608306391444,1.0,0.0,1.0,off_000293,4021
ALL,31,0.0077095249937826,1.0,0.0,1.0,off_000303,4021
ALL,32,0.0079582193484207,1.0,0.0,1.0,off_000311,4021
ALL,33,0.0082069137030589,1.0,0.0,1.0,off_000317,4021
ALL,34,0.008455608057697,0.9705882352941176,0.0294117647058823,1.0,off_000319,4021
ALL,35,0.0087043024123352,0.9714285714285714,0.0285714285714285,1.0,off_000329,4021
ALL,36,0.0089529967669733,0.9722222222222222,0.0277777777777777,1.0,off_000332,4021
ALL,37,0.0092016911216115,0.972972972972973,0.027027027027027,1.0,off_000334,4021
ALL,38,0.0094503854762496,0.9736842105263158,0.0263157894736842,1.0,off_000342,4021
ALL,39,0.0096990798308878,0.9743589743589745,0.0256410256410256,1.0,off_000347,4021
ALL,40,0.0099477741855259,0.975,0.025,1.0,off_000354,4021
ALL,41,0.0101964685401641,0.975609756097561,0.024390243902439,1.0,off_000356,4021
ALL,42,0.0104451628948022,0.9761904761904762,0.0238095238095238,1.0,off_000359,4021
ALL,43,0.0106938572494404,0.9767441860465116,0.0232558139534883,1.0,off_000388,4021
ALL,44,0.0109425516040785,0.9772727272727272,0.0227272727272727,1.0,off_000403,4021
ALL,45,0.0111912459587167,0.9777777777777776,0.0222222222222222,1.0,off_000414,4021
ALL,46,0.0114399403133548,0.9565217391304348,0.0434782608695652,1.0,off_000417,4021
ALL,47,0.011688634667993,0.9574468085106383,0.0425531914893617,1.0,off_000420,4021
ALL,48,0.0119373290226311,0.9583333333333334,0.0416666666666666,1.0,off_000424,4021
ALL,49,0.0121860233772693,0.9591836734693876,0.0408163265306122,1.0,off_000430,4021
ALL,50,0.0124347177319074,0.96,0.04,1.0,off_000442,4021
ALL,51,0.0126834120865456,0.9607843137254902,0.0392156862745098,1.0,off_000455,4021
ALL,52,0.0129321064411837,0.9615384615384616,0.0384615384615384,1.0,off_000460,4021
ALL,53,0.0131808007958219,0.9622641509433962,0.0377358490566037,1.0,off_000462,4021
ALL,54,0.01342949515046,0.962962962962963,0.037037037037037,1.0,off_000473,4021
ALL,55,0.0136781895050982,0.9636363636363636,0.0363636363636363,1.0,off_000489,4021
ALL,56,0.0139268838597363,0.9642857142857144,0.0357142857142857,1.0,off_000501,4021
ALL,57,0.0141755782143745,0.9649122807017544,0.0350877192982456,1.0,off_000502,4021
ALL,58,0.0144242725690126,0.9655172413793104,0.0344827586206896,1.0,off_000508,4021
ALL,59,0.0146729669236508,0.9661016949152542,0.0338983050847457,1.0,off_000529,4021
ALL,60,0.0149216612782889,0.9666666666666668,0.0333333333333333,1.0,off_000530,4021
ALL,61,0.0151703556329271,0.9672131147540984,0.0327868852459016,1.0,off_000532,4021
ALL,62,0.0154190499875652,0.967741935483871,0.032258064516129,1.0,off_000533,4021
ALL,63,0.0156677443422034,0.9682539682539684,0.0317460317460317,1.0,off_000565,4021
ALL,64,0.0159164386968415,0.96875,0.03125,1.0,off_000567,4021
ALL,65,0.0161651330514797,0.9692307692307692,0.0307692307692307,1.0,off_000574,4021
ALL,66,0.0164138274061178,0.9696969696969696,0.0303030303030303,1.0,off_000575,4021
ALL,67,0.016662521760756,0.9701492537313432,0.0298507462686567,1.0,off_000580,4021
ALL,68,0.0169112161153941,0.9705882352941176,0.0294117647058823,1.0,off_000583,4021
ALL,69,0.0171599104700323,0.9710144927536232,0.0289855072463768,1.0,off_000595,4021
ALL,70,0.0174086048246704,0.9714285714285714,0.0285714285714285,1.0,off_000605,4021
ALL,71,0.0176572991793086,0.971830985915493,0.028169014084507,1.0,off_000612,4021
ALL,72,0.0179059935339467,0.9722222222222222,0.0277777777777777,1.0,off_000624,4021
ALL,73,0.0181546878885849,0.9589041095890412,0.0410958904109589,1.0,off_000637,4021
ALL,74,0.018403382243223,0.9594594594594594,0.0405405405405405,1.0,off_000655,4021
ALL,75,0.0186520765978612,0.96,0.04,1.0,off_000660,4021
ALL,76,0.0189007709524993,0.9605263157894736,0.0394736842105263,1.0,off_000676,4021
ALL,77,0.0191494653071375,0.961038961038961,0.0389610389610389,1.0,off_000677,4021
ALL,78,0.0193981596617756,0.9615384615384616,0.0384615384615384,1.0,off_000696,4021
ALL,79,0.0196468540164138,0.9620253164556962,0.0379746835443038,1.0,off_000700,4021
ALL,80,0.0198955483710519,0.9625,0.0375,1.0,off_000701,4021
ALL,81,0.0201442427256901,0.962962962962963,0.037037037037037,1.0,off_000704,4021
ALL,82,0.0203929370803282,0.9634146341463414,0.0365853658536585,1.0,off_000725,4021
ALL,83,0.0206416314349664,0.963855421686747,0.036144578313253,1.0,off_000728,4021
ALL,84,0.0208903257896045,0.9642857142857144,0.0357142857142857,1.0,off_000733,4021
ALL,85,0.0211390201442427,0.9647058823529412,0.0352941176470588,1.0,off_000737,4021
ALL,86,0.0213877144988808,0.9651162790697676,0.0348837209302325,1.0,off_000751,4021
ALL,87,0.021636408853519,0.9540229885057472,0.0459770114942528,1.0,off_000759,4021
ALL,88,0.0218851032081571,0.9545454545454546,0.0454545454545454,1.0,off_000762,4021
ALL,89,0.0221337975627953,0.9550561797752808,0.0449438202247191,1.0,off_000778,4021
ALL,90,0.0223824919174334,0.9555555555555556,0.0444444444444444,1.0,off_000815,4021
ALL,91,0.0226311862720716,0.956043956043956,0.0439560439560439,1.0,off_000820,4021
ALL,92,0.0228798806267097,0.9565217391304348,0.0434782608695652,1.0,off_000839,4021
ALL,93,0.0231285749813479,0.956989247311828,0.043010752688172,1.0,off_000842,4021
ALL,94,0.023377269335986,0.9574468085106383,0.0425531914893617,1.0,off_000848,4021
ALL,95,0.0236259636906242,0.9578947368421052,0.0421052631578947,1.0,off_000850,4021
ALL,96,0.0238746580452623,0.9583333333333334,0.0416666666666666,1.0,off_000877,4021
ALL,97,0.0241233523999005,0.9587628865979382,0.0412371134020618,1.0,off_000885,4021
ALL,98,0.0243720467545386,0.9591836734693876,0.0408163265306122,1.0,off_000892,4021
ALL,99,0.0246207411091768,0.9595959595959596,0.0404040404040404,1.0,off_000894,4021
ALL,100,0.0248694354638149,0.95,0.05,1.0,off_000902,4021
ALL,101,0.0251181298184531,0.9504950495049505,0.0495049504950495,1.0,off_000903,4021
ALL,102,0.0253668241730912,0.9509803921568628,0.0490196078431372,1.0,off_000906,4021
ALL,103,0.0256155185277294,0.9514563106796116,0.0485436893203883,1.0,off_000914,4021
ALL,104,0.0258642128823675,0.9519230769230768,0.048076923076923,1.0,off_000916,4021
ALL,105,0.0261129072370057,0.9523809523809524,0.0476190476190476,1.0,off_000928,4021
ALL,106,0.0263616015916438,0.9528301886792452,0.0471698113207547,1.0,off_000940,4021
ALL,107,0.026610295946282,0.9532710280373832,0.0467289719626168,1.0,off_000948,4021
ALL,108,0.0268589903009201,0.9537037037037036,0.0462962962962962,1.0,off_000965,4021
ALL,109,0.0271076846555583,0.9541284403669724,0.0458715596330275,1.0,off_000972,4021
ALL,110,0.0273563790101964,0.9545454545454546,0.0454545454545454,1.0,off_000980,4021
ALL,111,0.0276050733648346,0.954954954954955,0.045045045045045,1.0,off_000991,4021
ALL,112,0.0278537677194727,0.9553571428571428,0.0446428571428571,1.0,off_001017,4021
ALL,113,0.0281024620741109,0.9557522123893806,0.0442477876106194,1.0,off_001037,4021
ALL,114,0.028351156428749,0.956140350877193,0.043859649122807,1.0,off_001038,4021
ALL,115,0.0285998507833872,0.9565217391304348,0.0434782608695652,1.0,off_001045,4021
ALL,116,0.0288485451380253,0.956896551724138,0.043103448275862,1.0,off_001047,4021
ALL,117,0.0290972394926635,0.9572649572649572,0.0427350427350427,1.0,off_001072,4021
ALL,118,0.0293459338473016,0.9576271186440678,0.0423728813559322,1.0,off_001090,4021
ALL,119,0.0295946282019398,0.957983193277311,0.042016806722689,1.0,off_001093,4021
ALL,120,0.0298433225565779,0.9583333333333334,0.0416666666666666,1.0,off_001124,4021
ALL,121,0.0300920169112161,0.9586776859504132,0.0413223140495867,1.0,off_001127,4021
ALL,122,0.0303407112658542,0.9590163934426228,0.040983606557377,1.0,off_001144,4021
ALL,123,0.0305894056204924,0.959349593495935,0.040650406504065,1.0,off_001153,4021
ALL,124,0.0308380999751305,0.9596774193548387,0.0403225806451612,1.0,off_001180,4021
ALL,125,0.0310867943297687,0.96,0.04,1.0,off_001211,4021
ALL,126,0.0313354886844068,0.9603174603174603,0.0396825396825396,1.0,off_001214,4021
ALL,127,0.031584183039045,0.9606299212598424,0.0393700787401574,1.0,off_001218,4021
ALL,128,0.0318328773936831,0.9609375,0.0390625,1.0,off_001248,4021
ALL,129,0.0320815717483213,0.9612403100775194,0.0387596899224806,1.0,off_001266,4021
ALL,130,0.0323302661029594,0.9615384615384616,0.0384615384615384,1.0,off_001269,4021
ALL,131,0.0325789604575976,0.9618320610687024,0.0381679389312977,1.0,off_001276,4021
ALL,132,0.0328276548122357,0.9621212121212122,0.0378787878787878,1.0,off_001289,4021
ALL,133,0.0330763491668739,0.962406015037594,0.037593984962406,1.0,off_001290,4021
ALL,134,0.033325043521512,0.9626865671641792,0.0373134328358208,1.0,off_001291,4021
ALL,135,0.0335737378761502,0.962962962962963,0.037037037037037,1.0,off_001295,4021
ALL,136,0.0338224322307883,0.9632352941176472,0.0367647058823529,1.0,off_001311,4021
ALL,137,0.0340711265854265,0.9635036496350364,0.0364963503649635,1.0,off_001313,4021
ALL,138,0.0343198209400646,0.9637681159420288,0.036231884057971,1.0,off_001322,4021
ALL,139,0.0345685152947028,0.9640287769784172,0.0359712230215827,1.0,off_001333,4021
ALL,140,0.0348172096493409,0.9642857142857144,0.0357142857142857,1.0,off_001338,4021
ALL,141,0.0350659040039791,0.9645390070921984,0.0354609929078014,1.0,off_001343,4021
ALL,142,0.0353145983586172,0.9647887323943662,0.0352112676056338,1.0,off_001347,4021
ALL,143,0.0355632927132554,0.965034965034965,0.0349650349650349,1.0,off_001356,4021
ALL,144,0.0358119870678935,0.9652777777777778,0.0347222222222222,1.0,off_001359,4021
ALL,145,0.0360606814225317,0.9655172413793104,0.0344827586206896,1.0,off_001366,4021
ALL,146,0.0363093757771698,0.9657534246575342,0.0342465753424657,1.0,off_001370,4021
ALL,147,0.036558070131808,0.9591836734693876,0.0408163265306122,1.0,off_001374,4021
ALL,148,0.0368067644864461,0.9594594594594594,0.0405405405405405,1.0,off_001378,4021
ALL,149,0.0370554588410843,0.9597315436241612,0.0402684563758389,1.0,off_001388,4021
ALL,150,0.0373041531957224,0.96,0.04,1.0,off_001393,4021
ALL,151,0.0375528475503606,0.9602649006622516,0.0397350993377483,1.0,off_001407,4021
ALL,152,0.0378015419049987,0.9605263157894736,0.0394736842105263,1.0,off_001415,4021
ALL,153,0.0380502362596369,0.9607843137254902,0.0392156862745098,1.0,off_001426,4021
ALL,154,0.038298930614275,0.961038961038961,0.0389610389610389,1.0,off_001447,4021
ALL,155,0.0385476249689132,0.9612903225806452,0.0387096774193548,1.0,off_001454,4021
ALL,156,0.0387963193235513,0.9615384615384616,0.0384615384615384,1.0,off_001465,4021
ALL,157,0.0390450136781895,0.961783439490446,0.0382165605095541,1.0,off_001466,4021
ALL,158,0.0392937080328276,0.9620253164556962,0.0379746835443038,1.0,off_001467,4021
ALL,159,0.0395424023874658,0.9622641509433962,0.0377358490566037,1.0,off_001471,4021
ALL,160,0.0397910967421039,0.9625,0.0375,1.0,off_001482,4021
ALL,161,0.0400397910967421,0.9627329192546584,0.0372670807453416,1.0,off_001488,4021
ALL,162,0.0402884854513802,0.962962962962963,0.037037037037037,1.0,off_001507,4021
ALL,163,0.0405371798060184,0.9631901840490796,0.0368098159509202,1.0,off_001508,4021
ALL,164,0.0407858741606565,0.9634146341463414,0.0365853658536585,1.0,off_001520,4021
ALL,165,0.0410345685152947,0.9636363636363636,0.0363636363636363,1.0,off_001544,4021
ALL,166,0.0412832628699328,0.963855421686747,0.036144578313253,1.0,off_001555,4021
ALL,167,0.041531957224571,0.9640718562874252,0.0359281437125748,1.0,off_001557,4021
ALL,168,0.0417806515792091,0.9642857142857144,0.0357142857142857,1.0,off_001565,4021
ALL,169,0.0420293459338473,0.9644970414201184,0.0355029585798816,1.0,off_001598,4021
ALL,170,0.0422780402884854,0.9647058823529412,0.0352941176470588,1.0,off_001613,4021
ALL,171,0.0425267346431236,0.9649122807017544,0.0350877192982456,1.0,off_001619,4021
ALL,172,0.0427754289977617,0.9651162790697676,0.0348837209302325,1.0,off_001620,4021
ALL,173,0.0430241233523999,0.9653179190751444,0.0346820809248554,1.0,off_001624,4021
ALL,174,0.043272817707038,0.9655172413793104,0.0344827586206896,1.0,off_001625,4021
ALL,175,0.0435215120616762,0.9657142857142856,0.0342857142857142,1.0,off_001646,4021
ALL,176,0.0437702064163143,0.9659090909090908,0.034090909090909,1.0,off_001647,4021
ALL,177,0.0440189007709524,0.9661016949152542,0.0338983050847457,1.0,off_001654,4021
ALL,178,0.0442675951255906,0.9662921348314608,0.0337078651685393,1.0,off_001658,4021
ALL,179,0.0445162894802288,0.9664804469273744,0.0335195530726257,1.0,off_001662,4021
ALL,180,0.0447649838348669,0.9666666666666668,0.0333333333333333,1.0,off_001685,4021
ALL,181,0.0450136781895051,0.9668508287292816,0.0331491712707182,1.0,off_001694,4021
ALL,182,0.0452623725441432,0.967032967032967,0.0329670329670329,1.0,off_001706,4021
ALL,183,0.0455110668987814,0.9672131147540984,0.0327868852459016,1.0,off_001707,4021
ALL,184,0.0457597612534195,0.967391304347826,0.0326086956521739,1.0,off_001709,4021
ALL,185,0.0460084556080577,0.9675675675675676,0.0324324324324324,1.0,off_001712,4021
ALL,186,0.0462571499626958,0.967741935483871,0.032258064516129,1.0,off_001719,4021
ALL,187,0.046505844317334,0.9679144385026738,0.0320855614973262,1.0,off_001728,4021
ALL,188,0.0467545386719721,0.9680851063829788,0.0319148936170212,1.0,off_001733,4021
ALL,189,0.0470032330266102,0.9682539682539684,0.0317460317460317,1.0,off_001745,4021
ALL,190,0.0472519273812484,0.968421052631579,0.031578947368421,1.0,off_001749,4021
ALL,191,0.0475006217358865,0.9685863874345548,0.031413612565445,1.0,off_001756,4021
ALL,192,0.0477493160905247,0.96875,0.03125,1.0,off_001764,4021
ALL,193,0.0479980104451628,0.9689119170984456,0.0310880829015544,1.0,off_001771,4021
ALL,194,0.048246704799801,0.9690721649484536,0.0309278350515463,1.0,off_001783,4021
ALL,195,0.0484953991544391,0.9692307692307692,0.0307692307692307,1.0,off_001784,4021
ALL,196,0.0487440935090773,0.9693877551020408,0.0306122448979591,1.0,off_001789,4021
ALL,197,0.0489927878637154,0.9695431472081218,0.0304568527918781,1.0,off_001794,4021
ALL,198,0.0492414822183536,0.9696969696969696,0.0303030303030303,1.0,off_001811,4021
ALL,199,0.0494901765729917,0.9698492462311558,0.0301507537688442,1.0,off_001816,4021
ALL,200,0.0497388709276299,0.97,0.03,1.0,off_001821,4021
ALL,201,0.049987565282268,0.9701492537313432,0.0298507462686567,1.0,off_001822,4021
ALL,202,0.0502362596369062,0.9702970297029704,0.0297029702970297,1.0,off_001825,4021
ALL,203,0.0504849539915443,0.9704433497536946,0.0295566502463054,1.0,off_001829,4021
ALL,204,0.0507336483461825,0.9705882352941176,0.0294117647058823,1.0,off_001839,4021
ALL,205,0.0509823427008206,0.9658536585365852,0.0341463414634146,1.0,off_001847,4021
ALL,206,0.0512310370554588,0.9660194174757282,0.0339805825242718,1.0,off_001849,4021
ALL,207,0.0514797314100969,0.966183574879227,0.0338164251207729,1.0,off_001854,4021
ALL,208,0.0517284257647351,0.966346153846154,0.0336538461538461,1.0,off_001857,4021
ALL,209,0.0519771201193732,0.9665071770334928,0.0334928229665071,1.0,off_001878,4021
ALL,210,0.0522258144740114,0.9666666666666668,0.0333333333333333,1.0,off_001883,4021
ALL,211,0.0524745088286495,0.966824644549763,0.0331753554502369,1.0,off_001893,4021
ALL,212,0.0527232031832877,0.9669811320754716,0.0330188679245283,1.0,off_001903,4021
ALL,213,0.0529718975379258,0.9671361502347418,0.0328638497652582,1.0,off_001914,4021
ALL,214,0.053220591892564,0.9672897196261684,0.0327102803738317,1.0,off_001917,4021
ALL,215,0.0534692862472021,0.9674418604651164,0.0325581395348837,1.0,off_001918,4021
ALL,216,0.0537179806018403,0.9675925925925926,0.0324074074074074,1.0,off_001927,4021
ALL,217,0.0539666749564784,0.967741935483871,0.032258064516129,1.0,off_001944,4021
ALL,218,0.0542153693111166,0.9678899082568808,0.0321100917431192,1.0,off_001950,4021
ALL,219,0.0544640636657547,0.9680365296803652,0.0319634703196347,1.0,off_001955,4021
ALL,220,0.0547127580203929,0.968181818181818,0.0318181818181818,1.0,off_001964,4021
ALL,221,0.054961452375031,0.9638009049773756,0.0361990950226244,1.0,off_001968,4021
ALL,222,0.0552101467296692,0.963963963963964,0.036036036036036,1.0,off_001972,4021
ALL,223,0.0554588410843073,0.9641255605381166,0.0358744394618834,1.0,off_001986,4021
ALL,224,0.0557075354389455,0.9642857142857144,0.0357142857142857,1.0,off_001993,4021
ALL,225,0.0559562297935836,0.9644444444444444,0.0355555555555555,1.0,off_001995,4021
ALL,226,0.0562049241482218,0.9646017699115044,0.0353982300884955,1.0,off_001998,4021
ALL,227,0.0564536185028599,0.9647577092511012,0.0352422907488986,1.0,off_002008,4021
ALL,228,0.0567023128574981,0.9649122807017544,0.0350877192982456,1.0,off_002029,4021
ALL,229,0.0569510072121362,0.965065502183406,0.0349344978165938,1.0,off_002031,4021
ALL,230,0.0571997015667744,0.9652173913043478,0.0347826086956521,1.0,off_002046,4021
ALL,231,0.0574483959214125,0.9653679653679652,0.0346320346320346,1.0,off_002057,4021
ALL,232,0.0576970902760507,0.9655172413793104,0.0344827586206896,1.0,off_002061,4021
ALL,233,0.0579457846306888,0.965665236051502,0.0343347639484978,1.0,off_002091,4021
ALL,234,0.058194478985327,0.9658119658119658,0.0341880341880341,1.0,off_002092,4021
ALL,235,0.0584431733399651,0.9659574468085106,0.0340425531914893,1.0,off_002094,4021
ALL,236,0.0586918676946033,0.9661016949152542,0.0338983050847457,1.0,off_002113,4021
ALL,237,0.0589405620492414,0.9662447257383966,0.0337552742616033,1.0,off_002114,4021
ALL,238,0.0591892564038796,0.96218487394958,0.0378151260504201,1.0,off_002122,4021
ALL,239,0.0594379507585177,0.9623430962343096,0.0376569037656903,1.0,off_002123,4021
ALL,240,0.0596866451131559,0.9625,0.0375,1.0,off_002125,4021
ALL,241,0.059935339467794,0.9626556016597512,0.0373443983402489,1.0,off_002142,4021
ALL,242,0.0601840338224322,0.962809917355372,0.0371900826446281,1.0,off_002153,4021
ALL,243,0.0604327281770703,0.962962962962963,0.037037037037037,1.0,off_002159,4021
ALL,244,0.0606814225317085,0.9631147540983608,0.0368852459016393,1.0,off_002163,4021
ALL,245,0.0609301168863466,0.963265306122449,0.036734693877551,1.0,off_002169,4021
ALL,246,0.0611788112409848,0.9634146341463414,0.0365853658536585,1.0,off_002182,4021
ALL,247,0.0614275055956229,0.9635627530364372,0.0364372469635627,1.0,off_002185,4021
ALL,248,0.0616761999502611,0.9637096774193548,0.0362903225806451,1.0,off_002200,4021
ALL,249,0.0619248943048992,0.963855421686747,0.036144578313253,1.0,off_002204,4021
ALL,250,0.0621735886595374,0.964,0.036,1.0,off_002213,4021
ALL,251,0.0624222830141755,0.9641434262948207,0.0358565737051792,1.0,off_002238,4021
ALL,252,0.0626709773688137,0.9642857142857144,0.0357142857142857,1.0,off_002248,4021
ALL,253,0.0629196717234518,0.9644268774703556,0.0355731225296442,1.0,off_002269,4021
ALL,254,0.06316836607809,0.9645669291338582,0.0354330708661417,1.0,off_002280,4021
ALL,255,0.0634170604327281,0.9647058823529412,0.0352941176470588,1.0,off_002281,4021
ALL,256,0.0636657547873663,0.96484375,0.03515625,1.0,off_002285,4021
ALL,257,0.0639144491420044,0.9649805447470816,0.0350194552529182,1.0,off_002293,4021
ALL,258,0.0641631434966426,0.9651162790697676,0.0348837209302325,1.0,off_002300,4021
ALL,259,0.0644118378512807,0.9652509652509652,0.0347490347490347,1.0,off_002303,4021
ALL,260,0.0646605322059189,0.9653846153846154,0.0346153846153846,1.0,off_002304,4021
ALL,261,0.064909226560557,0.9655172413793104,0.0344827586206896,1.0,off_002306,4021
ALL,262,0.0651579209151952,0.965648854961832,0.0343511450381679,1.0,off_002313,4021
ALL,263,0.0654066152698333,0.9657794676806084,0.0342205323193916,1.0,off_002314,4021
ALL,264,0.0656553096244715,0.9659090909090908,0.034090909090909,1.0,off_002331,4021
ALL,265,0.0659040039791096,0.9660377358490566,0.0339622641509433,1.0,off_002342,4021
ALL,266,0.0661526983337478,0.9661654135338346,0.0338345864661654,1.0,off_002344,4021
ALL,267,0.0664013926883859,0.9662921348314608,0.0337078651685393,1.0,off_002347,4021
ALL,268,0.0666500870430241,0.9664179104477612,0.0335820895522388,1.0,off_002373,4021
ALL,269,0.0668987813976622,0.966542750929368,0.0334572490706319,1.0,off_002377,4021
ALL,270,0.0671474757523004,0.9666666666666668,0.0333333333333333,1.0,off_002378,4021
ALL,271,0.0673961701069385,0.966789667896679,0.033210332103321,1.0,off_002390,4021
ALL,272,0.0676448644615767,0.9669117647058824,0.0330882352941176,1.0,off_002392,4021
ALL,273,0.0678935588162148,0.967032967032967,0.0329670329670329,1.0,off_002398,4021
ALL,274,0.068142253170853,0.9671532846715328,0.0328467153284671,1.0,off_002400,4021
ALL,275,0.0683909475254911,0.9672727272727272,0.0327272727272727,1.0,off_002432,4021
ALL,276,0.0686396418801293,0.967391304347826,0.0326086956521739,1.0,off_002437,4021
ALL,277,0.0688883362347674,0.967509025270758,0.0324909747292418,1.0,off_002466,4021
ALL,278,0.0691370305894056,0.9676258992805756,0.0323741007194244,1.0,off_002475,4021
ALL,279,0.0693857249440437,0.967741935483871,0.032258064516129,1.0,off_002490,4021
ALL,280,0.0696344192986819,0.9678571428571427,0.0321428571428571,1.0,off_002505,4021
ALL,281,0.06988311365332,0.9679715302491104,0.0320284697508896,1.0,off_002510,4021
ALL,282,0.0701318080079582,0.9680851063829788,0.0319148936170212,1.0,off_002511,4021
ALL,283,0.0703805023625963,0.9681978798586572,0.0318021201413427,1.0,off_002514,4021
ALL,284,0.0706291967172345,0.9683098591549296,0.0316901408450704,1.0,off_002519,4021
ALL,285,0.0708778910718726,0.968421052631579,0.031578947368421,1.0,off_002522,4021
ALL,286,0.0711265854265108,0.9685314685314684,0.0314685314685314,1.0,off_002526,4021
ALL,287,0.0713752797811489,0.9686411149825784,0.0313588850174216,1.0,off_002533,4021
ALL,288,0.0716239741357871,0.96875,0.03125,1.0,off_002552,4021
ALL,289,0.0718726684904252,0.9688581314878892,0.0311418685121107,1.0,off_002553,4021
ALL,290,0.0721213628450634,0.9689655172413794,0.0310344827586206,1.0,off_002565,4021
ALL,291,0.0723700571997015,0.9690721649484536,0.0309278350515463,1.0,off_002570,4021
ALL,292,0.0726187515543397,0.9691780821917808,0.0308219178082191,1.0,off_002574,4021
ALL,293,0.0728674459089778,0.969283276450512,0.030716723549488,1.0,off_002576,4021
ALL,294,0.073116140263616,0.9693877551020408,0.0306122448979591,1.0,off_002579,4021
ALL,295,0.0733648346182541,0.9694915254237289,0.0305084745762711,1.0,off_002582,4021
ALL,296,0.0736135289728923,0.9695945945945946,0.0304054054054054,1.0,off_002583,4021
ALL,297,0.0738622233275304,0.9696969696969696,0.0303030303030303,1.0,off_002588,4021
ALL,298,0.0741109176821686,0.9697986577181208,0.0302013422818791,1.0,off_002598,4021
ALL,299,0.0743596120368067,0.9698996655518396,0.0301003344481605,1.0,off_002604,4021
ALL,300,0.0746083063914449,0.97,0.03,1.0,off_002607,4021
ALL,301,0.074857000746083,0.9700996677740864,0.0299003322259136,1.0,off_002621,4021
ALL,302,0.0751056951007212,0.9701986754966888,0.0298013245033112,1.0,off_002623,4021
ALL,303,0.0753543894553593,0.9702970297029704,0.0297029702970297,1.0,off_002626,4021
ALL,304,0.0756030838099975,0.9703947368421052,0.0296052631578947,1.0,off_002632,4021
ALL,305,0.0758517781646356,0.9704918032786886,0.0295081967213114,1.0,off_002633,4021
ALL,306,0.0761004725192738,0.9705882352941176,0.0294117647058823,1.0,off_002643,4021
ALL,307,0.0763491668739119,0.970684039087948,0.0293159609120521,1.0,off_002645,4021
ALL,308,0.0765978612285501,0.9707792207792209,0.0292207792207792,1.0,off_002647,4021
ALL,309,0.0768465555831882,0.970873786407767,0.029126213592233,1.0,off_002665,4021
ALL,310,0.0770952499378264,0.970967741935484,0.0290322580645161,1.0,off_002696,4021
ALL,311,0.0773439442924645,0.9710610932475884,0.0289389067524115,1.0,off_002702,4021
ALL,312,0.0775926386471027,0.971153846153846,0.0288461538461538,1.0,off_002711,4021
ALL,313,0.0778413330017408,0.9712460063897764,0.0287539936102236,1.0,off_002719,4021
ALL,314,0.078090027356379,0.9713375796178344,0.0286624203821656,1.0,off_002722,4021
ALL,315,0.0783387217110171,0.9714285714285714,0.0285714285714285,1.0,off_002725,4021
ALL,316,0.0785874160656553,0.9683544303797468,0.0316455696202531,1.0,off_002738,4021
ALL,317,0.0788361104202934,0.9684542586750788,0.0315457413249211,1.0,off_002746,4021
ALL,318,0.0790848047749316,0.9685534591194968,0.0314465408805031,1.0,off_002761,4021
ALL,319,0.0793334991295697,0.9686520376175548,0.0313479623824451,1.0,off_002767,4021
ALL,320,0.0795821934842079,0.96875,0.03125,1.0,off_002808,4021
ALL,321,0.079830887838846,0.968847352024922,0.0311526479750778,1.0,off_002814,4021
ALL,322,0.0800795821934842,0.968944099378882,0.031055900621118,1.0,off_002817,4021
ALL,323,0.0803282765481223,0.9690402476780186,0.0309597523219814,1.0,off_002818,4021
ALL,324,0.0805769709027605,0.9691358024691358,0.0308641975308641,1.0,off_002827,4021
ALL,325,0.0808256652573986,0.9692307692307692,0.0307692307692307,1.0,off_002829,4021
ALL,326,0.0810743596120368,0.9693251533742332,0.0306748466257668,1.0,off_002836,4021
ALL,327,0.0813230539666749,0.9694189602446484,0.0305810397553516,1.0,off_002842,4021
ALL,328,0.0815717483213131,0.9695121951219512,0.0304878048780487,1.0,off_002846,4021
ALL,329,0.0818204426759512,0.9696048632218844,0.0303951367781155,1.0,off_002849,4021
ALL,330,0.0820691370305894,0.9696969696969696,0.0303030303030303,1.0,off_002850,4021
ALL,331,0.0823178313852275,0.9697885196374624,0.0302114803625377,1.0,off_002856,4021
ALL,332,0.0825665257398657,0.9698795180722892,0.0301204819277108,1.0,off_002857,4021
ALL,333,0.0828152200945038,0.96996996996997,0.03003003003003,1.0,off_002871,4021
ALL,334,0.083063914449142,0.9700598802395208,0.029940119760479,1.0,off_002876,4021
ALL,335,0.0833126088037801,0.9671641791044776,0.0328358208955223,1.0,off_002882,4021
ALL,336,0.0835613031584183,0.9672619047619048,0.0327380952380952,1.0,off_002884,4021
ALL,337,0.0838099975130564,0.9673590504451038,0.0326409495548961,1.0,off_002887,4021
ALL,338,0.0840586918676946,0.9674556213017752,0.0325443786982248,1.0,off_002929,4021
ALL,339,0.0843073862223327,0.967551622418879,0.0324483775811209,1.0,off_002931,4021
ALL,340,0.0845560805769709,0.9676470588235294,0.0323529411764705,1.0,off_002937,4021
ALL,341,0.084804774931609,0.967741935483871,0.032258064516129,1.0,off_002958,4021
ALL,342,0.0850534692862472,0.9678362573099416,0.0321637426900584,1.0,off_002960,4021
ALL,343,0.0853021636408853,0.967930029154519,0.032069970845481,1.0,off_002961,4021
ALL,344,0.0855508579955235,0.9680232558139534,0.0319767441860465,1.0,off_002966,4021
ALL,345,0.0857995523501616,0.9681159420289857,0.0318840579710144,1.0,off_002981,4021
ALL,346,0.0860482467047998,0.9682080924855492,0.0317919075144508,1.0,off_002998,4021
ALL,347,0.0862969410594379,0.968299711815562,0.031700288184438,1.0,off_002999,4021
ALL,348,0.0865456354140761,0.9683908045977012,0.0316091954022988,1.0,off_003004,4021
ALL,349,0.0867943297687142,0.968481375358166,0.0315186246418338,1.0,off_003017,4021
ALL,350,0.0870430241233524,0.9685714285714284,0.0314285714285714,1.0,off_003032,4021
ALL,351,0.0872917184779905,0.9686609686609686,0.0313390313390313,1.0,off_003040,4021
ALL,352,0.0875404128326287,0.96875,0.03125,1.0,off_003048,4021
ALL,353,0.0877891071872668,0.9688385269121812,0.0311614730878186,1.0,off_003058,4021
ALL,354,0.0880378015419049,0.9689265536723164,0.0310734463276836,1.0,off_003076,4021
ALL,355,0.0882864958965431,0.9690140845070424,0.0309859154929577,1.0,off_003080,4021
ALL,356,0.0885351902511813,0.9691011235955056,0.0308988764044943,1.0,off_003082,4021
ALL,357,0.0887838846058194,0.969187675070028,0.0308123249299719,1.0,off_003085,4021
ALL,358,0.0890325789604576,0.9692737430167596,0.0307262569832402,1.0,off_003097,4021
ALL,359,0.0892812733150957,0.9693593314763232,0.0306406685236768,1.0,off_003102,4021
ALL,360,0.0895299676697339,0.9694444444444444,0.0305555555555555,1.0,off_003117,4021
ALL,361,0.089778662024372,0.969529085872576,0.0304709141274238,1.0,off_003125,4021
ALL,362,0.0900273563790102,0.9696132596685084,0.0303867403314917,1.0,off_003138,4021
ALL,363,0.0902760507336483,0.9696969696969696,0.0303030303030303,1.0,off_003147,4021
ALL,364,0.0905247450882864,0.9697802197802198,0.0302197802197802,1.0,off_003148,4021
ALL,365,0.0907734394429246,0.96986301369863,0.0301369863013698,1.0,off_003154,4021
ALL,366,0.0910221337975628,0.9699453551912568,0.0300546448087431,1.0,off_003156,4021
ALL,367,0.0912708281522009,0.9700272479564032,0.0299727520435967,1.0,off_003161,4021
ALL,368,0.091519522506839,0.970108695652174,0.029891304347826,1.0,off_003172,4021
ALL,369,0.0917682168614772,0.9701897018970188,0.029810298102981,1.0,off_003187,4021
ALL,370,0.0920169112161154,0.9702702702702702,0.0297297297297297,1.0,off_003192,4021
ALL,371,0.0922656055707535,0.9703504043126684,0.0296495956873315,1.0,off_003203,4021
ALL,372,0.0925142999253916,0.9704301075268816,0.0295698924731182,1.0,off_003216,4021
ALL,373,0.0927629942800298,0.970509383378016,0.0294906166219839,1.0,off_003223,4021
ALL,374,0.093011688634668,0.9705882352941176,0.0294117647058823,1.0,off_003226,4021
ALL,375,0.0932603829893061,0.9706666666666668,0.0293333333333333,1.0,off_003231,4021
ALL,376,0.0935090773439442,0.9707446808510638,0.0292553191489361,1.0,off_003271,4021
ALL,377,0.0937577716985824,0.9708222811671088,0.0291777188328912,1.0,off_003274,4021
ALL,378,0.0940064660532205,0.9708994708994708,0.0291005291005291,1.0,off_003281,4021
ALL,379,0.0942551604078587,0.9709762532981532,0.0290237467018469,1.0,off_003293,4021
ALL,380,0.0945038547624969,0.9710526315789474,0.0289473684210526,1.0,off_003295,4021
ALL,381,0.094752549117135,0.9711286089238844,0.0288713910761154,1.0,off_003303,4021
ALL,382,0.0950012434717731,0.9712041884816754,0.0287958115183246,1.0,off_003316,4021
ALL,383,0.0952499378264113,0.9712793733681462,0.0287206266318537,1.0,off_003324,4021
ALL,384,0.0954986321810495,0.9713541666666666,0.0286458333333333,1.0,off_003344,4021
ALL,385,0.0957473265356876,0.9714285714285714,0.0285714285714285,1.0,off_003348,4021
ALL,386,0.0959960208903257,0.9715025906735753,0.0284974093264248,1.0,off_003376,4021
ALL,387,0.0962447152449639,0.9715762273901808,0.0284237726098191,1.0,off_003380,4021
ALL,388,0.096493409599602,0.9716494845360824,0.0283505154639175,1.0,off_003401,4021
ALL,389,0.0967421039542402,0.9717223650385604,0.0282776349614395,1.0,off_003422,4021
ALL,390,0.0969907983088783,0.9717948717948718,0.0282051282051282,1.0,off_003428,4021
ALL,391,0.0972394926635165,0.9718670076726342,0.0281329923273657,1.0,off_003448,4021
ALL,392,0.0974881870181546,0.971938775510204,0.0280612244897959,1.0,off_003454,4021
ALL,393,0.0977368813727928,0.9720101781170484,0.0279898218829516,1.0,off_003486,4021
ALL,394,0.0979855757274309,0.9720812182741116,0.0279187817258883,1.0,off_003490,4021
ALL,395,0.0982342700820691,0.9721518987341772,0.0278481012658227,1.0,off_003495,4021
ALL,396,0.0984829644367072,0.9722222222222222,0.0277777777777777,1.0,off_003515,4021
ALL,397,0.0987316587913454,0.9722921914357684,0.0277078085642317,1.0,off_003526,4021
ALL,398,0.0989803531459835,0.9723618090452262,0.0276381909547738,1.0,off_003527,4021
ALL,399,0.0992290475006217,0.9724310776942356,0.0275689223057644,1.0,off_003540,4021
ALL,400,0.0994777418552598,0.9725,0.0275,1.0,off_003549,4021
ALL,401,0.099726436209898,0.970074812967581,0.0299251870324189,1.0,off_003552,4021
ALL,402,0.0999751305645361,0.9701492537313432,0.0298507462686567,1.0,off_003555,4021
ALL,403,0.1002238249191743,0.967741935483871,0.032258064516129,1.0,off_003564,4021
ALL,404,0.1004725192738124,0.9678217821782178,0.0321782178217821,1.0,off_003579,4021
ALL,405,0.1007212136284506,0.9679012345679012,0.0320987654320987,1.0,off_003597,4021
ALL,406,0.1009699079830887,0.9679802955665024,0.0320197044334975,1.0,off_003608,4021
ALL,407,0.1012186023377269,0.968058968058968,0.0319410319410319,1.0,off_003614,4021
ALL,408,0.101467296692365,0.9681372549019608,0.0318627450980392,1.0,off_003632,4021
ALL,409,0.1017159910470032,0.9657701711491442,0.0342298288508557,1.0,off_003640,4021
ALL,410,0.1019646854016413,0.9658536585365852,0.0341463414634146,1.0,off_003641,4021
ALL,411,0.1022133797562795,0.9659367396593674,0.0340632603406326,1.0,off_003672,4021
ALL,412,0.1024620741109176,0.9660194174757282,0.0339805825242718,1.0,off_003677,4021
ALL,413,0.1027107684655558,0.9661016949152542,0.0338983050847457,1.0,off_003678,4021
ALL,414,0.1029594628201939,0.966183574879227,0.0338164251207729,1.0,off_003687,4021
ALL,415,0.1032081571748321,0.9662650602409638,0.0337349397590361,1.0,off_003705,4021
ALL,416,0.1034568515294702,0.966346153846154,0.0336538461538461,1.0,off_003713,4021
ALL,417,0.1037055458841084,0.9664268585131894,0.0335731414868105,1.0,off_003730,4021
ALL,418,0.1039542402387465,0.9665071770334928,0.0334928229665071,1.0,off_003732,4021
ALL,419,0.1042029345933847,0.9665871121718376,0.0334128878281622,1.0,off_003741,4021
ALL,420,0.1044516289480228,0.9666666666666668,0.0333333333333333,1.0,off_003744,4021
ALL,421,0.104700323302661,0.9667458432304038,0.0332541567695962,1.0,off_003758,4021
ALL,422,0.1049490176572991,0.966824644549763,0.0331753554502369,1.0,off_003771,4021
ALL,423,0.1051977120119373,0.9645390070921984,0.0354609929078014,1.0,off_003773,4021
ALL,424,0.1054464063665754,0.964622641509434,0.035377358490566,1.0,off_003775,4021
ALL,425,0.1056951007212136,0.9647058823529412,0.0352941176470588,1.0,off_003797,4021
ALL,426,0.1059437950758517,0.9647887323943662,0.0352112676056338,1.0,off_003802,4021
ALL,427,0.1061924894304899,0.9648711943793912,0.0351288056206089,1.0,off_003809,4021
ALL,428,0.106441183785128,0.9649532710280374,0.0350467289719626,1.0,off_003810,4021
ALL,429,0.1066898781397662,0.965034965034965,0.0349650349650349,1.0,off_003830,4021
ALL,430,0.1069385724944043,0.9651162790697676,0.0348837209302325,1.0,off_003831,4021
ALL,431,0.1071872668490425,0.965197215777262,0.0348027842227378,1.0,off_003843,4021
ALL,432,0.1074359612036806,0.9652777777777778,0.0347222222222222,1.0,off_003847,4021
ALL,433,0.1076846555583188,0.9653579676674364,0.0346420323325635,1.0,off_003857,4021
ALL,434,0.1079333499129569,0.9654377880184332,0.0345622119815668,1.0,off_003859,4021
ALL,435,0.1081820442675951,0.9655172413793104,0.0344827586206896,1.0,off_003872,4021
ALL,436,0.1084307386222332,0.9655963302752294,0.0344036697247706,1.0,off_003879,4021
ALL,437,0.1086794329768714,0.965675057208238,0.034324942791762,1.0,off_003880,4021
ALL,438,0.1089281273315095,0.9657534246575342,0.0342465753424657,1.0,off_003896,4021
ALL,439,0.1091768216861477,0.9658314350797268,0.0341685649202733,1.0,off_003916,4021
ALL,440,0.1094255160407858,0.9659090909090908,0.034090909090909,1.0,off_003920,4021
ALL,441,0.109674210395424,0.9659863945578232,0.0340136054421768,1.0,off_003934,4021
ALL,442,0.1099229047500621,0.9660633484162896,0.0339366515837104,1.0,off_003947,4021
ALL,443,0.1101715991047003,0.9661399548532732,0.0338600451467268,1.0,off_003950,4021
ALL,444,0.1104202934593384,0.9662162162162162,0.0337837837837837,1.0,off_003963,4021
ALL,445,0.1106689878139766,0.9662921348314608,0.0337078651685393,1.0,off_003990,4021
ALL,446,0.1109176821686147,0.9663677130044844,0.0336322869955156,1.0,off_003993,4021
ALL,447,0.1111663765232529,0.9664429530201344,0.0335570469798657,1.0,off_003996,4021
ALL,448,0.111415070877891,0.9665178571428572,0.0334821428571428,1.0,off_004028,4021
ALL,449,0.1116637652325292,0.9665924276169264,0.0334075723830735,1.0,off_004032,4021
ALL,450,0.1119124595871673,0.9666666666666668,0.0333333333333333,1.0,off_004038,4021
ALL,451,0.1121611539418055,0.966740576496674,0.0332594235033259,1.0,off_004052,4021
ALL,452,0.1124098482964436,0.9668141592920354,0.0331858407079646,1.0,off_004069,4021
ALL,453,0.1126585426510818,0.9668874172185432,0.0331125827814569,1.0,off_004073,4021
ALL,454,0.1129072370057199,0.9669603524229076,0.0330396475770925,1.0,off_004089,4021
ALL,455,0.1131559313603581,0.967032967032967,0.0329670329670329,1.0,off_004104,4021
ALL,456,0.1134046257149962,0.9671052631578948,0.0328947368421052,1.0,off_004114,4021
ALL,457,0.1136533200696344,0.9671772428884028,0.0328227571115973,1.0,off_004116,4021
ALL,458,0.1139020144242725,0.9672489082969432,0.0327510917030567,1.0,off_004154,4021
ALL,459,0.1141507087789107,0.9673202614379084,0.0326797385620915,1.0,off_004169,4021
ALL,460,0.1143994031335488,0.967391304347826,0.0326086956521739,1.0,off_004185,4021
ALL,461,0.114648097488187,0.9674620390455532,0.0325379609544468,1.0,off_004188,4021
ALL,462,0.1148967918428251,0.9675324675324676,0.0324675324675324,1.0,off_004191,4021
ALL,463,0.1151454861974633,0.9676025917926566,0.0323974082073434,1.0,off_004192,4021
ALL,464,0.1153941805521014,0.9676724137931034,0.0323275862068965,1.0,off_004193,4021
ALL,465,0.1156428749067396,0.967741935483871,0.032258064516129,1.0,off_004204,4021
ALL,466,0.1158915692613777,0.9678111587982832,0.0321888412017167,1.0,off_004207,4021
ALL,467,0.1161402636160159,0.9678800856531048,0.032119914346895,1.0,off_004208,4021
ALL,468,0.116388957970654,0.967948717948718,0.032051282051282,1.0,off_004220,4021
ALL,469,0.1166376523252922,0.9680170575692963,0.0319829424307036,1.0,off_004228,4021
ALL,470,0.1168863466799303,0.9680851063829788,0.0319148936170212,1.0,off_004239,4021
ALL,471,0.1171350410345685,0.9660297239915074,0.0339702760084925,1.0,off_004246,4021
ALL,472,0.1173837353892066,0.9661016949152542,0.0338983050847457,1.0,off_004248,4021
ALL,473,0.1176324297438448,0.9661733615221988,0.0338266384778012,1.0,off_004260,4021
ALL,474,0.1178811240984829,0.9662447257383966,0.0337552742616033,1.0,off_004269,4021
ALL,475,0.1181298184531211,0.9663157894736842,0.0336842105263157,1.0,off_004301,4021
ALL,476,0.1183785128077592,0.9663865546218487,0.0336134453781512,1.0,off_004308,4021
ALL,477,0.1186272071623974,0.9664570230607966,0.0335429769392033,1.0,off_004316,4021
ALL,478,0.1188759015170355,0.9665271966527196,0.0334728033472803,1.0,off_004362,4021
ALL,479,0.1191245958716737,0.9665970772442588,0.0334029227557411,1.0,off_004364,4021
ALL,480,0.1193732902263118,0.9666666666666668,0.0333333333333333,1.0,off_004368,4021
ALL,481,0.11962198458095,0.9667359667359668,0.0332640332640332,1.0,off_004369,4021
ALL,482,0.1198706789355881,0.966804979253112,0.0331950207468879,1.0,off_004378,4021
ALL,483,0.1201193732902263,0.9668737060041408,0.0331262939958592,1.0,off_004381,4021
ALL,484,0.1203680676448644,0.9669421487603306,0.0330578512396694,1.0,off_004389,4021
ALL,485,0.1206167619995026,0.9670103092783504,0.0329896907216494,1.0,off_004390,4021
ALL,486,0.1208654563541407,0.9670781893004116,0.0329218106995884,1.0,off_004393,4021
ALL,487,0.1211141507087789,0.9671457905544149,0.0328542094455852,1.0,off_004396,4021
ALL,488,0.121362845063417,0.9672131147540984,0.0327868852459016,1.0,off_004397,4021
ALL,489,0.1216115394180552,0.967280163599182,0.032719836400818,1.0,off_004402,4021
ALL,490,0.1218602337726933,0.9673469387755104,0.0326530612244898,1.0,off_004407,4021
ALL,491,0.1221089281273315,0.9674134419551936,0.0325865580448065,1.0,off_004409,4021
ALL,492,0.1223576224819696,0.967479674796748,0.032520325203252,1.0,off_004412,4021
ALL,493,0.1226063168366078,0.9675456389452332,0.0324543610547667,1.0,off_004414,4021
ALL,494,0.1228550111912459,0.9676113360323888,0.0323886639676113,1.0,off_004425,4021
ALL,495,0.1231037055458841,0.9676767676767676,0.0323232323232323,1.0,off_004426,4021
ALL,496,0.1233523999005222,0.967741935483871,0.032258064516129,1.0,off_004440,4021
ALL,497,0.1236010942551604,0.9678068410462776,0.0321931589537223,1.0,off_004441,4021
ALL,498,0.1238497886097985,0.9678714859437751,0.0321285140562249,1.0,off_004450,4021
ALL,499,0.1240984829644367,0.9679358717434868,0.032064128256513,1.0,off_004454,4021
ALL,500,0.1243471773190748,0.968,0.032,1.0,off_004455,4021
ALL,501,0.124595871673713,0.9680638722554892,0.0319361277445109,1.0,off_004456,4021
ALL,502,0.1248445660283511,0.9681274900398408,0.0318725099601593,1.0,off_004466,4021
ALL,503,0.1250932603829893,0.9681908548707754,0.0318091451292246,1.0,off_004485,4021
ALL,504,0.1253419547376274,0.9682539682539684,0.0317460317460317,1.0,off_004503,4021
ALL,505,0.1255906490922656,0.9683168316831684,0.0316831683168316,1.0,off_004505,4021
ALL,506,0.1258393434469037,0.9683794466403162,0.0316205533596837,1.0,off_004514,4021
ALL,507,0.1260880378015419,0.9684418145956608,0.0315581854043392,1.0,off_004516,4021
ALL,508,0.12633673215618,0.968503937007874,0.0314960629921259,1.0,off_004523,4021
ALL,509,0.1265854265108182,0.9685658153241652,0.0314341846758349,1.0,off_004524,4021
ALL,510,0.1268341208654563,0.9686274509803922,0.0313725490196078,1.0,off_004537,4021
ALL,511,0.1270828152200945,0.9686888454011742,0.0313111545988258,1.0,off_004538,4021
ALL,512,0.1273315095747326,0.96875,0.03125,1.0,off_004550,4021
ALL,513,0.1275802039293708,0.9688109161793372,0.0311890838206627,1.0,off_004567,4021
ALL,514,0.1278288982840089,0.9688715953307392,0.0311284046692607,1.0,off_004569,4021
ALL,515,0.1280775926386471,0.9689320388349516,0.0310679611650485,1.0,off_004570,4021
ALL,516,0.1283262869932852,0.9689922480620154,0.0310077519379844,1.0,off_004576,4021
ALL,517,0.1285749813479234,0.9690522243713732,0.0309477756286266,1.0,off_004579,4021
ALL,518,0.1288236757025615,0.9691119691119692,0.0308880308880308,1.0,off_004582,4021
ALL,519,0.1290723700571997,0.9691714836223508,0.0308285163776493,1.0,off_004583,4021
ALL,520,0.1293210644118378,0.9692307692307692,0.0307692307692307,1.0,off_004584,4021
ALL,521,0.129569758766476,0.9673704414587332,0.0326295585412667,1.0,off_004608,4021
ALL,522,0.1298184531211141,0.9674329501915708,0.0325670498084291,1.0,off_004609,4021
ALL,523,0.1300671474757523,0.9674952198852772,0.0325047801147227,1.0,off_004613,4021
ALL,524,0.1303158418303904,0.9675572519083968,0.032442748091603,1.0,off_004622,4021
ALL,525,0.1305645361850286,0.9676190476190476,0.0323809523809523,1.0,off_004625,4021
ALL,526,0.1308132305396667,0.967680608365019,0.0323193916349809,1.0,off_004634,4021
ALL,527,0.1310619248943049,0.967741935483871,0.032258064516129,1.0,off_004637,4021
ALL,528,0.131310619248943,0.9678030303030304,0.0321969696969696,1.0,off_004642,4021
ALL,529,0.1315593136035812,0.9678638941398866,0.0321361058601134,1.0,off_004649,4021
ALL,530,0.1318080079582193,0.9679245283018868,0.0320754716981132,1.0,off_004655,4021
ALL,531,0.1320567023128575,0.967984934086629,0.032015065913371,1.0,off_004659,4021
ALL,532,0.1323053966674956,0.9680451127819548,0.0319548872180451,1.0,off_004666,4021
ALL,533,0.1325540910221338,0.9681050656660412,0.0318949343339587,1.0,off_004672,4021
ALL,534,0.1328027853767719,0.9681647940074908,0.0318352059925093,1.0,off_004688,4021
ALL,535,0.1330514797314101,0.9682242990654204,0.0317757009345794,1.0,off_004698,4021
ALL,536,0.1333001740860482,0.9682835820895522,0.0317164179104477,1.0,off_004701,4021
ALL,537,0.1335488684406864,0.968342644320298,0.031657355679702,1.0,off_004708,4021
ALL,538,0.1337975627953245,0.9684014869888476,0.0315985130111524,1.0,off_004720,4021
ALL,539,0.1340462571499626,0.9684601113172542,0.0315398886827458,1.0,off_004731,4021
ALL,540,0.1342949515046008,0.9685185185185186,0.0314814814814814,1.0,off_004742,4021
ALL,541,0.134543645859239,0.9685767097966728,0.0314232902033271,1.0,off_004755,4021
ALL,542,0.1347923402138771,0.9686346863468634,0.0313653136531365,1.0,off_004762,4021
ALL,543,0.1350410345685153,0.9686924493554327,0.0313075506445672,1.0,off_004765,4021
ALL,544,0.1352897289231534,0.96875,0.03125,1.0,off_004771,4021
ALL,545,0.1355384232777916,0.9688073394495412,0.0311926605504587,1.0,off_004774,4021
ALL,546,0.1357871176324297,0.9688644688644688,0.0311355311355311,1.0,off_004775,4021
ALL,547,0.1360358119870679,0.9689213893967094,0.0310786106032906,1.0,off_004787,4021
ALL,548,0.136284506341706,0.968978102189781,0.0310218978102189,1.0,off_004788,4021
ALL,549,0.1365332006963442,0.9690346083788708,0.0309653916211293,1.0,off_004798,4021
ALL,550,0.1367818950509823,0.9690909090909092,0.0309090909090909,1.0,off_004819,4021
ALL,551,0.1370305894056205,0.969147005444646,0.0308529945553539,1.0,off_004821,4021
ALL,552,0.1372792837602586,0.9692028985507246,0.0307971014492753,1.0,off_004822,4021
ALL,553,0.1375279781148967,0.9674502712477396,0.0325497287522604,1.0,off_004828,4021
ALL,554,0.1377766724695349,0.967509025270758,0.0324909747292418,1.0,off_004833,4021
ALL,555,0.1380253668241731,0.9675675675675676,0.0324324324324324,1.0,off_004836,4021
ALL,556,0.1382740611788112,0.9676258992805756,0.0323741007194244,1.0,off_004838,4021
ALL,557,0.1385227555334494,0.9676840215439856,0.0323159784560143,1.0,off_004840,4021
ALL,558,0.1387714498880875,0.967741935483871,0.032258064516129,1.0,off_004843,4021
ALL,559,0.1390201442427256,0.9677996422182468,0.0322003577817531,1.0,off_004886,4021
ALL,560,0.1392688385973638,0.9678571428571427,0.0321428571428571,1.0,off_004896,4021
ALL,561,0.1395175329520019,0.9679144385026738,0.0320855614973262,1.0,off_004910,4021
ALL,562,0.1397662273066401,0.9679715302491104,0.0320284697508896,1.0,off_004917,4021
ALL,563,0.1400149216612783,0.9680284191829484,0.0319715808170515,1.0,off_004921,4021
ALL,564,0.1402636160159164,0.9680851063829788,0.0319148936170212,1.0,off_004932,4021
ALL,565,0.1405123103705546,0.968141592920354,0.031858407079646,1.0,off_004963,4021
ALL,566,0.1407610047251927,0.9681978798586572,0.0318021201413427,1.0,off_004968,4021
ALL,567,0.1410096990798308,0.9682539682539684,0.0317460317460317,1.0,off_004983,4021
ALL,568,0.141258393434469,0.9683098591549296,0.0316901408450704,1.0,off_004990,4021
ALL,569,0.1415070877891072,0.968365553602812,0.031634446397188,1.0,off_004999,4021
ALL,570,0.1417557821437453,0.968421052631579,0.031578947368421,1.0,off_005007,4021
ALL,571,0.1420044764983835,0.968476357267951,0.031523642732049,1.0,off_005015,4021
ALL,572,0.1422531708530216,0.9685314685314684,0.0314685314685314,1.0,off_005021,4021
ALL,573,0.1425018652076597,0.9685863874345548,0.031413612565445,1.0,off_005028,4021
ALL,574,0.1427505595622979,0.9686411149825784,0.0313588850174216,1.0,off_005039,4021
ALL,575,0.142999253916936,0.9686956521739132,0.0313043478260869,1.0,off_005045,4021
ALL,576,0.1432479482715742,0.96875,0.03125,1.0,off_005062,4021
ALL,577,0.1434966426262124,0.9688041594454072,0.0311958405545927,1.0,off_005079,4021
ALL,578,0.1437453369808505,0.9688581314878892,0.0311418685121107,1.0,off_005084,4021
ALL,579,0.1439940313354887,0.9689119170984456,0.0310880829015544,1.0,off_005089,4021
ALL,580,0.1442427256901268,0.9689655172413794,0.0310344827586206,1.0,off_005104,4021
ALL,581,0.1444914200447649,0.9690189328743546,0.0309810671256454,1.0,off_005107,4021
ALL,582,0.1447401143994031,0.9690721649484536,0.0309278350515463,1.0,off_005109,4021
ALL,583,0.1449888087540412,0.967409948542024,0.0325900514579759,1.0,off_005115,4021
ALL,584,0.1452375031086794,0.9674657534246576,0.0325342465753424,1.0,off_005162,4021
ALL,585,0.1454861974633176,0.9675213675213676,0.0324786324786324,1.0,off_005184,4021
ALL,586,0.1457348918179557,0.9675767918088736,0.0324232081911262,1.0,off_005189,4021
ALL,587,0.1459835861725938,0.9676320272572402,0.0323679727427597,1.0,off_005228,4021
ALL,588,0.146232280527232,0.967687074829932,0.032312925170068,1.0,off_005248,4021
ALL,589,0.1464809748818701,0.967741935483871,0.032258064516129,1.0,off_005250,4021
ALL,590,0.1467296692365083,0.9677966101694916,0.0322033898305084,1.0,off_005273,4021
ALL,591,0.1469783635911465,0.9678510998307952,0.0321489001692047,1.0,off_005279,4021
ALL,592,0.1472270579457846,0.9662162162162162,0.0337837837837837,1.0,off_005301,4021
ALL,593,0.1474757523004227,0.9662731871838112,0.0337268128161888,1.0,off_005305,4021
ALL,594,0.1477244466550609,0.9663299663299664,0.0336700336700336,1.0,off_005314,4021
ALL,595,0.147973141009699,0.9663865546218487,0.0336134453781512,1.0,off_005316,4021
ALL,596,0.1482218353643372,0.964765100671141,0.035234899328859,1.0,off_005323,4021
ALL,597,0.1484705297189753,0.964824120603015,0.0351758793969849,1.0,off_005338,4021
ALL,598,0.1487192240736135,0.9648829431438128,0.0351170568561872,1.0,off_005347,4021
ALL,599,0.1489679184282517,0.9649415692821368,0.0350584307178631,1.0,off_005357,4021
ALL,600,0.1492166127828898,0.965,0.035,1.0,off_005358,4021
ALL,601,0.1494653071375279,0.9650582362728786,0.0349417637271214,1.0,off_005367,4021
ALL,602,0.1497140014921661,0.9651162790697676,0.0348837209302325,1.0,off_005381,4021
ALL,603,0.1499626958468042,0.965174129353234,0.0348258706467661,1.0,off_005382,4021
ALL,604,0.1502113902014424,0.9652317880794702,0.0347682119205298,1.0,off_005397,4021
ALL,605,0.1504600845560805,0.9652892561983472,0.0347107438016528,1.0,off_005409,4021
ALL,606,0.1507087789107187,0.9653465346534652,0.0346534653465346,1.0,off_005412,4021
ALL,607,0.1509574732653568,0.9654036243822076,0.0345963756177924,1.0,off_005414,4021
ALL,608,0.151206167619995,0.9654605263157896,0.0345394736842105,1.0,off_005415,4021
ALL,609,0.1514548619746331,0.9655172413793104,0.0344827586206896,1.0,off_005419,4021
ALL,610,0.1517035563292713,0.9655737704918032,0.0344262295081967,1.0,off_005457,4021
ALL,611,0.1519522506839094,0.9656301145662848,0.0343698854337152,1.0,off_005467,4021
ALL,612,0.1522009450385476,0.965686274509804,0.034313725490196,1.0,off_005472,4021
ALL,613,0.1524496393931858,0.965742251223491,0.0342577487765089,1.0,off_005474,4021
ALL,614,0.1526983337478239,0.9657980456026058,0.0342019543973941,1.0,off_005480,4021
ALL,615,0.152947028102462,0.9658536585365852,0.0341463414634146,1.0,off_005485,4021
ALL,616,0.1531957224571002,0.9659090909090908,0.034090909090909,1.0,off_005495,4021
ALL,617,0.1534444168117383,0.9659643435980552,0.0340356564019448,1.0,off_005503,4021
ALL,618,0.1536931111663765,0.9660194174757282,0.0339805825242718,1.0,off_005533,4021
ALL,619,0.1539418055210146,0.9660743134087236,0.0339256865912762,1.0,off_005544,4021
ALL,620,0.1541904998756528,0.9661290322580643,0.0338709677419354,1.0,off_005574,4021
ALL,621,0.1544391942302909,0.966183574879227,0.0338164251207729,1.0,off_005578,4021
ALL,622,0.1546878885849291,0.9662379421221864,0.0337620578778135,1.0,off_005589,4021
ALL,623,0.1549365829395672,0.9662921348314608,0.0337078651685393,1.0,off_005596,4021
ALL,624,0.1551852772942054,0.966346153846154,0.0336538461538461,1.0,off_005615,4021
ALL,625,0.1554339716488435,0.9664,0.0336,1.0,off_005616,4021
ALL,626,0.1556826660034817,0.9664536741214056,0.0335463258785942,1.0,off_005658,4021
ALL,627,0.1559313603581198,0.9665071770334928,0.0334928229665071,1.0,off_005682,4021
ALL,628,0.156180054712758,0.96656050955414,0.0334394904458598,1.0,off_005704,4021
ALL,629,0.1564287490673961,0.9666136724960256,0.0333863275039745,1.0,off_005710,4021
ALL,630,0.1566774434220343,0.9666666666666668,0.0333333333333333,1.0,off_005720,4021
ALL,631,0.1569261377766724,0.9667194928684628,0.0332805071315372,1.0,off_005723,4021
ALL,632,0.1571748321313106,0.9667721518987342,0.0332278481012658,1.0,off_005760,4021
ALL,633,0.1574235264859487,0.966824644549763,0.0331753554502369,1.0,off_005766,4021
ALL,634,0.1576722208405869,0.9668769716088328,0.0331230283911671,1.0,off_005784,4021
ALL,635,0.157920915195225,0.9669291338582676,0.0330708661417322,1.0,off_005787,4021
ALL,636,0.1581696095498632,0.9669811320754716,0.0330188679245283,1.0,off_005789,4021
ALL,637,0.1584183039045013,0.967032967032967,0.0329670329670329,1.0,off_005798,4021
ALL,638,0.1586669982591395,0.9670846394984326,0.0329153605015673,1.0,off_005802,4021
ALL,639,0.1589156926137776,0.9671361502347418,0.0328638497652582,1.0,off_005821,4021
ALL,640,0.1591643869684158,0.9671875,0.0328125,1.0,off_005822,4021
ALL,641,0.1594130813230539,0.967238689547582,0.0327613104524181,1.0,off_005832,4021
ALL,642,0.1596617756776921,0.9672897196261684,0.0327102803738317,1.0,off_005833,4021
ALL,643,0.1599104700323302,0.9673405909797824,0.0326594090202177,1.0,off_005845,4021
ALL,644,0.1601591643869684,0.967391304347826,0.0326086956521739,1.0,off_005850,4021
ALL,645,0.1604078587416065,0.9674418604651164,0.0325581395348837,1.0,off_005864,4021
ALL,646,0.1606565530962447,0.9674922600619196,0.0325077399380804,1.0,off_005878,4021
ALL,647,0.1609052474508828,0.9675425038639875,0.0324574961360123,1.0,off_005888,4021
ALL,648,0.161153941805521,0.9675925925925926,0.0324074074074074,1.0,off_005904,4021
ALL,649,0.1614026361601591,0.9676425269645608,0.0323574730354391,1.0,off_005906,4021
ALL,650,0.1616513305147973,0.9676923076923076,0.0323076923076923,1.0,off_005930,4021
ALL,651,0.1619000248694354,0.967741935483871,0.032258064516129,1.0,off_005931,4021
ALL,652,0.1621487192240736,0.9677914110429447,0.0322085889570552,1.0,off_005948,4021
ALL,653,0.1623974135787117,0.9678407350689128,0.0321592649310872,1.0,off_005952,4021
ALL,654,0.1626461079333499,0.9678899082568808,0.0321100917431192,1.0,off_005953,4021
ALL,655,0.162894802287988,0.96793893129771,0.03206106870229,1.0,off_005956,4021
ALL,656,0.1631434966426262,0.9679878048780488,0.0320121951219512,1.0,off_005959,4021
ALL,657,0.1633921909972643,0.9680365296803652,0.0319634703196347,1.0,off_005963,4021
ALL,658,0.1636408853519025,0.9680851063829788,0.0319148936170212,1.0,off_005965,4021
ALL,659,0.1638895797065406,0.9681335356600912,0.0318664643399089,1.0,off_005966,4021
ALL,660,0.1641382740611788,0.968181818181818,0.0318181818181818,1.0,off_005979,4021
ALL,661,0.1643869684158169,0.9682299546142208,0.0317700453857791,1.0,off_005984,4021
ALL,662,0.1646356627704551,0.9682779456193352,0.0317220543806646,1.0,off_006003,4021
ALL,663,0.1648843571250932,0.9683257918552036,0.0316742081447963,1.0,off_006017,4021
ALL,664,0.1651330514797314,0.9683734939759036,0.0316265060240963,1.0,off_006019,4021
ALL,665,0.1653817458343695,0.968421052631579,0.031578947368421,1.0,off_006023,4021
ALL,666,0.1656304401890077,0.9684684684684683,0.0315315315315315,1.0,off_006031,4021
ALL,667,0.1658791345436458,0.9685157421289357,0.0314842578710644,1.0,off_006032,4021
ALL,668,0.166127828898284,0.968562874251497,0.0314371257485029,1.0,off_006039,4021
ALL,669,0.1663765232529221,0.968609865470852,0.0313901345291479,1.0,off_006042,4021
ALL,670,0.1666252176075603,0.9686567164179104,0.0313432835820895,1.0,off_006061,4021
ALL,671,0.1668739119621984,0.9687034277198212,0.0312965722801788,1.0,off_006095,4021
ALL,672,0.1671226063168366,0.96875,0.03125,1.0,off_006098,4021
ALL,673,0.1673713006714747,0.9687964338781576,0.0312035661218424,1.0,off_006099,4021
ALL,674,0.1676199950261129,0.9688427299703264,0.0311572700296735,1.0,off_006111,4021
ALL,675,0.167868689380751,0.9688888888888888,0.0311111111111111,1.0,off_006112,4021
ALL,676,0.1681173837353892,0.9689349112426036,0.0310650887573964,1.0,off_006119,4021
ALL,677,0.1683660780900273,0.9689807976366324,0.0310192023633678,1.0,off_006121,4021
ALL,678,0.1686147724446655,0.9690265486725664,0.0309734513274336,1.0,off_006133,4021
ALL,679,0.1688634667993036,0.9690721649484536,0.0309278350515463,1.0,off_006141,4021
ALL,680,0.1691121611539418,0.9691176470588236,0.0308823529411764,1.0,off_006150,4021
ALL,681,0.1693608555085799,0.9676945668135096,0.0323054331864904,1.0,off_006159,4021
ALL,682,0.1696095498632181,0.967741935483871,0.032258064516129,1.0,off_006166,4021
ALL,683,0.1698582442178562,0.9663250366032212,0.0336749633967789,1.0,off_006170,4021
ALL,684,0.1701069385724944,0.966374269005848,0.033625730994152,1.0,off_006178,4021
ALL,685,0.1703556329271325,0.9664233576642336,0.0335766423357664,1.0,off_006183,4021
ALL,686,0.1706043272817707,0.9664723032069972,0.0335276967930029,1.0,off_006185,4021
ALL,687,0.1708530216364088,0.9665211062590976,0.0334788937409024,1.0,off_006193,4021
ALL,688,0.171101715991047,0.9665697674418604,0.0334302325581395,1.0,off_006205,4021
ALL,689,0.1713504103456851,0.9666182873730044,0.0333817126269956,1.0,off_006207,4021
ALL,690,0.1715991047003233,0.9666666666666668,0.0333333333333333,1.0,off_006222,4021
ALL,691,0.1718477990549614,0.9667149059334298,0.0332850940665701,1.0,off_006237,4021
ALL,692,0.1720964934095996,0.9667630057803468,0.0332369942196531,1.0,off_006240,4021
ALL,693,0.1723451877642377,0.9668109668109668,0.0331890331890331,1.0,off_006249,4021
ALL,694,0.1725938821188759,0.9668587896253602,0.0331412103746397,1.0,off_006275,4021
ALL,695,0.172842576473514,0.966906474820144,0.0330935251798561,1.0,off_006295,4021
ALL,696,0.1730912708281522,0.9669540229885056,0.0330459770114942,1.0,off_006298,4021
ALL,697,0.1733399651827903,0.9670014347202296,0.0329985652797704,1.0,off_006311,4021
ALL,698,0.1735886595374285,0.9670487106017192,0.0329512893982808,1.0,off_006317,4021
ALL,699,0.1738373538920666,0.9670958512160228,0.0329041487839771,1.0,off_006344,4021
ALL,700,0.1740860482467048,0.9671428571428572,0.0328571428571428,1.0,off_006354,4021
ALL,701,0.1743347426013429,0.9671897289586304,0.0328102710413694,1.0,off_006364,4021
ALL,702,0.1745834369559811,0.9672364672364672,0.0327635327635327,1.0,off_006369,4021
ALL,703,0.1748321313106192,0.9672830725462304,0.0327169274537695,1.0,off_006373,4021
ALL,704,0.1750808256652574,0.9673295454545454,0.0326704545454545,1.0,off_006382,4021
ALL,705,0.1753295200198955,0.9673758865248226,0.0326241134751773,1.0,off_006384,4021
ALL,706,0.1755782143745337,0.9674220963172804,0.0325779036827195,1.0,off_006388,4021
ALL,707,0.1758269087291718,0.9674681753889676,0.0325318246110325,1.0,off_006404,4021
ALL,708,0.1760756030838099,0.9675141242937854,0.0324858757062146,1.0,off_006405,4021
ALL,709,0.1763242974384481,0.9675599435825106,0.0324400564174894,1.0,off_006406,4021
ALL,710,0.1765729917930863,0.967605633802817,0.0323943661971831,1.0,off_006410,4021
ALL,711,0.1768216861477244,0.9676511954992968,0.0323488045007032,1.0,off_006415,4021
ALL,712,0.1770703805023626,0.9676966292134832,0.0323033707865168,1.0,off_006416,4021
ALL,713,0.1773190748570007,0.967741935483871,0.032258064516129,1.0,off_006420,4021
ALL,714,0.1775677692116389,0.9677871148459384,0.0322128851540616,1.0,off_006426,4021
ALL,715,0.177816463566277,0.967832167832168,0.0321678321678321,1.0,off_006430,4021
ALL,716,0.1780651579209152,0.9678770949720672,0.0321229050279329,1.0,off_006448,4021
ALL,717,0.1783138522755533,0.9679218967921897,0.0320781032078103,1.0,off_006461,4021
ALL,718,0.1785625466301915,0.967966573816156,0.032033426183844,1.0,off_006470,4021
ALL,719,0.1788112409848296,0.9680111265646733,0.0319888734353268,1.0,off_006501,4021
ALL,720,0.1790599353394678,0.9680555555555556,0.0319444444444444,1.0,off_006515,4021
ALL,721,0.1793086296941059,0.9680998613037448,0.0319001386962552,1.0,off_006518,4021
ALL,722,0.179557324048744,0.9681440443213296,0.0318559556786703,1.0,off_006519,4021
ALL,723,0.1798060184033822,0.9681881051175656,0.0318118948824343,1.0,off_006554,4021
ALL,724,0.1800547127580204,0.968232044198895,0.0317679558011049,1.0,off_006561,4021
ALL,725,0.1803034071126585,0.9682758620689657,0.0317241379310344,1.0,off_006562,4021
ALL,726,0.1805521014672967,0.96831955922865,0.0316804407713498,1.0,off_006579,4021
ALL,727,0.1808007958219348,0.968363136176066,0.0316368638239339,1.0,off_006604,4021
ALL,728,0.1810494901765729,0.9684065934065934,0.0315934065934065,1.0,off_006624,4021
ALL,729,0.1812981845312111,0.9684499314128944,0.0315500685871056,1.0,off_006626,4021
ALL,730,0.1815468788858492,0.9684931506849316,0.0315068493150684,1.0,off_006629,4021
ALL,731,0.1817955732404874,0.9685362517099864,0.0314637482900136,1.0,off_006644,4021
ALL,732,0.1820442675951256,0.9685792349726776,0.0314207650273224,1.0,off_006648,4021
ALL,733,0.1822929619497637,0.9672578444747612,0.0327421555252387,1.0,off_006654,4021
ALL,734,0.1825416563044019,0.9673024523160764,0.0326975476839237,1.0,off_006664,4021
ALL,735,0.18279035065904,0.9673469387755104,0.0326530612244898,1.0,off_006679,4021
ALL,736,0.1830390450136781,0.967391304347826,0.0326086956521739,1.0,off_006705,4021
ALL,737,0.1832877393683163,0.9674355495251018,0.0325644504748982,1.0,off_006710,4021
ALL,738,0.1835364337229545,0.967479674796748,0.032520325203252,1.0,off_006711,4021
ALL,739,0.1837851280775926,0.9675236806495264,0.0324763193504736,1.0,off_006712,4021
ALL,740,0.1840338224322308,0.9675675675675676,0.0324324324324324,1.0,off_006722,4021
ALL,741,0.1842825167868689,0.9676113360323888,0.0323886639676113,1.0,off_006733,4021
ALL,742,0.184531211141507,0.967654986522911,0.0323450134770889,1.0,off_006734,4021
ALL,743,0.1847799054961452,0.9676985195154778,0.0323014804845222,1.0,off_006767,4021
ALL,744,0.1850285998507833,0.967741935483871,0.032258064516129,1.0,off_006772,4021
ALL,745,0.1852772942054215,0.9677852348993288,0.0322147651006711,1.0,off_006793,4021
ALL,746,0.1855259885600597,0.967828418230563,0.032171581769437,1.0,off_006802,4021
ALL,747,0.1857746829146978,0.9678714859437751,0.0321285140562249,1.0,off_006833,4021
ALL,748,0.186023377269336,0.9679144385026738,0.0320855614973262,1.0,off_006843,4021
ALL,749,0.1862720716239741,0.9679572763684912,0.0320427236315086,1.0,off_006844,4021
ALL,750,0.1865207659786122,0.968,0.032,1.0,off_006867,4021
ALL,751,0.1867694603332504,0.9680426098535286,0.0319573901464713,1.0,off_006868,4021
ALL,752,0.1870181546878885,0.9680851063829788,0.0319148936170212,1.0,off_006873,4021
ALL,753,0.1872668490425267,0.9681274900398408,0.0318725099601593,1.0,off_006875,4021
ALL,754,0.1875155433971649,0.9681697612732096,0.0318302387267904,1.0,off_006891,4021
ALL,755,0.187764237751803,0.9682119205298012,0.0317880794701986,1.0,off_006902,4021
ALL,756,0.1880129321064411,0.9682539682539684,0.0317460317460317,1.0,off_006904,4021
ALL,757,0.1882616264610793,0.9682959048877148,0.0317040951122853,1.0,off_006920,4021
ALL,758,0.1885103208157174,0.9683377308707124,0.0316622691292876,1.0,off_006921,4021
ALL,759,0.1887590151703556,0.9683794466403162,0.0316205533596837,1.0,off_006930,4021
ALL,760,0.1890077095249938,0.968421052631579,0.031578947368421,1.0,off_006943,4021
ALL,761,0.1892564038796319,0.9684625492772668,0.0315374507227332,1.0,off_006954,4021
ALL,762,0.1895050982342701,0.968503937007874,0.0314960629921259,1.0,off_006958,4021
ALL,763,0.1897537925889082,0.9685452162516384,0.0314547837483617,1.0,off_006963,4021
ALL,764,0.1900024869435463,0.9685863874345548,0.031413612565445,1.0,off_006965,4021
ALL,765,0.1902511812981845,0.9686274509803922,0.0313725490196078,1.0,off_006976,4021
ALL,766,0.1904998756528226,0.9686684073107048,0.031331592689295,1.0,off_006996,4021
ALL,767,0.1907485700074608,0.96870925684485,0.0312907431551499,1.0,off_007001,4021
ALL,768,0.190997264362099,0.96875,0.03125,1.0,off_007003,4021
ALL,769,0.1912459587167371,0.9687906371911572,0.0312093628088426,1.0,off_007017,4021
ALL,770,0.1914946530713752,0.9688311688311688,0.0311688311688311,1.0,off_007020,4021
ALL,771,0.1917433474260134,0.9688715953307392,0.0311284046692607,1.0,off_007021,4021
ALL,772,0.1919920417806515,0.9689119170984456,0.0310880829015544,1.0,off_007025,4021
ALL,773,0.1922407361352897,0.9689521345407504,0.0310478654592496,1.0,off_007029,4021
ALL,774,0.1924894304899278,0.9689922480620154,0.0310077519379844,1.0,off_007041,4021
ALL,775,0.192738124844566,0.969032258064516,0.0309677419354838,1.0,off_007057,4021
ALL,776,0.1929868191992041,0.9690721649484536,0.0309278350515463,1.0,off_007073,4021
ALL,777,0.1932355135538423,0.9691119691119692,0.0308880308880308,1.0,off_007076,4021
ALL,778,0.1934842079084804,0.9691516709511568,0.0308483290488431,1.0,off_007080,4021
ALL,779,0.1937329022631186,0.9691912708600772,0.0308087291399229,1.0,off_007081,4021
ALL,780,0.1939815966177567,0.9692307692307692,0.0307692307692307,1.0,off_007120,4021
ALL,781,0.1942302909723949,0.969270166453265,0.0307298335467349,1.0,off_007123,4021
ALL,782,0.1944789853270331,0.969309462915601,0.0306905370843989,1.0,off_007130,4021
ALL,783,0.1947276796816712,0.9693486590038314,0.0306513409961685,1.0,off_007131,4021
ALL,784,0.1949763740363093,0.9693877551020408,0.0306122448979591,1.0,off_007145,4021
ALL,785,0.1952250683909475,0.9694267515923568,0.0305732484076433,1.0,off_007151,4021
ALL,786,0.1954737627455856,0.9694656488549618,0.0305343511450381,1.0,off_007155,4021
ALL,787,0.1957224571002238,0.9695044472681068,0.0304955527318932,1.0,off_007158,4021
ALL,788,0.1959711514548619,0.9695431472081218,0.0304568527918781,1.0,off_007172,4021
ALL,789,0.1962198458095001,0.9695817490494296,0.0304182509505703,1.0,off_007179,4021
ALL,790,0.1964685401641382,0.9696202531645568,0.030379746835443,1.0,off_007186,4021
ALL,791,0.1967172345187764,0.9696586599241468,0.0303413400758533,1.0,off_007197,4021
ALL,792,0.1969659288734145,0.9696969696969696,0.0303030303030303,1.0,off_007214,4021
ALL,793,0.1972146232280527,0.969735182849937,0.030264817150063,1.0,off_007228,4021
ALL,794,0.1974633175826908,0.9697732997481108,0.0302267002518891,1.0,off_007252,4021
ALL,795,0.197712011937329,0.969811320754717,0.030188679245283,1.0,off_007286,4021
ALL,796,0.1979607062919671,0.9698492462311558,0.0301507537688442,1.0,off_007317,4021
ALL,797,0.1982094006466053,0.9698870765370138,0.0301129234629861,1.0,off_007319,4021
ALL,798,0.1984580950012434,0.9699248120300752,0.0300751879699248,1.0,off_007337,4021
ALL,799,0.1987067893558816,0.9699624530663328,0.030037546933667,1.0,off_007340,4021
ALL,800,0.1989554837105197,0.97,0.03,1.0,off_007345,4021
ALL,801,0.1992041780651579,0.9700374531835206,0.0299625468164794,1.0,off_007350,4021
ALL,802,0.199452872419796,0.970074812967581,0.0299251870324189,1.0,off_007385,4021
ALL,803,0.1997015667744342,0.9701120797011208,0.0298879202988792,1.0,off_007396,4021
ALL,804,0.1999502611290723,0.9701492537313432,0.0298507462686567,1.0,off_007425,4021
ALL,805,0.2001989554837105,0.9701863354037268,0.0298136645962732,1.0,off_007426,4021
ALL,806,0.2004476498383486,0.9702233250620348,0.0297766749379652,1.0,off_007450,4021
ALL,807,0.2006963441929868,0.9702602230483272,0.0297397769516728,1.0,off_007460,4021
ALL,808,0.2009450385476249,0.9702970297029704,0.0297029702970297,1.0,off_007467,4021
ALL,809,0.2011937329022631,0.9703337453646476,0.0296662546353522,1.0,off_007494,4021
ALL,810,0.2014424272569012,0.9703703703703704,0.0296296296296296,1.0,off_007495,4021
ALL,811,0.2016911216115394,0.9704069050554872,0.0295930949445129,1.0,off_007497,4021
ALL,812,0.2019398159661775,0.9704433497536946,0.0295566502463054,1.0,off_007503,4021
ALL,813,0.2021885103208157,0.970479704797048,0.029520295202952,1.0,off_007515,4021
ALL,814,0.2024372046754538,0.9705159705159704,0.0294840294840294,1.0,off_007520,4021
ALL,815,0.202685899030092,0.9705521472392638,0.0294478527607361,1.0,off_007527,4021
ALL,816,0.2029345933847301,0.9705882352941176,0.0294117647058823,1.0,off_007560,4021
ALL,817,0.2031832877393683,0.97062423500612,0.02937576499388,1.0,off_007561,4021
ALL,818,0.2034319820940064,0.9706601466992664,0.0293398533007334,1.0,off_007572,4021
ALL,819,0.2036806764486446,0.9706959706959708,0.0293040293040293,1.0,off_007590,4021
ALL,820,0.2039293708032827,0.9707317073170731,0.0292682926829268,1.0,off_007592,4021
ALL,821,0.2041780651579209,0.9707673568818516,0.0292326431181485,1.0,off_007593,4021
ALL,822,0.204426759512559,0.9708029197080292,0.0291970802919708,1.0,off_007594,4021
ALL,823,0.2046754538671972,0.970838396111786,0.0291616038882138,1.0,off_007601,4021
ALL,824,0.2049241482218353,0.970873786407767,0.029126213592233,1.0,off_007603,4021
ALL,825,0.2051728425764735,0.9709090909090908,0.029090909090909,1.0,off_007604,4021
ALL,826,0.2054215369311116,0.9709443099273608,0.0290556900726392,1.0,off_007614,4021
ALL,827,0.2056702312857498,0.9709794437726724,0.0290205562273276,1.0,off_007625,4021
ALL,828,0.2059189256403879,0.9710144927536232,0.0289855072463768,1.0,off_007629,4021
ALL,829,0.2061676199950261,0.971049457177322,0.0289505428226779,1.0,off_007633,4021
ALL,830,0.2064163143496642,0.9710843373493976,0.0289156626506024,1.0,off_007638,4021
ALL,831,0.2066650087043024,0.9711191335740073,0.0288808664259927,1.0,off_007645,4021
ALL,832,0.2069137030589405,0.9699519230769232,0.0300480769230769,1.0,off_007655,4021
ALL,833,0.2071623974135787,0.9699879951980792,0.0300120048019207,1.0,off_007656,4021
ALL,834,0.2074110917682168,0.9700239808153476,0.0299760191846522,1.0,off_007658,4021
ALL,835,0.207659786122855,0.9700598802395208,0.029940119760479,1.0,off_007664,4021
ALL,836,0.2079084804774931,0.9700956937799045,0.0299043062200956,1.0,off_007674,4021
ALL,837,0.2081571748321313,0.970131421744325,0.029868578255675,1.0,off_007680,4021
ALL,838,0.2084058691867694,0.9701670644391408,0.0298329355608591,1.0,off_007712,4021
ALL,839,0.2086545635414076,0.9702026221692492,0.0297973778307508,1.0,off_007714,4021
ALL,840,0.2089032578960457,0.9702380952380952,0.0297619047619047,1.0,off_007728,4021
ALL,841,0.2091519522506839,0.9702734839476812,0.0297265160523186,1.0,off_007752,4021
ALL,842,0.209400646605322,0.9703087885985748,0.0296912114014251,1.0,off_007755,4021
ALL,843,0.2096493409599602,0.970344009489917,0.029655990510083,1.0,off_007763,4021
ALL,844,0.2098980353145983,0.9703791469194312,0.0296208530805687,1.0,off_007777,4021
ALL,845,0.2101467296692365,0.970414201183432,0.029585798816568,1.0,off_007794,4021
ALL,846,0.2103954240238746,0.9704491725768322,0.0295508274231678,1.0,off_007796,4021
ALL,847,0.2106441183785128,0.9704840613931524,0.0295159386068477,1.0,off_007816,4021
ALL,848,0.2108928127331509,0.9705188679245284,0.0294811320754717,1.0,off_007821,4021
ALL,849,0.2111415070877891,0.9705535924617196,0.0294464075382803,1.0,off_007823,4021
ALL,850,0.2113902014424272,0.9705882352941176,0.0294117647058823,1.0,off_007828,4021
ALL,851,0.2116388957970654,0.9706227967097532,0.0293772032902467,1.0,off_007835,4021
ALL,852,0.2118875901517035,0.9706572769953052,0.0293427230046948,1.0,off_007870,4021
ALL,853,0.2121362845063417,0.970691676436108,0.0293083235638921,1.0,off_007883,4021
ALL,854,0.2123849788609798,0.9695550351288056,0.0304449648711943,1.0,off_007886,4021
ALL,855,0.212633673215618,0.9695906432748538,0.0304093567251462,1.0,off_007905,4021
ALL,856,0.2128823675702561,0.969626168224299,0.0303738317757009,1.0,off_007907,4021
ALL,857,0.2131310619248943,0.969661610268378,0.0303383897316219,1.0,off_007909,4021
ALL,858,0.2133797562795324,0.9696969696969696,0.0303030303030303,1.0,off_007911,4021
ALL,859,0.2136284506341706,0.969732246798603,0.0302677532013969,1.0,off_007917,4021
ALL,860,0.2138771449888087,0.9697674418604652,0.0302325581395348,1.0,off_007925,4021
ALL,861,0.2141258393434469,0.9698025551684089,0.0301974448315911,1.0,off_007932,4021
ALL,862,0.214374533698085,0.9698375870069604,0.0301624129930394,1.0,off_007934,4021
ALL,863,0.2146232280527232,0.9687137891077636,0.0312862108922363,1.0,off_007942,4021
ALL,864,0.2148719224073613,0.96875,0.03125,1.0,off_007943,4021
ALL,865,0.2151206167619995,0.96878612716763,0.0312138728323699,1.0,off_007946,4021
ALL,866,0.2153693111166376,0.9688221709006928,0.0311778290993071,1.0,off_007957,4021
ALL,867,0.2156180054712758,0.9688581314878892,0.0311418685121107,1.0,off_007967,4021
ALL,868,0.2158666998259139,0.96889400921659,0.0311059907834101,1.0,off_007974,4021
ALL,869,0.2161153941805521,0.9689298043728424,0.0310701956271576,1.0,off_007977,4021
ALL,870,0.2163640885351902,0.9689655172413794,0.0310344827586206,1.0,off_007993,4021
ALL,871,0.2166127828898284,0.9690011481056258,0.0309988518943742,1.0,off_007997,4021
ALL,872,0.2168614772444665,0.9690366972477064,0.0309633027522935,1.0,off_007998,4021
ALL,873,0.2171101715991047,0.9690721649484536,0.0309278350515463,1.0,off_008001,4021
ALL,874,0.2173588659537428,0.9691075514874142,0.0308924485125858,1.0,off_008002,4021
ALL,875,0.217607560308381,0.9691428571428572,0.0308571428571428,1.0,off_008004,4021
ALL,876,0.2178562546630191,0.9691780821917808,0.0308219178082191,1.0,off_008009,4021
ALL,877,0.2181049490176573,0.9692132269099202,0.0307867730900798,1.0,off_008022,4021
ALL,878,0.2183536433722954,0.969248291571754,0.030751708428246,1.0,off_008030,4021
ALL,879,0.2186023377269336,0.969283276450512,0.030716723549488,1.0,off_008031,4021
ALL,880,0.2188510320815717,0.969318181818182,0.0306818181818181,1.0,off_008032,4021
ALL,881,0.2190997264362099,0.9693530079455164,0.0306469920544835,1.0,off_008034,4021
ALL,882,0.219348420790848,0.9693877551020408,0.0306122448979591,1.0,off_008041,4021
ALL,883,0.2195971151454862,0.9694224235560588,0.0305775764439411,1.0,off_008044,4021
ALL,884,0.2198458095001243,0.9694570135746606,0.0305429864253393,1.0,off_008071,4021
ALL,885,0.2200945038547625,0.9694915254237289,0.0305084745762711,1.0,off_008077,4021
ALL,886,0.2203431982094006,0.9695259593679458,0.0304740406320541,1.0,off_008079,4021
ALL,887,0.2205918925640388,0.9695603156708004,0.0304396843291995,1.0,off_008096,4021
ALL,888,0.2208405869186769,0.9695945945945946,0.0304054054054054,1.0,off_008098,4021
ALL,889,0.2210892812733151,0.96962879640045,0.03037120359955,1.0,off_008099,4021
ALL,890,0.2213379756279532,0.9696629213483146,0.0303370786516853,1.0,off_008110,4021
ALL,891,0.2215866699825913,0.9696969696969696,0.0303030303030303,1.0,off_008111,4021
ALL,892,0.2218353643372295,0.9697309417040358,0.0302690582959641,1.0,off_008121,4021
ALL,893,0.2220840586918677,0.96976483762598,0.0302351623740201,1.0,off_008122,4021
ALL,894,0.2223327530465058,0.9697986577181208,0.0302013422818791,1.0,off_008143,4021
ALL,895,0.222581447401144,0.9698324022346368,0.0301675977653631,1.0,off_008162,4021
ALL,896,0.2228301417557821,0.9698660714285714,0.0301339285714285,1.0,off_008165,4021
ALL,897,0.2230788361104203,0.9698996655518396,0.0301003344481605,1.0,off_008169,4021
ALL,898,0.2233275304650584,0.9699331848552338,0.0300668151447661,1.0,off_008176,4021
ALL,899,0.2235762248196966,0.9699666295884316,0.0300333704115684,1.0,off_008185,4021
ALL,900,0.2238249191743347,0.97,0.03,1.0,off_008192,4021
ALL,901,0.2240736135289729,0.9700332963374028,0.0299667036625971,1.0,off_008199,4021
ALL,902,0.224322307883611,0.9700665188470068,0.0299334811529933,1.0,off_008201,4021
ALL,903,0.2245710022382492,0.9700996677740864,0.0299003322259136,1.0,off_008207,4021
ALL,904,0.2248196965928873,0.9701327433628318,0.0298672566371681,1.0,off_008218,4021
ALL,905,0.2250683909475254,0.9701657458563536,0.0298342541436464,1.0,off_008241,4021
ALL,906,0.2253170853021636,0.9701986754966888,0.0298013245033112,1.0,off_008250,4021
ALL,907,0.2255657796568018,0.9702315325248072,0.0297684674751929,1.0,off_008271,4021
ALL,908,0.2258144740114399,0.9702643171806168,0.0297356828193832,1.0,off_008276,4021
ALL,909,0.2260631683660781,0.9702970297029704,0.0297029702970297,1.0,off_008284,4021
ALL,910,0.2263118627207162,0.9703296703296704,0.0296703296703296,1.0,off_008291,4021
ALL,911,0.2265605570753543,0.9703622392974752,0.0296377607025246,1.0,off_008294,4021
ALL,912,0.2268092514299925,0.9703947368421052,0.0296052631578947,1.0,off_008295,4021
ALL,913,0.2270579457846306,0.9704271631982476,0.0295728368017524,1.0,off_008308,4021
ALL,914,0.2273066401392688,0.9704595185995624,0.0295404814004376,1.0,off_008311,4021
ALL,915,0.227555334493907,0.9704918032786886,0.0295081967213114,1.0,off_008312,4021
ALL,916,0.2278040288485451,0.9705240174672488,0.029475982532751,1.0,off_008313,4021
ALL,917,0.2280527232031833,0.970556161395856,0.0294438386041439,1.0,off_008322,4021
ALL,918,0.2283014175578214,0.9705882352941176,0.0294117647058823,1.0,off_008328,4021
ALL,919,0.2285501119124595,0.970620239390642,0.029379760609358,1.0,off_008350,4021
ALL,920,0.2287988062670977,0.9706521739130436,0.0293478260869565,1.0,off_008361,4021
ALL,921,0.2290475006217359,0.970684039087948,0.0293159609120521,1.0,off_008362,4021
ALL,922,0.229296194976374,0.9707158351409978,0.0292841648590021,1.0,off_008365,4021
ALL,923,0.2295448893310122,0.970747562296858,0.0292524377031419,1.0,off_008372,4021
ALL,924,0.2297935836856503,0.9707792207792209,0.0292207792207792,1.0,off_008385,4021
ALL,925,0.2300422780402884,0.9708108108108108,0.0291891891891891,1.0,off_008386,4021
ALL,926,0.2302909723949266,0.9708423326133908,0.029157667386609,1.0,off_008404,4021
ALL,927,0.2305396667495647,0.970873786407767,0.029126213592233,1.0,off_008418,4021
ALL,928,0.2307883611042029,0.9709051724137931,0.0290948275862068,1.0,off_008434,4021
ALL,929,0.2310370554588411,0.9709364908503768,0.0290635091496232,1.0,off_008437,4021
ALL,930,0.2312857498134792,0.970967741935484,0.0290322580645161,1.0,off_008459,4021
ALL,931,0.2315344441681174,0.970998925886144,0.029001074113856,1.0,off_008460,4021
ALL,932,0.2317831385227555,0.971030042918455,0.028969957081545,1.0,off_008462,4021
ALL,933,0.2320318328773936,0.9710610932475884,0.0289389067524115,1.0,off_008487,4021
ALL,934,0.2322805272320318,0.9710920770877944,0.0289079229122055,1.0,off_008499,4021
ALL,935,0.2325292215866699,0.9711229946524064,0.0288770053475935,1.0,off_008508,4021
ALL,936,0.2327779159413081,0.971153846153846,0.0288461538461538,1.0,off_008509,4021
ALL,937,0.2330266102959463,0.9711846318036286,0.0288153681963714,1.0,off_008512,4021
ALL,938,0.2332753046505844,0.9712153518123668,0.0287846481876332,1.0,off_008514,4021
ALL,939,0.2335239990052225,0.9712460063897764,0.0287539936102236,1.0,off_008525,4021
ALL,940,0.2337726933598607,0.9712765957446808,0.0287234042553191,1.0,off_008527,4021
ALL,941,0.2340213877144988,0.971307120085016,0.028692879914984,1.0,off_008529,4021
ALL,942,0.234270082069137,0.9713375796178344,0.0286624203821656,1.0,off_008540,4021
ALL,943,0.2345187764237752,0.9713679745493108,0.0286320254506892,1.0,off_008548,4021
ALL,944,0.2347674707784133,0.9713983050847458,0.0286016949152542,1.0,off_008560,4021
ALL,945,0.2350161651330514,0.9714285714285714,0.0285714285714285,1.0,off_008573,4021
ALL,946,0.2352648594876896,0.9714587737843552,0.0285412262156448,1.0,off_008580,4021
ALL,947,0.2355135538423277,0.9714889123548046,0.0285110876451953,1.0,off_008582,4021
ALL,948,0.2357622481969659,0.9704641350210972,0.0295358649789029,1.0,off_008590,4021
ALL,949,0.236010942551604,0.9704952581664912,0.0295047418335089,1.0,off_008599,4021
ALL,950,0.2362596369062422,0.9705263157894736,0.0294736842105263,1.0,off_008603,4021
ALL,951,0.2365083312608804,0.9705573080967402,0.0294426919032597,1.0,off_008604,4021
ALL,952,0.2367570256155185,0.9705882352941176,0.0294117647058823,1.0,off_008613,4021
ALL,953,0.2370057199701566,0.9706190975865688,0.0293809024134312,1.0,off_008625,4021
ALL,954,0.2372544143247948,0.9706498951781972,0.0293501048218029,1.0,off_008626,4021
ALL,955,0.2375031086794329,0.9706806282722512,0.0293193717277486,1.0,off_008627,4021
ALL,956,0.2377518030340711,0.9707112970711296,0.0292887029288702,1.0,off_008631,4021
ALL,957,0.2380004973887092,0.9696969696969696,0.0303030303030303,1.0,off_008634,4021
ALL,958,0.2382491917433474,0.9697286012526096,0.0302713987473903,1.0,off_008639,4021
ALL,959,0.2384978860979855,0.9697601668404588,0.0302398331595411,1.0,off_008640,4021
ALL,960,0.2387465804526237,0.9697916666666668,0.0302083333333333,1.0,off_008641,4021
ALL,961,0.2389952748072618,0.9687825182101976,0.0312174817898022,1.0,off_008646,4021
ALL,962,0.2392439691619,0.9688149688149688,0.0311850311850311,1.0,off_008664,4021
ALL,963,0.2394926635165381,0.968847352024922,0.0311526479750778,1.0,off_008674,4021
ALL,964,0.2397413578711763,0.9688796680497924,0.0311203319502074,1.0,off_008693,4021
ALL,965,0.2399900522258145,0.9689119170984456,0.0310880829015544,1.0,off_008694,4021
ALL,966,0.2402387465804526,0.968944099378882,0.031055900621118,1.0,off_008713,4021
ALL,967,0.2404874409350907,0.96794208893485,0.0320579110651499,1.0,off_008722,4021
ALL,968,0.2407361352897289,0.9679752066115702,0.0320247933884297,1.0,off_008748,4021
ALL,969,0.240984829644367,0.9680082559339526,0.0319917440660474,1.0,off_008758,4021
ALL,970,0.2412335239990052,0.968041237113402,0.0319587628865979,1.0,off_008775,4021
ALL,971,0.2414822183536433,0.9680741503604532,0.0319258496395468,1.0,off_008778,4021
ALL,972,0.2417309127082815,0.9681069958847736,0.0318930041152263,1.0,off_008782,4021
ALL,973,0.2419796070629196,0.9681397738951696,0.0318602261048304,1.0,off_008800,4021
ALL,974,0.2422283014175578,0.9681724845995894,0.0318275154004106,1.0,off_008801,4021
ALL,975,0.2424769957721959,0.9682051282051282,0.0317948717948717,1.0,off_008803,4021
ALL,976,0.2427256901268341,0.9682377049180328,0.0317622950819672,1.0,off_008807,4021
ALL,977,0.2429743844814722,0.9682702149437052,0.0317297850562947,1.0,off_008824,4021
ALL,978,0.2432230788361104,0.9683026584867076,0.0316973415132924,1.0,off_008825,4021
ALL,979,0.2434717731907485,0.968335035750766,0.0316649642492339,1.0,off_008830,4021
ALL,980,0.2437204675453867,0.9683673469387756,0.0316326530612244,1.0,off_008839,4021
ALL,981,0.2439691619000248,0.9683995922528033,0.0316004077471967,1.0,off_008869,4021
ALL,982,0.244217856254663,0.9684317718940936,0.0315682281059063,1.0,off_008870,4021
ALL,983,0.2444665506093011,0.9684638860630722,0.0315361139369277,1.0,off_008871,4021
ALL,984,0.2447152449639393,0.9684959349593496,0.0315040650406504,1.0,off_008881,4021
ALL,985,0.2449639393185774,0.9685279187817258,0.0314720812182741,1.0,off_008896,4021
ALL,986,0.2452126336732156,0.9685598377281948,0.0314401622718052,1.0,off_008899,4021
ALL,987,0.2454613280278537,0.9685916919959472,0.0314083080040526,1.0,off_008902,4021
ALL,988,0.2457100223824919,0.9686234817813764,0.0313765182186234,1.0,off_008903,4021
ALL,989,0.24595871673713,0.9686552072800808,0.0313447927199191,1.0,off_008915,4021
ALL,990,0.2462074110917682,0.9686868686868688,0.0313131313131313,1.0,off_008922,4021
ALL,991,0.2464561054464063,0.968718466195762,0.0312815338042381,1.0,off_008932,4021
ALL,992,0.2467047998010445,0.96875,0.03125,1.0,off_008954,4021
ALL,993,0.2469534941556826,0.9687814702920444,0.0312185297079556,1.0,off_008955,4021
ALL,994,0.2472021885103208,0.9688128772635816,0.0311871227364185,1.0,off_008957,4021
ALL,995,0.2474508828649589,0.9688442211055276,0.0311557788944723,1.0,off_008965,4021
ALL,996,0.2476995772195971,0.9688755020080322,0.0311244979919678,1.0,off_008967,4021
ALL,997,0.2479482715742352,0.9689067201604814,0.0310932798395185,1.0,off_008976,4021
ALL,998,0.2481969659288734,0.968937875751503,0.0310621242484969,1.0,off_008985,4021
ALL,999,0.2484456602835115,0.968968968968969,0.031031031031031,1.0,off_009007,4021
ALL,1000,0.2486943546381497,0.969,0.031,1.0,off_009021,4021
ALL,1001,0.2489430489927878,0.9690309690309692,0.0309690309690309,1.0,off_009024,4021
ALL,1002,0.249191743347426,0.969061876247505,0.030938123752495,1.0,off_009028,4021
ALL,1003,0.2494404377020641,0.9690927218344964,0.0309072781655034,1.0,off_009033,4021
ALL,1004,0.2496891320567023,0.9691235059760956,0.0308764940239043,1.0,off_009046,4021
ALL,1005,0.2499378264113404,0.9691542288557214,0.0308457711442786,1.0,off_009060,4021
ALL,1006,0.2501865207659786,0.9691848906560636,0.0308151093439363,1.0,off_009065,4021
ALL,1007,0.2504352151206168,0.9692154915590864,0.0307845084409136,1.0,off_009072,4021
ALL,1008,0.2506839094752549,0.9692460317460316,0.0307539682539682,1.0,off_009077,4021
ALL,1009,0.2509326038298931,0.9692765113974232,0.0307234886025768,1.0,off_009082,4021
ALL,1010,0.2511812981845312,0.9693069306930692,0.0306930693069306,1.0,off_009089,4021
ALL,1011,0.2514299925391693,0.9693372898120672,0.0306627101879327,1.0,off_009116,4021
ALL,1012,0.2516786868938075,0.9693675889328064,0.0306324110671936,1.0,off_009119,4021
ALL,1013,0.2519273812484456,0.9693978282329714,0.0306021717670286,1.0,off_009127,4021
ALL,1014,0.2521760756030838,0.9694280078895464,0.0305719921104536,1.0,off_009138,4021
ALL,1015,0.2524247699577219,0.9694581280788176,0.0305418719211822,1.0,off_009148,4021
ALL,1016,0.2526734643123601,0.969488188976378,0.030511811023622,1.0,off_009158,4021
ALL,1017,0.2529221586669982,0.9695181907571288,0.0304818092428711,1.0,off_009188,4021
ALL,1018,0.2531708530216364,0.9695481335952848,0.0304518664047151,1.0,off_009192,4021
ALL,1019,0.2534195473762745,0.9695780176643768,0.0304219823356231,1.0,off_009199,4021
ALL,1020,0.2536682417309127,0.9686274509803922,0.0313725490196078,1.0,off_009206,4021
ALL,1021,0.2539169360855509,0.9686581782566112,0.0313418217433888,1.0,off_009207,4021
ALL,1022,0.254165630440189,0.9686888454011742,0.0313111545988258,1.0,off_009209,4021
ALL,1023,0.2544143247948272,0.9687194525904204,0.0312805474095796,1.0,off_009233,4021
ALL,1024,0.2546630191494653,0.96875,0.03125,1.0,off_009244,4021
ALL,1025,0.2549117135041034,0.968780487804878,0.0312195121951219,1.0,off_009247,4021
ALL,1026,0.2551604078587416,0.9688109161793372,0.0311890838206627,1.0,off_009248,4021
ALL,1027,0.2554091022133797,0.9688412852969815,0.0311587147030185,1.0,off_009254,4021
ALL,1028,0.2556577965680179,0.9688715953307392,0.0311284046692607,1.0,off_009266,4021
ALL,1029,0.255906490922656,0.9689018464528668,0.0310981535471331,1.0,off_009279,4021
ALL,1030,0.2561551852772942,0.9689320388349516,0.0310679611650485,1.0,off_009289,4021
ALL,1031,0.2564038796319323,0.9689621726479146,0.0310378273520853,1.0,off_009292,4021
ALL,1032,0.2566525739865705,0.9689922480620154,0.0310077519379844,1.0,off_009313,4021
ALL,1033,0.2569012683412086,0.969022265246854,0.0309777347531461,1.0,off_009331,4021
ALL,1034,0.2571499626958468,0.9690522243713732,0.0309477756286266,1.0,off_009333,4021
ALL,1035,0.257398657050485,0.9690821256038648,0.0309178743961352,1.0,off_009334,4021
ALL,1036,0.2576473514051231,0.9691119691119692,0.0308880308880308,1.0,off_009352,4021
ALL,1037,0.2578960457597612,0.9691417550626809,0.0308582449373191,1.0,off_009353,4021
ALL,1038,0.2581447401143994,0.9691714836223508,0.0308285163776493,1.0,off_009373,4021
ALL,1039,0.2583934344690375,0.9692011549566892,0.0307988450433108,1.0,off_009375,4021
ALL,1040,0.2586421288236757,0.9692307692307692,0.0307692307692307,1.0,off_009385,4021
ALL,1041,0.2588908231783138,0.9692603266090298,0.0307396733909702,1.0,off_009386,4021
ALL,1042,0.259139517532952,0.9692898272552783,0.0307101727447216,1.0,off_009394,4021
ALL,1043,0.2593882118875901,0.969319271332694,0.0306807286673058,1.0,off_009400,4021
ALL,1044,0.2596369062422283,0.9693486590038314,0.0306513409961685,1.0,off_009410,4021
ALL,1045,0.2598856005968664,0.969377990430622,0.0306220095693779,1.0,off_009427,4021
ALL,1046,0.2601342949515046,0.9694072657743786,0.0305927342256214,1.0,off_009438,4021
ALL,1047,0.2603829893061427,0.9694364851957976,0.0305635148042024,1.0,off_009450,4021
ALL,1048,0.2606316836607809,0.9694656488549618,0.0305343511450381,1.0,off_009461,4021
ALL,1049,0.260880378015419,0.969494756911344,0.0305052430886558,1.0,off_009485,4021
ALL,1050,0.2611290723700572,0.9695238095238096,0.0304761904761904,1.0,off_009487,4021
ALL,1051,0.2613777667246953,0.9695528068506184,0.0304471931493815,1.0,off_009508,4021
ALL,1052,0.2616264610793335,0.9695817490494296,0.0304182509505703,1.0,off_009529,4021
ALL,1053,0.2618751554339716,0.9696106362773028,0.030389363722697,1.0,off_009549,4021
ALL,1054,0.2621238497886098,0.969639468690702,0.0303605313092979,1.0,off_009581,4021
ALL,1055,0.2623725441432479,0.9696682464454977,0.0303317535545023,1.0,off_009595,4021
ALL,1056,0.2626212384978861,0.9696969696969696,0.0303030303030303,1.0,off_009597,4021
ALL,1057,0.2628699328525242,0.9697256385998108,0.0302743614001892,1.0,off_009610,4021
ALL,1058,0.2631186272071624,0.9697542533081286,0.0302457466918714,1.0,off_009622,4021
ALL,1059,0.2633673215618005,0.9697828139754484,0.0302171860245514,1.0,off_009632,4021
ALL,1060,0.2636160159164387,0.969811320754717,0.030188679245283,1.0,off_009641,4021
ALL,1061,0.2638647102710768,0.9698397737983034,0.0301602262016965,1.0,off_009658,4021
ALL,1062,0.264113404625715,0.9698681732580038,0.0301318267419962,1.0,off_009660,4021
ALL,1063,0.2643620989803531,0.9698965192850424,0.0301034807149576,1.0,off_009661,4021
ALL,1064,0.2646107933349913,0.9699248120300752,0.0300751879699248,1.0,off_009672,4021
ALL,1065,0.2648594876896294,0.9699530516431925,0.0300469483568075,1.0,off_009674,4021
ALL,1066,0.2651081820442676,0.9699812382739212,0.0300187617260788,1.0,off_009683,4021
ALL,1067,0.2653568763989057,0.9700093720712276,0.0299906279287722,1.0,off_009693,4021
ALL,1068,0.2656055707535439,0.9700374531835206,0.0299625468164794,1.0,off_009715,4021
ALL,1069,0.265854265108182,0.9700654817586528,0.029934518241347,1.0,off_009728,4021
ALL,1070,0.2661029594628202,0.9700934579439252,0.0299065420560747,1.0,off_009730,4021
ALL,1071,0.2663516538174583,0.9701213818860878,0.0298786181139122,1.0,off_009741,4021
ALL,1072,0.2666003481720965,0.9701492537313432,0.0298507462686567,1.0,off_009743,4021
ALL,1073,0.2668490425267346,0.9701770736253494,0.0298229263746505,1.0,off_009749,4021
ALL,1074,0.2670977368813728,0.9702048417132216,0.0297951582867784,1.0,off_009759,4021
ALL,1075,0.2673464312360109,0.9702325581395348,0.0297674418604651,1.0,off_009764,4021
ALL,1076,0.2675951255906491,0.9702602230483272,0.0297397769516728,1.0,off_009782,4021
ALL,1077,0.2678438199452872,0.9702878365831012,0.0297121634168987,1.0,off_009783,4021
ALL,1078,0.2680925142999253,0.9703153988868276,0.0296846011131725,1.0,off_009790,4021
ALL,1079,0.2683412086545635,0.9703429101019464,0.0296570898980537,1.0,off_009801,4021
ALL,1080,0.2685899030092017,0.9703703703703704,0.0296296296296296,1.0,off_009803,4021
ALL,1081,0.2688385973638398,0.9703977798334876,0.0296022201665124,1.0,off_009805,4021
ALL,1082,0.269087291718478,0.9704251386321626,0.0295748613678373,1.0,off_009812,4021
ALL,1083,0.2693359860731161,0.9704524469067404,0.0295475530932594,1.0,off_009813,4021
ALL,1084,0.2695846804277543,0.9695571955719556,0.0304428044280442,1.0,off_009823,4021
ALL,1085,0.2698333747823924,0.9695852534562212,0.0304147465437788,1.0,off_009824,4021
ALL,1086,0.2700820691370306,0.9696132596685084,0.0303867403314917,1.0,off_009835,4021
ALL,1087,0.2703307634916687,0.969641214351426,0.030358785648574,1.0,off_009837,4021
ALL,1088,0.2705794578463069,0.9696691176470588,0.0303308823529411,1.0,off_009865,4021
ALL,1089,0.270828152200945,0.9696969696969696,0.0303030303030303,1.0,off_009868,4021
ALL,1090,0.2710768465555832,0.969724770642202,0.0302752293577981,1.0,off_009901,4021
ALL,1091,0.2713255409102213,0.9697525206232814,0.0302474793767186,1.0,off_009902,4021
ALL,1092,0.2715742352648594,0.9697802197802198,0.0302197802197802,1.0,off_009903,4021
ALL,1093,0.2718229296194976,0.969807868252516,0.0301921317474839,1.0,off_009904,4021
ALL,1094,0.2720716239741358,0.9698354661791592,0.0301645338208409,1.0,off_009910,4021
ALL,1095,0.2723203183287739,0.96986301369863,0.0301369863013698,1.0,off_009931,4021
ALL,1096,0.2725690126834121,0.9698905109489052,0.0301094890510948,1.0,off_009968,4021
ALL,1097,0.2728177070380502,0.9699179580674568,0.0300820419325433,1.0,off_009979,4021
ALL,1098,0.2730664013926884,0.9699453551912568,0.0300546448087431,1.0,off_009981,4021
ALL,1099,0.2733150957473265,0.9699727024567788,0.0300272975432211,1.0,off_009992,4021
ALL,1100,0.2735637901019647,0.97,0.03,1.0,off_010006,4021
ALL,1101,0.2738124844566028,0.9700272479564032,0.0299727520435967,1.0,off_010017,4021
ALL,1102,0.274061178811241,0.97005444646098,0.0299455535390199,1.0,off_010025,4021
ALL,1103,0.2743098731658791,0.970081595648232,0.0299184043517679,1.0,off_010029,4021
ALL,1104,0.2745585675205172,0.970108695652174,0.029891304347826,1.0,off_010030,4021
ALL,1105,0.2748072618751554,0.9701357466063348,0.0298642533936651,1.0,off_010034,4021
ALL,1106,0.2750559562297935,0.9701627486437612,0.0298372513562386,1.0,off_010036,4021
ALL,1107,0.2753046505844317,0.9701897018970188,0.029810298102981,1.0,off_010044,4021
ALL,1108,0.2755533449390699,0.970216606498195,0.029783393501805,1.0,off_010046,4021
ALL,1109,0.275802039293708,0.9702434625789,0.0297565374211,1.0,off_010047,4021
ALL,1110,0.2760507336483462,0.9702702702702702,0.0297297297297297,1.0,off_010079,4021
ALL,1111,0.2762994280029843,0.9702970297029704,0.0297029702970297,1.0,off_010089,4021
ALL,1112,0.2765481223576225,0.9703237410071942,0.0296762589928057,1.0,off_010090,4021
ALL,1113,0.2767968167122606,0.9703504043126684,0.0296495956873315,1.0,off_010093,4021
ALL,1114,0.2770455110668988,0.9703770197486536,0.0296229802513465,1.0,off_010111,4021
ALL,1115,0.2772942054215369,0.9704035874439462,0.0295964125560538,1.0,off_010121,4021
ALL,1116,0.2775428997761751,0.9704301075268816,0.0295698924731182,1.0,off_010127,4021
ALL,1117,0.2777915941308132,0.9704565801253358,0.0295434198746642,1.0,off_010133,4021
ALL,1118,0.2780402884854513,0.9704830053667264,0.0295169946332737,1.0,off_010136,4021
ALL,1119,0.2782889828400895,0.9696157283288652,0.0303842716711349,1.0,off_010152,4021
ALL,1120,0.2785376771947276,0.9696428571428573,0.0303571428571428,1.0,off_010168,4021
ALL,1121,0.2787863715493658,0.9696699375557538,0.0303300624442462,1.0,off_010181,4021
ALL,1122,0.2790350659040039,0.9696969696969696,0.0303030303030303,1.0,off_010184,4021
ALL,1123,0.2792837602586421,0.9697239536954586,0.0302760463045414,1.0,off_010220,4021
ALL,1124,0.2795324546132803,0.9697508896797152,0.0302491103202846,1.0,off_010238,4021
ALL,1125,0.2797811489679184,0.9697777777777776,0.0302222222222222,1.0,off_010245,4021
ALL,1126,0.2800298433225566,0.9698046181172292,0.0301953818827708,1.0,off_010251,4021
ALL,1127,0.2802785376771947,0.9698314108251996,0.0301685891748003,1.0,off_010264,4021
ALL,1128,0.2805272320318329,0.9698581560283688,0.0301418439716312,1.0,off_010311,4021
ALL,1129,0.280775926386471,0.9698848538529672,0.0301151461470327,1.0,off_010325,4021
ALL,1130,0.2810246207411092,0.9699115044247788,0.0300884955752212,1.0,off_010353,4021
ALL,1131,0.2812733150957473,0.9699381078691424,0.0300618921308576,1.0,off_010370,4021
ALL,1132,0.2815220094503854,0.969964664310954,0.0300353356890459,1.0,off_010379,4021
ALL,1133,0.2817707038050236,0.969991173874669,0.0300088261253309,1.0,off_010386,4021
ALL,1134,0.2820193981596617,0.9700176366843034,0.0299823633156966,1.0,off_010389,4021
ALL,1135,0.2822680925142999,0.970044052863436,0.0299559471365638,1.0,off_010391,4021
ALL,1136,0.282516786868938,0.9700704225352113,0.0299295774647887,1.0,off_010392,4021
ALL,1137,0.2827654812235762,0.9700967458223396,0.0299032541776605,1.0,off_010396,4021
ALL,1138,0.2830141755782144,0.9701230228471002,0.0298769771528998,1.0,off_010419,4021
ALL,1139,0.2832628699328525,0.9701492537313432,0.0298507462686567,1.0,off_010439,4021
ALL,1140,0.2835115642874907,0.9701754385964912,0.0298245614035087,1.0,off_010441,4021
ALL,1141,0.2837602586421288,0.9693251533742332,0.0306748466257668,1.0,off_010460,4021
ALL,1142,0.284008952996767,0.969352014010508,0.0306479859894921,1.0,off_010468,4021
ALL,1143,0.2842576473514051,0.9693788276465442,0.0306211723534558,1.0,off_010475,4021
ALL,1144,0.2845063417060433,0.9694055944055944,0.0305944055944055,1.0,off_010516,4021
ALL,1145,0.2847550360606814,0.9694323144104804,0.0305676855895196,1.0,off_010557,4021
ALL,1146,0.2850037304153195,0.9694589877835952,0.0305410122164048,1.0,off_010561,4021
ALL,1147,0.2852524247699577,0.969485614646905,0.030514385353095,1.0,off_010563,4021
ALL,1148,0.2855011191245958,0.9695121951219512,0.0304878048780487,1.0,off_010566,4021
ALL,1149,0.285749813479234,0.9686684073107048,0.031331592689295,1.0,off_010570,4021
ALL,1150,0.2859985078338721,0.9686956521739132,0.0313043478260869,1.0,off_010574,4021
ALL,1151,0.2862472021885103,0.9687228496959166,0.0312771503040834,1.0,off_010577,4021
ALL,1152,0.2864958965431484,0.96875,0.03125,1.0,off_010585,4021
ALL,1153,0.2867445908977866,0.96877710320902,0.03122289679098,1.0,off_010589,4021
ALL,1154,0.2869932852524248,0.9688041594454072,0.0311958405545927,1.0,off_010603,4021
ALL,1155,0.2872419796070629,0.9688311688311688,0.0311688311688311,1.0,off_010606,4021
ALL,1156,0.2874906739617011,0.9688581314878892,0.0311418685121107,1.0,off_010616,4021
ALL,1157,0.2877393683163392,0.9688850475367328,0.031114952463267,1.0,off_010631,4021
ALL,1158,0.2879880626709774,0.9689119170984456,0.0310880829015544,1.0,off_010633,4021
ALL,1159,0.2882367570256155,0.9689387402933564,0.0310612597066436,1.0,off_010651,4021
ALL,1160,0.2884854513802536,0.9689655172413794,0.0310344827586206,1.0,off_010660,4021
ALL,1161,0.2887341457348918,0.9689922480620154,0.0310077519379844,1.0,off_010671,4021
ALL,1162,0.2889828400895299,0.9690189328743546,0.0309810671256454,1.0,off_010681,4021
ALL,1163,0.2892315344441681,0.9690455717970764,0.0309544282029234,1.0,off_010686,4021
ALL,1164,0.2894802287988062,0.9690721649484536,0.0309278350515463,1.0,off_010689,4021
ALL,1165,0.2897289231534444,0.969098712446352,0.030901287553648,1.0,off_010694,4021
ALL,1166,0.2899776175080825,0.9691252144082332,0.0308747855917667,1.0,off_010695,4021
ALL,1167,0.2902263118627207,0.9682947729220224,0.0317052270779777,1.0,off_010713,4021
ALL,1168,0.2904750062173589,0.9683219178082192,0.0316780821917808,1.0,off_010720,4021
ALL,1169,0.290723700571997,0.968349016253208,0.0316509837467921,1.0,off_010726,4021
ALL,1170,0.2909723949266352,0.9683760683760684,0.0316239316239316,1.0,off_010729,4021
ALL,1171,0.2912210892812733,0.968403074295474,0.031596925704526,1.0,off_010731,4021
ALL,1172,0.2914697836359115,0.9684300341296928,0.0315699658703071,1.0,off_010741,4021
ALL,1173,0.2917184779905496,0.96845694799659,0.03154305200341,1.0,off_010755,4021
ALL,1174,0.2919671723451877,0.9684838160136288,0.0315161839863713,1.0,off_010771,4021
ALL,1175,0.2922158666998259,0.9685106382978724,0.0314893617021276,1.0,off_010779,4021
ALL,1176,0.292464561054464,0.9685374149659864,0.0314625850340136,1.0,off_010782,4021
ALL,1177,0.2927132554091022,0.9685641461342396,0.0314358538657604,1.0,off_010790,4021
ALL,1178,0.2929619497637403,0.968590831918506,0.031409168081494,1.0,off_010795,4021
ALL,1179,0.2932106441183785,0.9686174724342664,0.0313825275657336,1.0,off_010803,4021
ALL,1180,0.2934593384730166,0.9677966101694916,0.0322033898305084,1.0,off_010812,4021
ALL,1181,0.2937080328276548,0.9678238780694328,0.0321761219305673,1.0,off_010816,4021
ALL,1182,0.293956727182293,0.9678510998307952,0.0321489001692047,1.0,off_010828,4021
ALL,1183,0.2942054215369311,0.9678782755705831,0.0321217244294167,1.0,off_010836,4021
ALL,1184,0.2944541158915693,0.9679054054054054,0.0320945945945945,1.0,off_010847,4021
ALL,1185,0.2947028102462074,0.9679324894514768,0.0320675105485232,1.0,off_010848,4021
ALL,1186,0.2949515046008455,0.9679595278246206,0.0320404721753794,1.0,off_010853,4021
ALL,1187,0.2952001989554837,0.9679865206402696,0.0320134793597304,1.0,off_010862,4021
ALL,1188,0.2954488933101218,0.968013468013468,0.0319865319865319,1.0,off_010868,4021
ALL,1189,0.29569758766476,0.968040370058873,0.031959629941127,1.0,off_010869,4021
ALL,1190,0.2959462820193981,0.9680672268907564,0.0319327731092436,1.0,off_010875,4021
ALL,1191,0.2961949763740363,0.968094038623006,0.0319059613769941,1.0,off_010902,4021
ALL,1192,0.2964436707286744,0.9681208053691276,0.0318791946308724,1.0,off_010925,4021
ALL,1193,0.2966923650833126,0.9681475272422464,0.0318524727577535,1.0,off_010938,4021
ALL,1194,0.2969410594379507,0.9681742043551088,0.0318257956448911,1.0,off_010948,4021
ALL,1195,0.2971897537925889,0.9682008368200836,0.0317991631799163,1.0,off_010979,4021
ALL,1196,0.297438448147227,0.968227424749164,0.0317725752508361,1.0,off_010984,4021
ALL,1197,0.2976871425018652,0.9682539682539684,0.0317460317460317,1.0,off_010986,4021
ALL,1198,0.2979358368565034,0.9682804674457428,0.031719532554257,1.0,off_010992,4021
ALL,1199,0.2981845312111415,0.9683069224353628,0.0316930775646372,1.0,off_011023,4021
ALL,1200,0.2984332255657796,0.9683333333333334,0.0316666666666666,1.0,off_011025,4021
ALL,1201,0.2986819199204178,0.9683597002497918,0.0316402997502081,1.0,off_011033,4021
ALL,1202,0.2989306142750559,0.9683860232945092,0.0316139767054908,1.0,off_011057,4021
ALL,1203,0.2991793086296941,0.9684123025768911,0.0315876974231088,1.0,off_011092,4021
ALL,1204,0.2994280029843322,0.96843853820598,0.0315614617940199,1.0,off_011102,4021
ALL,1205,0.2996766973389704,0.9684647302904564,0.0315352697095435,1.0,off_011103,4021
ALL,1206,0.2999253916936085,0.9684908789386402,0.0315091210613598,1.0,off_011111,4021
ALL,1207,0.3001740860482467,0.968516984258492,0.0314830157415078,1.0,off_011114,4021
ALL,1208,0.3004227804028848,0.968543046357616,0.0314569536423841,1.0,off_011121,4021
ALL,1209,0.300671474757523,0.9685690653432588,0.0314309346567411,1.0,off_011123,4021
ALL,1210,0.3009201691121611,0.968595041322314,0.0314049586776859,1.0,off_011135,4021
ALL,1211,0.3011688634667993,0.9686209744013212,0.0313790255986787,1.0,off_011138,4021
ALL,1212,0.3014175578214375,0.9686468646864688,0.0313531353135313,1.0,off_011139,4021
ALL,1213,0.3016662521760756,0.967848309975268,0.032151690024732,1.0,off_011153,4021
ALL,1214,0.3019149465307137,0.9678747940691927,0.0321252059308072,1.0,off_011169,4021
ALL,1215,0.3021636408853519,0.9679012345679012,0.0320987654320987,1.0,off_011173,4021
ALL,1216,0.30241233523999,0.9679276315789472,0.0320723684210526,1.0,off_011176,4021
ALL,1217,0.3026610295946282,0.9679539852095316,0.0320460147904683,1.0,off_011178,4021
ALL,1218,0.3029097239492663,0.9679802955665024,0.0320197044334975,1.0,off_011181,4021
ALL,1219,0.3031584183039045,0.9680065627563575,0.0319934372436423,1.0,off_011188,4021
ALL,1220,0.3034071126585426,0.968032786885246,0.031967213114754,1.0,off_011194,4021
ALL,1221,0.3036558070131808,0.968058968058968,0.0319410319410319,1.0,off_011198,4021
ALL,1222,0.3039045013678189,0.9680851063829788,0.0319148936170212,1.0,off_011206,4021
ALL,1223,0.3041531957224571,0.9681112019623876,0.0318887980376124,1.0,off_011209,4021
ALL,1224,0.3044018900770952,0.9681372549019608,0.0318627450980392,1.0,off_011213,4021
ALL,1225,0.3046505844317334,0.9681632653061224,0.0318367346938775,1.0,off_011235,4021
ALL,1226,0.3048992787863716,0.968189233278956,0.031810766721044,1.0,off_011248,4021
ALL,1227,0.3051479731410097,0.9682151589242054,0.0317848410757946,1.0,off_011257,4021
ALL,1228,0.3053966674956478,0.9682410423452767,0.0317589576547231,1.0,off_011269,4021
ALL,1229,0.305645361850286,0.96826688364524,0.0317331163547599,1.0,off_011278,4021
ALL,1230,0.3058940562049241,0.9682926829268292,0.0317073170731707,1.0,off_011287,4021
ALL,1231,0.3061427505595623,0.9683184402924452,0.0316815597075548,1.0,off_011289,4021
ALL,1232,0.3063914449142004,0.968344155844156,0.0316558441558441,1.0,off_011290,4021
ALL,1233,0.3066401392688386,0.9683698296836984,0.0316301703163017,1.0,off_011304,4021
ALL,1234,0.3068888336234767,0.9683954619124796,0.0316045380875202,1.0,off_011308,4021
ALL,1235,0.3071375279781149,0.968421052631579,0.031578947368421,1.0,off_011310,4021
ALL,1236,0.307386222332753,0.9684466019417476,0.0315533980582524,1.0,off_011334,4021
ALL,1237,0.3076349166873912,0.9684721099434116,0.0315278900565885,1.0,off_011341,4021
ALL,1238,0.3078836110420293,0.968497576736672,0.0315024232633279,1.0,off_011356,4021
ALL,1239,0.3081323053966674,0.9685230024213076,0.0314769975786924,1.0,off_011385,4021
ALL,1240,0.3083809997513056,0.9685483870967742,0.0314516129032258,1.0,off_011387,4021
ALL,1241,0.3086296941059438,0.968573730862208,0.0314262691377921,1.0,off_011390,4021
ALL,1242,0.3088783884605819,0.9685990338164252,0.0314009661835748,1.0,off_011397,4021
ALL,1243,0.3091270828152201,0.9686242960579244,0.0313757039420756,1.0,off_011408,4021
ALL,1244,0.3093757771698582,0.9686495176848876,0.0313504823151125,1.0,off_011409,4021
ALL,1245,0.3096244715244964,0.9686746987951808,0.0313253012048192,1.0,off_011421,4021
ALL,1246,0.3098731658791345,0.9686998394863564,0.0313001605136436,1.0,off_011427,4021
ALL,1247,0.3101218602337727,0.9687249398556536,0.0312750601443464,1.0,off_011429,4021
ALL,1248,0.3103705545884108,0.96875,0.03125,1.0,off_011432,4021
ALL,1249,0.310619248943049,0.9687750200160128,0.0312249799839871,1.0,off_011433,4021
ALL,1250,0.3108679432976871,0.9688,0.0312,1.0,off_011434,4021
ALL,1251,0.3111166376523253,0.9688249400479616,0.0311750599520383,1.0,off_011447,4021
ALL,1252,0.3113653320069634,0.9688498402555912,0.0311501597444089,1.0,off_011448,4021
ALL,1253,0.3116140263616015,0.968874700718276,0.0311252992817238,1.0,off_011455,4021
ALL,1254,0.3118627207162397,0.9688995215311004,0.0311004784688995,1.0,off_011465,4021
ALL,1255,0.3121114150708779,0.9689243027888448,0.0310756972111553,1.0,off_011475,4021
ALL,1256,0.312360109425516,0.9689490445859872,0.0310509554140127,1.0,off_011495,4021
ALL,1257,0.3126088037801542,0.9689737470167064,0.0310262529832935,1.0,off_011498,4021
ALL,1258,0.3128574981347923,0.9689984101748808,0.0310015898251192,1.0,off_011509,4021
ALL,1259,0.3131061924894305,0.9690230341540904,0.0309769658459094,1.0,off_011515,4021
ALL,1260,0.3133548868440686,0.969047619047619,0.0309523809523809,1.0,off_011530,4021
ALL,1261,0.3136035811987068,0.9690721649484536,0.0309278350515463,1.0,off_011541,4021
ALL,1262,0.3138522755533449,0.9690966719492868,0.0309033280507131,1.0,off_011542,4021
ALL,1263,0.3141009699079831,0.9691211401425178,0.0308788598574821,1.0,off_011550,4021
ALL,1264,0.3143496642626212,0.9691455696202532,0.0308544303797468,1.0,off_011554,4021
ALL,1265,0.3145983586172594,0.9691699604743084,0.0308300395256917,1.0,off_011581,4021
ALL,1266,0.3148470529718975,0.9691943127962084,0.0308056872037914,1.0,off_011601,4021
ALL,1267,0.3150957473265356,0.9692186266771902,0.0307813733228097,1.0,off_011602,4021
ALL,1268,0.3153444416811738,0.969242902208202,0.0307570977917981,1.0,off_011622,4021
ALL,1269,0.3155931360358119,0.9692671394799054,0.0307328605200945,1.0,off_011631,4021
ALL,1270,0.3158418303904501,0.9692913385826772,0.0307086614173228,1.0,off_011639,4021
ALL,1271,0.3160905247450883,0.969315499606609,0.030684500393391,1.0,off_011650,4021
ALL,1272,0.3163392190997264,0.9693396226415094,0.0306603773584905,1.0,off_011651,4021
ALL,1273,0.3165879134543646,0.969363707776905,0.030636292223095,1.0,off_011660,4021
ALL,1274,0.3168366078090027,0.9693877551020408,0.0306122448979591,1.0,off_011668,4021
ALL,1275,0.3170853021636409,0.9694117647058824,0.0305882352941176,1.0,off_011673,4021
ALL,1276,0.317333996518279,0.969435736677116,0.030564263322884,1.0,off_011682,4021
ALL,1277,0.3175826908729172,0.9694596711041504,0.0305403288958496,1.0,off_011697,4021
ALL,1278,0.3178313852275553,0.9694835680751174,0.0305164319248826,1.0,off_011712,4021
ALL,1279,0.3180800795821935,0.9695074276778732,0.0304925723221266,1.0,off_011719,4021
ALL,1280,0.3183287739368316,0.96953125,0.03046875,1.0,off_011725,4021
ALL,1281,0.3185774682914697,0.9695550351288056,0.0304449648711943,1.0,off_011754,4021
ALL,1282,0.3188261626461079,0.969578783151326,0.0304212168486739,1.0,off_011755,4021
ALL,1283,0.319074857000746,0.9688230709275136,0.0311769290724863,1.0,off_011758,4021
ALL,1284,0.3193235513553842,0.968847352024922,0.0311526479750778,1.0,off_011772,4021
ALL,1285,0.3195722457100224,0.9688715953307392,0.0311284046692607,1.0,off_011773,4021
ALL,1286,0.3198209400646605,0.968895800933126,0.031104199066874,1.0,off_011774,4021
ALL,1287,0.3200696344192987,0.9689199689199688,0.031080031080031,1.0,off_011778,4021
ALL,1288,0.3203183287739368,0.968944099378882,0.031055900621118,1.0,off_011782,4021
ALL,1289,0.320567023128575,0.9689681923972072,0.0310318076027928,1.0,off_011783,4021
ALL,1290,0.3208157174832131,0.9689922480620154,0.0310077519379844,1.0,off_011786,4021
ALL,1291,0.3210644118378513,0.9690162664601084,0.0309837335398915,1.0,off_011795,4021
ALL,1292,0.3213131061924894,0.9690402476780186,0.0309597523219814,1.0,off_011815,4021
ALL,1293,0.3215618005471276,0.9690641918020108,0.0309358081979891,1.0,off_011820,4021
ALL,1294,0.3218104949017657,0.9690880989180836,0.0309119010819165,1.0,off_011832,4021
ALL,1295,0.3220591892564038,0.9691119691119692,0.0308880308880308,1.0,off_011836,4021
ALL,1296,0.322307883611042,0.9691358024691358,0.0308641975308641,1.0,off_011858,4021
ALL,1297,0.3225565779656801,0.969159599074788,0.030840400925212,1.0,off_011863,4021
ALL,1298,0.3228052723203183,0.9691833590138677,0.0308166409861325,1.0,off_011875,4021
ALL,1299,0.3230539666749565,0.9692070823710548,0.0307929176289453,1.0,off_011884,4021
ALL,1300,0.3233026610295946,0.9692307692307692,0.0307692307692307,1.0,off_011905,4021
ALL,1301,0.3235513553842328,0.9692544196771714,0.0307455803228285,1.0,off_011906,4021
ALL,1302,0.3238000497388709,0.9692780337941628,0.0307219662058371,1.0,off_011927,4021
ALL,1303,0.3240487440935091,0.9693016116653876,0.0306983883346124,1.0,off_011936,4021
ALL,1304,0.3242974384481472,0.9693251533742332,0.0306748466257668,1.0,off_011951,4021
ALL,1305,0.3245461328027854,0.9693486590038314,0.0306513409961685,1.0,off_011957,4021
ALL,1306,0.3247948271574235,0.9693721286370596,0.0306278713629402,1.0,off_011961,4021
ALL,1307,0.3250435215120617,0.9693955623565416,0.0306044376434583,1.0,off_011963,4021
ALL,1308,0.3252922158666998,0.9694189602446484,0.0305810397553516,1.0,off_011971,4021
ALL,1309,0.3255409102213379,0.9694423223834988,0.0305576776165011,1.0,off_011983,4021
ALL,1310,0.3257896045759761,0.9694656488549618,0.0305343511450381,1.0,off_011993,4021
ALL,1311,0.3260382989306142,0.969488939740656,0.030511060259344,1.0,off_012012,4021
ALL,1312,0.3262869932852524,0.9695121951219512,0.0304878048780487,1.0,off_012024,4021
ALL,1313,0.3265356876398905,0.9695354150799697,0.0304645849200304,1.0,off_012027,4021
ALL,1314,0.3267843819945287,0.969558599695586,0.030441400304414,1.0,off_012057,4021
ALL,1315,0.3270330763491669,0.9688212927756654,0.0311787072243346,1.0,off_012088,4021
ALL,1316,0.327281770703805,0.9688449848024316,0.0311550151975683,1.0,off_012089,4021
ALL,1317,0.3275304650584432,0.9688686408504176,0.0311313591495823,1.0,off_012090,4021
ALL,1318,0.3277791594130813,0.9688922610015176,0.0311077389984825,1.0,off_012093,4021
ALL,1319,0.3280278537677195,0.9689158453373768,0.0310841546626232,1.0,off_012095,4021
ALL,1320,0.3282765481223576,0.968939393939394,0.031060606060606,1.0,off_012118,4021
ALL,1321,0.3285252424769957,0.9689629068887208,0.0310370931112793,1.0,off_012133,4021
ALL,1322,0.3287739368316339,0.9689863842662632,0.0310136157337367,1.0,off_012157,4021
ALL,1323,0.329022631186272,0.9690098261526832,0.0309901738473167,1.0,off_012159,4021
ALL,1324,0.3292713255409102,0.9690332326283988,0.0309667673716012,1.0,off_012163,4021
ALL,1325,0.3295200198955483,0.9690566037735848,0.030943396226415,1.0,off_012183,4021
ALL,1326,0.3297687142501865,0.969079939668175,0.030920060331825,1.0,off_012189,4021
ALL,1327,0.3300174086048246,0.9691032403918614,0.0308967596081386,1.0,off_012192,4021
ALL,1328,0.3302661029594628,0.9691265060240964,0.0308734939759036,1.0,off_012195,4021
ALL,1329,0.330514797314101,0.9691497366440932,0.0308502633559066,1.0,off_012221,4021
ALL,1330,0.3307634916687391,0.969172932330827,0.0308270676691729,1.0,off_012223,4021
ALL,1331,0.3310121860233773,0.9691960931630352,0.0308039068369646,1.0,off_012234,4021
ALL,1332,0.3312608803780154,0.9692192192192192,0.0307807807807807,1.0,off_012245,4021
ALL,1333,0.3315095747326536,0.9692423105776444,0.0307576894223555,1.0,off_012253,4021
ALL,1334,0.3317582690872917,0.9692653673163418,0.0307346326836581,1.0,off_012269,4021
ALL,1335,0.3320069634419298,0.9692883895131086,0.0307116104868913,1.0,off_012279,4021
ALL,1336,0.332255657796568,0.969311377245509,0.030688622754491,1.0,off_012282,4021
ALL,1337,0.3325043521512061,0.969334330590875,0.0306656694091249,1.0,off_012301,4021
ALL,1338,0.3327530465058443,0.969357249626308,0.030642750373692,1.0,off_012324,4021
ALL,1339,0.3330017408604824,0.969380134428678,0.0306198655713218,1.0,off_012327,4021
ALL,1340,0.3332504352151206,0.9694029850746269,0.0305970149253731,1.0,off_012343,4021
ALL,1341,0.3334991295697587,0.9694258016405668,0.0305741983594332,1.0,off_012344,4021
ALL,1342,0.3337478239243969,0.9694485842026824,0.0305514157973174,1.0,off_012358,4021
ALL,1343,0.3339965182790351,0.9694713328369322,0.0305286671630677,1.0,off_012371,4021
ALL,1344,0.3342452126336732,0.96875,0.03125,1.0,off_012385,4021
ALL,1345,0.3344939069883114,0.9687732342007436,0.0312267657992565,1.0,off_012386,4021
ALL,1346,0.3347426013429495,0.9687964338781576,0.0312035661218424,1.0,off_012387,4021
ALL,1347,0.3349912956975877,0.9688195991091314,0.0311804008908685,1.0,off_012402,4021
ALL,1348,0.3352399900522258,0.9688427299703264,0.0311572700296735,1.0,off_012403,4021
ALL,1349,0.3354886844068639,0.9688658265381764,0.0311341734618235,1.0,off_012410,4021
ALL,1350,0.3357373787615021,0.9688888888888888,0.0311111111111111,1.0,off_012428,4021
ALL,1351,0.3359860731161402,0.9689119170984456,0.0310880829015544,1.0,off_012453,4021
ALL,1352,0.3362347674707784,0.9689349112426036,0.0310650887573964,1.0,off_012465,4021
ALL,1353,0.3364834618254165,0.9689578713968958,0.0310421286031042,1.0,off_012475,4021
ALL,1354,0.3367321561800547,0.9689807976366324,0.0310192023633678,1.0,off_012487,4021
ALL,1355,0.3369808505346928,0.9690036900369003,0.0309963099630996,1.0,off_012493,4021
ALL,1356,0.337229544889331,0.9690265486725664,0.0309734513274336,1.0,off_012499,4021
ALL,1357,0.3374782392439691,0.9683124539425204,0.0316875460574797,1.0,off_012528,4021
ALL,1358,0.3377269335986073,0.9683357879234168,0.0316642120765832,1.0,off_012532,4021
ALL,1359,0.3379756279532455,0.9683590875643856,0.0316409124356144,1.0,off_012534,4021
ALL,1360,0.3382243223078836,0.9683823529411764,0.0316176470588235,1.0,off_012535,4021
ALL,1361,0.3384730166625218,0.9684055841293168,0.0315944158706833,1.0,off_012546,4021
ALL,1362,0.3387217110171599,0.9684287812041116,0.0315712187958884,1.0,off_012551,4021
ALL,1363,0.338970405371798,0.9684519442406456,0.0315480557593543,1.0,off_012553,4021
ALL,1364,0.3392190997264362,0.968475073313783,0.031524926686217,1.0,off_012555,4021
ALL,1365,0.3394677940810743,0.9677655677655678,0.0322344322344322,1.0,off_012561,4021
ALL,1366,0.3397164884357125,0.9677891654465594,0.0322108345534407,1.0,off_012564,4021
ALL,1367,0.3399651827903506,0.9678127286027798,0.0321872713972201,1.0,off_012565,4021
ALL,1368,0.3402138771449888,0.9678362573099416,0.0321637426900584,1.0,off_012566,4021
ALL,1369,0.3404625714996269,0.9678597516435354,0.0321402483564645,1.0,off_012568,4021
ALL,1370,0.3407112658542651,0.967883211678832,0.0321167883211678,1.0,off_012595,4021
ALL,1371,0.3409599602089032,0.9679066374908826,0.0320933625091174,1.0,off_012597,4021
ALL,1372,0.3412086545635414,0.967201166180758,0.0327988338192419,1.0,off_012605,4021
ALL,1373,0.3414573489181796,0.9672250546249088,0.032774945375091,1.0,off_012636,4021
ALL,1374,0.3417060432728177,0.9672489082969432,0.0327510917030567,1.0,off_012640,4021
ALL,1375,0.3419547376274559,0.9672727272727272,0.0327272727272727,1.0,off_012642,4021
ALL,1376,0.342203431982094,0.967296511627907,0.032703488372093,1.0,off_012652,4021
ALL,1377,0.3424521263367321,0.9673202614379084,0.0326797385620915,1.0,off_012684,4021
ALL,1378,0.3427008206913703,0.967343976777939,0.0326560232220609,1.0,off_012689,4021
ALL,1379,0.3429495150460084,0.9673676577229876,0.0326323422770123,1.0,off_012701,4021
ALL,1380,0.3431982094006466,0.967391304347826,0.0326086956521739,1.0,off_012719,4021
ALL,1381,0.3434469037552847,0.9674149167270094,0.0325850832729905,1.0,off_012723,4021
ALL,1382,0.3436955981099229,0.967438494934877,0.032561505065123,1.0,off_012727,4021
ALL,1383,0.343944292464561,0.9674620390455532,0.0325379609544468,1.0,off_012729,4021
ALL,1384,0.3441929868191992,0.967485549132948,0.032514450867052,1.0,off_012735,4021
ALL,1385,0.3444416811738373,0.967509025270758,0.0324909747292418,1.0,off_012744,4021
ALL,1386,0.3446903755284755,0.9675324675324676,0.0324675324675324,1.0,off_012758,4021
ALL,1387,0.3449390698831137,0.9675558759913484,0.0324441240086517,1.0,off_012761,4021
ALL,1388,0.3451877642377518,0.9675792507204612,0.0324207492795389,1.0,off_012763,4021
ALL,1389,0.3454364585923899,0.9676025917926566,0.0323974082073434,1.0,off_012764,4021
ALL,1390,0.3456851529470281,0.9676258992805756,0.0323741007194244,1.0,off_012766,4021
ALL,1391,0.3459338473016662,0.96764917325665,0.0323508267433501,1.0,off_012777,4021
ALL,1392,0.3461825416563044,0.9676724137931034,0.0323275862068965,1.0,off_012783,4021
ALL,1393,0.3464312360109425,0.9669777458722182,0.0330222541277817,1.0,off_012803,4021
ALL,1394,0.3466799303655807,0.9670014347202296,0.0329985652797704,1.0,off_012806,4021
ALL,1395,0.3469286247202188,0.9670250896057347,0.0329749103942652,1.0,off_012816,4021
ALL,1396,0.347177319074857,0.9670487106017192,0.0329512893982808,1.0,off_012820,4021
ALL,1397,0.3474260134294951,0.9670722977809592,0.0329277022190408,1.0,off_012829,4021
ALL,1398,0.3476747077841333,0.9670958512160228,0.0329041487839771,1.0,off_012830,4021
ALL,1399,0.3479234021387714,0.9671193709792708,0.032880629020729,1.0,off_012839,4021
ALL,1400,0.3481720964934096,0.9671428571428572,0.0328571428571428,1.0,off_012851,4021
ALL,1401,0.3484207908480477,0.9671663097787296,0.0328336902212705,1.0,off_012852,4021
ALL,1402,0.3486694852026859,0.9671897289586304,0.0328102710413694,1.0,off_012853,4021
ALL,1403,0.348918179557324,0.9672131147540984,0.0327868852459016,1.0,off_012855,4021
ALL,1404,0.3491668739119622,0.9672364672364672,0.0327635327635327,1.0,off_012861,4021
ALL,1405,0.3494155682666003,0.9672597864768684,0.0327402135231316,1.0,off_012863,4021
ALL,1406,0.3496642626212385,0.9672830725462304,0.0327169274537695,1.0,off_012884,4021
ALL,1407,0.3499129569758766,0.9673063255152808,0.0326936744847192,1.0,off_012885,4021
ALL,1408,0.3501616513305148,0.9673295454545454,0.0326704545454545,1.0,off_012889,4021
ALL,1409,0.3504103456851529,0.9666430092264016,0.0333569907735983,1.0,off_012903,4021
ALL,1410,0.3506590400397911,0.9666666666666668,0.0333333333333333,1.0,off_012916,4021
ALL,1411,0.3509077343944292,0.966690290574061,0.033309709425939,1.0,off_012918,4021
ALL,1412,0.3511564287490674,0.96671388101983,0.0332861189801699,1.0,off_012943,4021
ALL,1413,0.3514051231037055,0.9667374380750176,0.0332625619249823,1.0,off_012950,4021
ALL,1414,0.3516538174583437,0.9667609618104668,0.0332390381895332,1.0,off_012965,4021
ALL,1415,0.3519025118129818,0.9667844522968198,0.0332155477031802,1.0,off_012966,4021
ALL,1416,0.3521512061676199,0.9668079096045198,0.0331920903954802,1.0,off_012979,4021
ALL,1417,0.3523999005222581,0.9668313338038108,0.0331686661961891,1.0,off_012984,4021
ALL,1418,0.3526485948768963,0.9661495063469676,0.0338504936530324,1.0,off_012990,4021
ALL,1419,0.3528972892315344,0.9661733615221988,0.0338266384778012,1.0,off_013002,4021
ALL,1420,0.3531459835861726,0.9661971830985916,0.0338028169014084,1.0,off_013014,4021
ALL,1421,0.3533946779408107,0.9662209711470796,0.0337790288529204,1.0,off_013050,4021
ALL,1422,0.3536433722954489,0.9662447257383966,0.0337552742616033,1.0,off_013059,4021
ALL,1423,0.353892066650087,0.966268446943078,0.0337315530569219,1.0,off_013064,4021
ALL,1424,0.3541407610047252,0.9662921348314608,0.0337078651685393,1.0,off_013075,4021
ALL,1425,0.3543894553593633,0.9663157894736842,0.0336842105263157,1.0,off_013082,4021
ALL,1426,0.3546381497140015,0.9663394109396914,0.0336605890603085,1.0,off_013090,4021
ALL,1427,0.3548868440686396,0.9663629992992292,0.0336370007007708,1.0,off_013092,4021
ALL,1428,0.3551355384232778,0.9663865546218487,0.0336134453781512,1.0,off_013105,4021
ALL,1429,0.3553842327779159,0.966410076976907,0.033589923023093,1.0,off_013115,4021
ALL,1430,0.355632927132554,0.9664335664335664,0.0335664335664335,1.0,off_013116,4021
ALL,1431,0.3558816214871922,0.9664570230607966,0.0335429769392033,1.0,off_013119,4021
ALL,1432,0.3561303158418304,0.9664804469273744,0.0335195530726257,1.0,off_013124,4021
ALL,1433,0.3563790101964685,0.966503838101884,0.0334961618981158,1.0,off_013126,4021
ALL,1434,0.3566277045511067,0.9665271966527196,0.0334728033472803,1.0,off_013147,4021
ALL,1435,0.3568763989057448,0.9658536585365852,0.0341463414634146,1.0,off_013155,4021
ALL,1436,0.357125093260383,0.9658774373259053,0.0341225626740947,1.0,off_013173,4021
ALL,1437,0.3573737876150211,0.9659011830201808,0.034098816979819,1.0,off_013175,4021
ALL,1438,0.3576224819696593,0.9659248956884562,0.0340751043115438,1.0,off_013178,4021
ALL,1439,0.3578711763242974,0.965948575399583,0.0340514246004169,1.0,off_013179,4021
ALL,1440,0.3581198706789356,0.9659722222222222,0.0340277777777777,1.0,off_013181,4021
ALL,1441,0.3583685650335737,0.965995836224844,0.0340041637751561,1.0,off_013194,4021
ALL,1442,0.3586172593882119,0.9660194174757282,0.0339805825242718,1.0,off_013209,4021
ALL,1443,0.35886595374285,0.966042966042966,0.0339570339570339,1.0,off_013224,4021
ALL,1444,0.3591146480974881,0.96606648199446,0.0339335180055401,1.0,off_013236,4021
ALL,1445,0.3593633424521263,0.966089965397924,0.0339100346020761,1.0,off_013237,4021
ALL,1446,0.3596120368067645,0.9661134163208852,0.0338865836791148,1.0,off_013241,4021
ALL,1447,0.3598607311614026,0.966136834830684,0.0338631651693158,1.0,off_013248,4021
ALL,1448,0.3601094255160408,0.9661602209944752,0.0338397790055248,1.0,off_013265,4021
ALL,1449,0.3603581198706789,0.966183574879227,0.0338164251207729,1.0,off_013268,4021
ALL,1450,0.3606068142253171,0.966206896551724,0.0337931034482758,1.0,off_013270,4021
ALL,1451,0.3608555085799552,0.9662301860785664,0.0337698139214334,1.0,off_013280,4021
ALL,1452,0.3611042029345934,0.9662534435261708,0.0337465564738292,1.0,off_013281,4021
ALL,1453,0.3613528972892315,0.9662766689607708,0.0337233310392291,1.0,off_013289,4021
ALL,1454,0.3616015916438697,0.966299862448418,0.0337001375515818,1.0,off_013299,4021
ALL,1455,0.3618502859985078,0.9663230240549828,0.0336769759450171,1.0,off_013300,4021
ALL,1456,0.3620989803531459,0.966346153846154,0.0336538461538461,1.0,off_013317,4021
ALL,1457,0.3623476747077841,0.96636925188744,0.03363074811256,1.0,off_013332,4021
ALL,1458,0.3625963690624222,0.96639231824417,0.0336076817558299,1.0,off_013333,4021
ALL,1459,0.3628450634170604,0.9664153529814942,0.0335846470185058,1.0,off_013346,4021
ALL,1460,0.3630937577716985,0.9664383561643836,0.0335616438356164,1.0,off_013368,4021
ALL,1461,0.3633424521263367,0.9664613278576316,0.0335386721423682,1.0,off_013371,4021
ALL,1462,0.3635911464809749,0.966484268125855,0.033515731874145,1.0,off_013379,4021
ALL,1463,0.363839840835613,0.9665071770334928,0.0334928229665071,1.0,off_013388,4021
ALL,1464,0.3640885351902512,0.9665300546448088,0.0334699453551912,1.0,off_013389,4021
ALL,1465,0.3643372295448893,0.9665529010238908,0.0334470989761092,1.0,off_013391,4021
ALL,1466,0.3645859238995275,0.966575716234652,0.0334242837653478,1.0,off_013398,4021
ALL,1467,0.3648346182541656,0.9665985003408316,0.0334014996591683,1.0,off_013399,4021
ALL,1468,0.3650833126088038,0.9666212534059946,0.0333787465940054,1.0,off_013401,4021
ALL,1469,0.3653320069634419,0.966643975493533,0.0333560245064669,1.0,off_013416,4021
ALL,1470,0.36558070131808,0.9666666666666668,0.0333333333333333,1.0,off_013421,4021
ALL,1471,0.3658293956727182,0.9660095173351462,0.0339904826648538,1.0,off_013430,4021
ALL,1472,0.3660780900273563,0.9660326086956522,0.0339673913043478,1.0,off_013443,4021
ALL,1473,0.3663267843819945,0.9660556687033266,0.0339443312966734,1.0,off_013519,4021
ALL,1474,0.3665754787366326,0.966078697421981,0.0339213025780189,1.0,off_013543,4021
ALL,1475,0.3668241730912708,0.9661016949152542,0.0338983050847457,1.0,off_013549,4021
ALL,1476,0.367072867445909,0.9661246612466124,0.0338753387533875,1.0,off_013550,4021
ALL,1477,0.3673215618005471,0.96614759647935,0.0338524035206499,1.0,off_013558,4021
ALL,1478,0.3675702561551853,0.96617050067659,0.03382949932341,1.0,off_013569,4021
ALL,1479,0.3678189505098234,0.9661933739012848,0.0338066260987153,1.0,off_013588,4021
ALL,1480,0.3680676448644616,0.9662162162162162,0.0337837837837837,1.0,off_013589,4021
ALL,1481,0.3683163392190997,0.9662390276839972,0.0337609723160027,1.0,off_013596,4021
ALL,1482,0.3685650335737379,0.9662618083670717,0.0337381916329284,1.0,off_013610,4021
ALL,1483,0.368813727928376,0.966284558327714,0.0337154416722859,1.0,off_013619,4021
ALL,1484,0.3690624222830141,0.9663072776280324,0.0336927223719676,1.0,off_013620,4021
ALL,1485,0.3693111166376523,0.9663299663299664,0.0336700336700336,1.0,off_013621,4021
ALL,1486,0.3695598109922904,0.9663526244952894,0.0336473755047106,1.0,off_013641,4021
ALL,1487,0.3698085053469286,0.9663752521856086,0.0336247478143913,1.0,off_013642,4021
ALL,1488,0.3700571997015667,0.9663978494623656,0.0336021505376344,1.0,off_013665,4021
ALL,1489,0.3703058940562049,0.9664204163868368,0.0335795836131632,1.0,off_013684,4021
ALL,1490,0.3705545884108431,0.9664429530201344,0.0335570469798657,1.0,off_013703,4021
ALL,1491,0.3708032827654812,0.966465459423206,0.0335345405767941,1.0,off_013707,4021
ALL,1492,0.3710519771201194,0.9664879356568364,0.0335120643431635,1.0,off_013714,4021
ALL,1493,0.3713006714747575,0.9665103817816476,0.0334896182183523,1.0,off_013720,4021
ALL,1494,0.3715493658293957,0.9665327978580992,0.0334672021419009,1.0,off_013735,4021
ALL,1495,0.3717980601840338,0.9665551839464884,0.0334448160535117,1.0,off_013751,4021
ALL,1496,0.372046754538672,0.9665775401069518,0.0334224598930481,1.0,off_013757,4021
ALL,1497,0.3722954488933101,0.9665998663994656,0.0334001336005344,1.0,off_013758,4021
ALL,1498,0.3725441432479482,0.9666221628838452,0.0333778371161548,1.0,off_013767,4021
ALL,1499,0.3727928376025864,0.9666444296197464,0.0333555703802535,1.0,off_013777,4021
ALL,1500,0.3730415319572245,0.9666666666666668,0.0333333333333333,1.0,off_013794,4021
ALL,1501,0.3732902263118627,0.966688874083944,0.0333111259160559,1.0,off_013817,4021
ALL,1502,0.3735389206665008,0.966711051930759,0.033288948069241,1.0,off_013819,4021
ALL,1503,0.373787615021139,0.9667332002661344,0.0332667997338656,1.0,off_013821,4021
ALL,1504,0.3740363093757771,0.9667553191489362,0.0332446808510638,1.0,off_013841,4021
ALL,1505,0.3742850037304153,0.9667774086378738,0.0332225913621262,1.0,off_013850,4021
ALL,1506,0.3745336980850535,0.9667994687915008,0.0332005312084993,1.0,off_013851,4021
ALL,1507,0.3747823924396916,0.966821499668215,0.033178500331785,1.0,off_013854,4021
ALL,1508,0.3750310867943298,0.96684350132626,0.03315649867374,1.0,off_013866,4021
ALL,1509,0.3752797811489679,0.9668654738237245,0.0331345261762756,1.0,off_013888,4021
ALL,1510,0.3755284755036061,0.9668874172185432,0.0331125827814569,1.0,off_013894,4021
ALL,1511,0.3757771698582442,0.9669093315684976,0.0330906684315023,1.0,off_013900,4021
ALL,1512,0.3760258642128823,0.9662698412698412,0.0337301587301587,1.0,off_013926,4021
ALL,1513,0.3762745585675205,0.9662921348314608,0.0337078651685393,1.0,off_013929,4021
ALL,1514,0.3765232529221586,0.9663143989431968,0.0336856010568031,1.0,off_013932,4021
ALL,1515,0.3767719472767968,0.9663366336633664,0.0336633663366336,1.0,off_013937,4021
ALL,1516,0.3770206416314349,0.966358839050132,0.033641160949868,1.0,off_013959,4021
ALL,1517,0.3772693359860731,0.966381015161503,0.033618984838497,1.0,off_013974,4021
ALL,1518,0.3775180303407112,0.966403162055336,0.033596837944664,1.0,off_013975,4021
ALL,1519,0.3777667246953494,0.9664252797893352,0.0335747202106649,1.0,off_013976,4021
ALL,1520,0.3780154190499876,0.9664473684210526,0.0335526315789473,1.0,off_013984,4021
ALL,1521,0.3782641134046257,0.9664694280078896,0.0335305719921104,1.0,off_013995,4021
ALL,1522,0.3785128077592639,0.966491458607096,0.033508541392904,1.0,off_013999,4021
ALL,1523,0.378761502113902,0.9658568614576494,0.0341431385423506,1.0,off_014002,4021
ALL,1524,0.3790101964685402,0.9658792650918636,0.0341207349081364,1.0,off_014006,4021
ALL,1525,0.3792588908231783,0.9659016393442624,0.0340983606557377,1.0,off_014007,4021
ALL,1526,0.3795075851778164,0.9659239842726082,0.0340760157273918,1.0,off_014017,4021
ALL,1527,0.3797562795324546,0.965946299934512,0.0340537000654878,1.0,off_014036,4021
ALL,1528,0.3800049738870927,0.9659685863874344,0.0340314136125654,1.0,off_014054,4021
ALL,1529,0.3802536682417309,0.9659908436886854,0.0340091563113145,1.0,off_014072,4021
ALL,1530,0.380502362596369,0.9660130718954248,0.0339869281045751,1.0,off_014077,4021
ALL,1531,0.3807510569510072,0.9660352710646636,0.0339647289353363,1.0,off_014082,4021
ALL,1532,0.3809997513056453,0.9660574412532636,0.0339425587467362,1.0,off_014084,4021
ALL,1533,0.3812484456602835,0.9660795825179388,0.0339204174820613,1.0,off_014087,4021
ALL,1534,0.3814971400149217,0.9661016949152542,0.0338983050847457,1.0,off_014094,4021
ALL,1535,0.3817458343695598,0.9661237785016288,0.0338762214983713,1.0,off_014095,4021
ALL,1536,0.381994528724198,0.9661458333333334,0.0338541666666666,1.0,off_014107,4021
ALL,1537,0.3822432230788361,0.9661678594664932,0.0338321405335068,1.0,off_014109,4021
ALL,1538,0.3824919174334742,0.9661898569570871,0.0338101430429128,1.0,off_014114,4021
ALL,1539,0.3827406117881124,0.9662118258609488,0.0337881741390513,1.0,off_014115,4021
ALL,1540,0.3829893061427505,0.9662337662337662,0.0337662337662337,1.0,off_014139,4021
ALL,1541,0.3832380004973887,0.9662556781310836,0.0337443218689162,1.0,off_014161,4021
ALL,1542,0.3834866948520268,0.9662775616083008,0.033722438391699,1.0,off_014169,4021
ALL,1543,0.383735389206665,0.966299416720674,0.0337005832793259,1.0,off_014180,4021
ALL,1544,0.3839840835613031,0.966321243523316,0.0336787564766839,1.0,off_014183,4021
ALL,1545,0.3842327779159413,0.9663430420711974,0.0336569579288025,1.0,off_014192,4021
ALL,1546,0.3844814722705794,0.9663648124191462,0.0336351875808538,1.0,off_014199,4021
ALL,1547,0.3847301666252176,0.9663865546218487,0.0336134453781512,1.0,off_014202,4021
ALL,1548,0.3849788609798557,0.96640826873385,0.0335917312661498,1.0,off_014204,4021
ALL,1549,0.3852275553344939,0.9657843770174306,0.0342156229825694,1.0,off_014211,4021
ALL,1550,0.3854762496891321,0.9658064516129032,0.0341935483870967,1.0,off_014218,4021
ALL,1551,0.3857249440437702,0.9658284977433914,0.0341715022566086,1.0,off_014224,4021
ALL,1552,0.3859736383984083,0.9658505154639176,0.0341494845360824,1.0,off_014253,4021
ALL,1553,0.3862223327530465,0.9658725048293624,0.0341274951706374,1.0,off_014263,4021
ALL,1554,0.3864710271076846,0.965894465894466,0.0341055341055341,1.0,off_014271,4021
ALL,1555,0.3867197214623228,0.9659163987138264,0.0340836012861736,1.0,off_014278,4021
ALL,1556,0.3869684158169609,0.9659383033419024,0.0340616966580976,1.0,off_014327,4021
ALL,1557,0.3872171101715991,0.9659601798330122,0.0340398201669878,1.0,off_014328,4021
ALL,1558,0.3874658045262372,0.9659820282413352,0.0340179717586649,1.0,off_014336,4021
ALL,1559,0.3877144988808754,0.9660038486209108,0.0339961513790891,1.0,off_014360,4021
ALL,1560,0.3879631932355135,0.966025641025641,0.0339743589743589,1.0,off_014369,4021
ALL,1561,0.3882118875901517,0.9660474055092888,0.033952594490711,1.0,off_014370,4021
ALL,1562,0.3884605819447898,0.96606914212548,0.0339308578745198,1.0,off_014390,4021
ALL,1563,0.388709276299428,0.9660908509277032,0.0339091490722968,1.0,off_014405,4021
ALL,1564,0.3889579706540662,0.9661125319693096,0.0338874680306905,1.0,off_014413,4021
ALL,1565,0.3892066650087043,0.9661341853035144,0.0338658146964856,1.0,off_014433,4021
ALL,1566,0.3894553593633424,0.9661558109833972,0.0338441890166028,1.0,off_014440,4021
ALL,1567,0.3897040537179806,0.9661774090619016,0.0338225909380982,1.0,off_014443,4021
ALL,1568,0.3899527480726187,0.9661989795918368,0.0338010204081632,1.0,off_014444,4021
ALL,1569,0.3902014424272569,0.9662205226258764,0.0337794773741236,1.0,off_014445,4021
ALL,1570,0.390450136781895,0.9662420382165604,0.0337579617834394,1.0,off_014449,4021
ALL,1571,0.3906988311365332,0.9662635264162952,0.0337364735837046,1.0,off_014450,4021
ALL,1572,0.3909475254911713,0.9662849872773536,0.0337150127226463,1.0,off_014467,4021
ALL,1573,0.3911962198458095,0.9663064208518752,0.0336935791481246,1.0,off_014468,4021
ALL,1574,0.3914449142004476,0.9663278271918678,0.0336721728081321,1.0,off_014475,4021
ALL,1575,0.3916936085550858,0.9663492063492064,0.0336507936507936,1.0,off_014481,4021
ALL,1576,0.3919423029097239,0.9663705583756346,0.0336294416243654,1.0,off_014499,4021
ALL,1577,0.3921909972643621,0.9663918833227648,0.0336081166772352,1.0,off_014510,4021
ALL,1578,0.3924396916190003,0.9664131812420784,0.0335868187579214,1.0,off_014521,4021
ALL,1579,0.3926883859736384,0.9658011399620012,0.0341988600379987,1.0,off_014542,4021
ALL,1580,0.3929370803282765,0.9658227848101266,0.0341772151898734,1.0,off_014555,4021
ALL,1581,0.3931857746829147,0.9658444022770398,0.0341555977229601,1.0,off_014567,4021
ALL,1582,0.3934344690375528,0.965865992414665,0.034134007585335,1.0,off_014575,4021
ALL,1583,0.393683163392191,0.9658875552747948,0.0341124447252053,1.0,off_014612,4021
ALL,1584,0.3939318577468291,0.9659090909090908,0.034090909090909,1.0,off_014615,4021
ALL,1585,0.3941805521014673,0.9659305993690852,0.0340694006309148,1.0,off_014632,4021
ALL,1586,0.3944292464561054,0.9659520807061792,0.0340479192938209,1.0,off_014637,4021
ALL,1587,0.3946779408107436,0.9659735349716446,0.0340264650283553,1.0,off_014638,4021
ALL,1588,0.3949266351653817,0.9659949622166248,0.0340050377833753,1.0,off_014645,4021
ALL,1589,0.3951753295200199,0.9660163624921334,0.0339836375078665,1.0,off_014649,4021
ALL,1590,0.395424023874658,0.9660377358490566,0.0339622641509433,1.0,off_014653,4021
ALL,1591,0.3956727182292961,0.966059082338152,0.0339409176618479,1.0,off_014671,4021
ALL,1592,0.3959214125839343,0.9660804020100504,0.0339195979899497,1.0,off_014678,4021
ALL,1593,0.3961701069385725,0.9661016949152542,0.0338983050847457,1.0,off_014698,4021
ALL,1594,0.3964188012932106,0.9661229611041404,0.0338770388958594,1.0,off_014703,4021
ALL,1595,0.3966674956478488,0.9661442006269592,0.0338557993730407,1.0,off_014704,4021
ALL,1596,0.3969161900024869,0.9655388471177944,0.0344611528822055,1.0,off_014706,4021
ALL,1597,0.3971648843571251,0.965560425798372,0.034439574201628,1.0,off_014731,4021
ALL,1598,0.3974135787117632,0.9655819774718398,0.0344180225281602,1.0,off_014747,4021
ALL,1599,0.3976622730664014,0.965603502188868,0.0343964978111319,1.0,off_014751,4021
ALL,1600,0.3979109674210395,0.965625,0.034375,1.0,off_014785,4021
ALL,1601,0.3981596617756777,0.9656464709556528,0.0343535290443472,1.0,off_014786,4021
ALL,1602,0.3984083561303158,0.9656679151061174,0.0343320848938826,1.0,off_014796,4021
ALL,1603,0.398657050484954,0.9656893325015596,0.0343106674984404,1.0,off_014808,4021
ALL,1604,0.3989057448395921,0.96571072319202,0.03428927680798,1.0,off_014810,4021
ALL,1605,0.3991544391942302,0.9657320872274144,0.0342679127725856,1.0,off_014814,4021
ALL,1606,0.3994031335488684,0.9657534246575342,0.0342465753424657,1.0,off_014817,4021
ALL,1607,0.3996518279035066,0.9657747355320472,0.0342252644679527,1.0,off_014841,4021
ALL,1608,0.3999005222581447,0.9657960199004976,0.0342039800995024,1.0,off_014842,4021
ALL,1609,0.4001492166127829,0.9658172778123058,0.0341827221876942,1.0,off_014853,4021
ALL,1610,0.400397910967421,0.9658385093167702,0.0341614906832298,1.0,off_014854,4021
ALL,1611,0.4006466053220592,0.9658597144630664,0.0341402855369335,1.0,off_014856,4021
ALL,1612,0.4008952996766973,0.9658808933002482,0.0341191066997518,1.0,off_014863,4021
ALL,1613,0.4011439940313355,0.9659020458772474,0.0340979541227526,1.0,off_014875,4021
ALL,1614,0.4013926883859736,0.9659231722428748,0.0340768277571251,1.0,off_014888,4021
ALL,1615,0.4016413827406118,0.9659442724458204,0.0340557275541795,1.0,off_014890,4021
ALL,1616,0.4018900770952499,0.9653465346534652,0.0346534653465346,1.0,off_014893,4021
ALL,1617,0.4021387714498881,0.9653679653679652,0.0346320346320346,1.0,off_014905,4021
ALL,1618,0.4023874658045262,0.965389369592089,0.034610630407911,1.0,off_014912,4021
ALL,1619,0.4026361601591643,0.9654107473749228,0.0345892526250772,1.0,off_014916,4021
ALL,1620,0.4028848545138025,0.965432098765432,0.0345679012345679,1.0,off_014919,4021
ALL,1621,0.4031335488684406,0.9654534238124616,0.0345465761875385,1.0,off_014938,4021
ALL,1622,0.4033822432230788,0.9654747225647348,0.0345252774352651,1.0,off_014949,4021
ALL,1623,0.403630937577717,0.9654959950708564,0.0345040049291435,1.0,off_014950,4021
ALL,1624,0.4038796319323551,0.9655172413793104,0.0344827586206896,1.0,off_014971,4021
ALL,1625,0.4041283262869933,0.9655384615384616,0.0344615384615384,1.0,off_014972,4021
ALL,1626,0.4043770206416314,0.965559655596556,0.034440344403444,1.0,off_014976,4021
ALL,1627,0.4046257149962696,0.9655808236017208,0.034419176398279,1.0,off_014978,4021
ALL,1628,0.4048744093509077,0.9656019656019657,0.0343980343980344,1.0,off_014983,4021
ALL,1629,0.4051231037055459,0.9656230816451812,0.0343769183548189,1.0,off_015002,4021
ALL,1630,0.405371798060184,0.9656441717791412,0.0343558282208589,1.0,off_015008,4021
ALL,1631,0.4056204924148222,0.965665236051502,0.0343347639484978,1.0,off_015034,4021
ALL,1632,0.4058691867694603,0.965686274509804,0.034313725490196,1.0,off_015039,4021
ALL,1633,0.4061178811240984,0.9657072872014696,0.0342927127985303,1.0,off_015063,4021
ALL,1634,0.4063665754787366,0.9657282741738066,0.0342717258261933,1.0,off_015093,4021
ALL,1635,0.4066152698333747,0.9657492354740062,0.0342507645259938,1.0,off_015094,4021
ALL,1636,0.4068639641880129,0.9657701711491442,0.0342298288508557,1.0,off_015105,4021
ALL,1637,0.4071126585426511,0.9651802076970069,0.0348197923029932,1.0,off_015114,4021
ALL,1638,0.4073613528972892,0.9652014652014652,0.0347985347985348,1.0,off_015125,4021
ALL,1639,0.4076100472519274,0.9652226967663208,0.034777303233679,1.0,off_015126,4021
ALL,1640,0.4078587416065655,0.9652439024390244,0.0347560975609756,1.0,off_015130,4021
ALL,1641,0.4081074359612037,0.9652650822669104,0.0347349177330895,1.0,off_015133,4021
ALL,1642,0.4083561303158418,0.9646772228989038,0.0353227771010962,1.0,off_015146,4021
ALL,1643,0.40860482467048,0.9646987218502738,0.0353012781497261,1.0,off_015147,4021
ALL,1644,0.4088535190251181,0.964720194647202,0.035279805352798,1.0,off_015153,4021
ALL,1645,0.4091022133797563,0.964741641337386,0.0352583586626139,1.0,off_015154,4021
ALL,1646,0.4093509077343944,0.9647630619684082,0.0352369380315917,1.0,off_015161,4021
ALL,1647,0.4095996020890325,0.9647844565877352,0.0352155434122647,1.0,off_015171,4021
ALL,1648,0.4098482964436707,0.9648058252427184,0.0351941747572815,1.0,off_015173,4021
ALL,1649,0.4100969907983088,0.9648271679805944,0.0351728320194057,1.0,off_015176,4021
ALL,1650,0.410345685152947,0.9642424242424242,0.0357575757575757,1.0,off_015191,4021
ALL,1651,0.4105943795075852,0.9636583888552392,0.0363416111447607,1.0,off_015202,4021
ALL,1652,0.4108430738622233,0.9636803874092008,0.036319612590799,1.0,off_015206,4021
ALL,1653,0.4110917682168615,0.9637023593466424,0.0362976406533575,1.0,off_015231,4021
ALL,1654,0.4113404625714996,0.9631197097944376,0.0368802902055622,1.0,off_015234,4021
ALL,1655,0.4115891569261378,0.963141993957704,0.036858006042296,1.0,off_015238,4021
ALL,1656,0.4118378512807759,0.96256038647343,0.03743961352657,1.0,off_015246,4021
ALL,1657,0.4120865456354141,0.9625829812914908,0.0374170187085093,1.0,off_015249,4021
ALL,1658,0.4123352399900522,0.962605548854041,0.0373944511459589,1.0,off_015281,4021
ALL,1659,0.4125839343446904,0.9626280892103676,0.0373719107896323,1.0,off_015308,4021
ALL,1660,0.4128326286993285,0.9626506024096384,0.0373493975903614,1.0,off_015310,4021
ALL,1661,0.4130813230539666,0.962673088500903,0.0373269114990969,1.0,off_015316,4021
ALL,1662,0.4133300174086048,0.9626955475330926,0.0373044524669073,1.0,off_015327,4021
ALL,1663,0.4135787117632429,0.962717979555021,0.0372820204449789,1.0,off_015329,4021
ALL,1664,0.4138274061178811,0.9627403846153846,0.0372596153846153,1.0,off_015331,4021
ALL,1665,0.4140761004725192,0.9627627627627628,0.0372372372372372,1.0,off_015338,4021
ALL,1666,0.4143247948271574,0.9627851140456184,0.0372148859543817,1.0,off_015345,4021
ALL,1667,0.4145734891817956,0.9628074385122976,0.0371925614877024,1.0,off_015346,4021
ALL,1668,0.4148221835364337,0.9628297362110312,0.0371702637889688,1.0,off_015351,4021
ALL,1669,0.4150708778910719,0.962852007189934,0.0371479928100659,1.0,off_015358,4021
ALL,1670,0.41531957224571,0.962874251497006,0.037125748502994,1.0,off_015364,4021
ALL,1671,0.4155682666003482,0.9628964691801316,0.0371035308198683,1.0,off_015367,4021
ALL,1672,0.4158169609549863,0.9629186602870814,0.0370813397129186,1.0,off_015396,4021
ALL,1673,0.4160656553096244,0.962940824865511,0.0370591751344889,1.0,off_015406,4021
ALL,1674,0.4163143496642626,0.962962962962963,0.037037037037037,1.0,off_015411,4021
ALL,1675,0.4165630440189007,0.9629850746268656,0.0370149253731343,1.0,off_015435,4021
ALL,1676,0.4168117383735389,0.9630071599045346,0.0369928400954653,1.0,off_015448,4021
ALL,1677,0.417060432728177,0.9630292188431724,0.0369707811568276,1.0,off_015451,4021
ALL,1678,0.4173091270828152,0.9630512514898688,0.0369487485101311,1.0,off_015458,4021
ALL,1679,0.4175578214374533,0.963073257891602,0.0369267421083978,1.0,off_015459,4021
ALL,1680,0.4178065157920915,0.963095238095238,0.0369047619047619,1.0,off_015479,4021
ALL,1681,0.4180552101467297,0.9631171921475312,0.0368828078524687,1.0,off_015480,4021
ALL,1682,0.4183039045013678,0.9631391200951248,0.0368608799048751,1.0,off_015487,4021
ALL,1683,0.418552598856006,0.9631610219845514,0.0368389780154486,1.0,off_015491,4021
ALL,1684,0.4188012932106441,0.9631828978622328,0.0368171021377672,1.0,off_015500,4021
ALL,1685,0.4190499875652823,0.9632047477744808,0.0367952522255192,1.0,off_015503,4021
ALL,1686,0.4192986819199204,0.963226571767497,0.0367734282325029,1.0,off_015522,4021
ALL,1687,0.4195473762745585,0.963248369887374,0.0367516301126259,1.0,off_015554,4021
ALL,1688,0.4197960706291967,0.9632701421800948,0.0367298578199052,1.0,off_015565,4021
ALL,1689,0.4200447649838348,0.9632918886915336,0.0367081113084665,1.0,off_015568,4021
ALL,1690,0.420293459338473,0.9633136094674556,0.0366863905325443,1.0,off_015573,4021
ALL,1691,0.4205421536931111,0.9633353045535188,0.0366646954464813,1.0,off_015580,4021
ALL,1692,0.4207908480477493,0.963356973995272,0.0366430260047281,1.0,off_015583,4021
ALL,1693,0.4210395424023874,0.9633786178381571,0.0366213821618428,1.0,off_015591,4021
ALL,1694,0.4212882367570256,0.9634002361275088,0.0365997638724911,1.0,off_015598,4021
ALL,1695,0.4215369311116638,0.9634218289085544,0.0365781710914454,1.0,off_015677,4021
ALL,1696,0.4217856254663019,0.9634433962264152,0.0365566037735849,1.0,off_015688,4021
ALL,1697,0.4220343198209401,0.9634649381261048,0.0365350618738951,1.0,off_015711,4021
ALL,1698,0.4222830141755782,0.9634864546525324,0.0365135453474676,1.0,off_015713,4021
ALL,1699,0.4225317085302164,0.9635079458505004,0.0364920541494997,1.0,off_015716,4021
ALL,1700,0.4227804028848545,0.963529411764706,0.0364705882352941,1.0,off_015720,4021
ALL,1701,0.4230290972394926,0.9635508524397414,0.0364491475602586,1.0,off_015732,4021
ALL,1702,0.4232777915941308,0.963572267920094,0.0364277320799059,1.0,off_015743,4021
ALL,1703,0.4235264859487689,0.9635936582501468,0.0364063417498532,1.0,off_015757,4021
ALL,1704,0.4237751803034071,0.9636150234741784,0.0363849765258215,1.0,off_015761,4021
ALL,1705,0.4240238746580452,0.9636363636363636,0.0363636363636363,1.0,off_015771,4021
ALL,1706,0.4242725690126834,0.963071512309496,0.0369284876905041,1.0,off_015773,4021
ALL,1707,0.4245212633673215,0.9630931458699472,0.0369068541300527,1.0,off_015792,4021
ALL,1708,0.4247699577219597,0.9631147540983608,0.0368852459016393,1.0,off_015797,4021
ALL,1709,0.4250186520765978,0.9631363370392042,0.0368636629607957,1.0,off_015800,4021
ALL,1710,0.425267346431236,0.963157894736842,0.0368421052631578,1.0,off_015805,4021
ALL,1711,0.4255160407858742,0.9631794272355348,0.0368205727644652,1.0,off_015809,4021
ALL,1712,0.4257647351405123,0.9632009345794392,0.0367990654205607,1.0,off_015814,4021
ALL,1713,0.4260134294951505,0.9632224168126094,0.0367775831873905,1.0,off_015820,4021
ALL,1714,0.4262621238497886,0.9632438739789964,0.0367561260210035,1.0,off_015841,4021
ALL,1715,0.4265108182044267,0.963265306122449,0.036734693877551,1.0,off_015846,4021
ALL,1716,0.4267595125590649,0.9632867132867132,0.0367132867132867,1.0,off_015848,4021
ALL,1717,0.427008206913703,0.9633080955154338,0.0366919044845661,1.0,off_015864,4021
ALL,1718,0.4272569012683412,0.9633294528521535,0.0366705471478463,1.0,off_015875,4021
ALL,1719,0.4275055956229793,0.9633507853403142,0.0366492146596858,1.0,off_015878,4021
ALL,1720,0.4277542899776175,0.9633720930232558,0.0366279069767441,1.0,off_015912,4021
ALL,1721,0.4280029843322556,0.9633933759442184,0.0366066240557815,1.0,off_015929,4021
ALL,1722,0.4282516786868938,0.9634146341463414,0.0365853658536585,1.0,off_015963,4021
ALL,1723,0.4285003730415319,0.963435867672664,0.036564132327336,1.0,off_015978,4021
ALL,1724,0.4287490673961701,0.9634570765661252,0.0365429234338747,1.0,off_015985,4021
ALL,1725,0.4289977617508083,0.9634782608695652,0.0365217391304347,1.0,off_015986,4021
ALL,1726,0.4292464561054464,0.9634994206257242,0.0365005793742757,1.0,off_016007,4021
ALL,1727,0.4294951504600846,0.9635205558772436,0.0364794441227562,1.0,off_016016,4021
ALL,1728,0.4297438448147227,0.9635416666666666,0.0364583333333333,1.0,off_016024,4021
ALL,1729,0.4299925391693608,0.9635627530364372,0.0364372469635627,1.0,off_016029,4021
ALL,1730,0.430241233523999,0.9635838150289018,0.0364161849710982,1.0,off_016044,4021
ALL,1731,0.4304899278786371,0.9636048526863084,0.0363951473136915,1.0,off_016057,4021
ALL,1732,0.4307386222332753,0.9630484988452656,0.0369515011547344,1.0,off_016070,4021
ALL,1733,0.4309873165879134,0.963069821119446,0.0369301788805539,1.0,off_016081,4021
ALL,1734,0.4312360109425516,0.9630911188004614,0.0369088811995386,1.0,off_016087,4021
ALL,1735,0.4314847052971897,0.9631123919308358,0.0368876080691642,1.0,off_016090,4021
ALL,1736,0.4317333996518279,0.9631336405529954,0.0368663594470046,1.0,off_016096,4021
ALL,1737,0.431982094006466,0.9625791594703512,0.0374208405296488,1.0,off_016136,4021
ALL,1738,0.4322307883611042,0.9626006904487916,0.0373993095512082,1.0,off_016140,4021
ALL,1739,0.4324794827157423,0.96262219666475,0.0373778033352501,1.0,off_016146,4021
ALL,1740,0.4327281770703805,0.9620689655172414,0.0379310344827586,1.0,off_016147,4021
ALL,1741,0.4329768714250187,0.9620907524411256,0.0379092475588742,1.0,off_016160,4021
ALL,1742,0.4332255657796568,0.9621125143513204,0.0378874856486796,1.0,off_016163,4021
ALL,1743,0.4334742601342949,0.9621342512908778,0.0378657487091222,1.0,off_016166,4021
ALL,1744,0.4337229544889331,0.9621559633027524,0.0378440366972477,1.0,off_016169,4021
ALL,1745,0.4339716488435712,0.9621776504297994,0.0378223495702005,1.0,off_016175,4021
ALL,1746,0.4342203431982094,0.9621993127147768,0.0378006872852233,1.0,off_016176,4021
ALL,1747,0.4344690375528475,0.9622209502003436,0.0377790497996565,1.0,off_016189,4021
ALL,1748,0.4347177319074857,0.9622425629290616,0.0377574370709382,1.0,off_016192,4021
ALL,1749,0.4349664262621238,0.9622641509433962,0.0377358490566037,1.0,off_016194,4021
ALL,1750,0.435215120616762,0.9617142857142856,0.0382857142857142,1.0,off_016213,4021
ALL,1751,0.4354638149714001,0.961736150770988,0.0382638492290119,1.0,off_016215,4021
ALL,1752,0.4357125093260383,0.96175799086758,0.03824200913242,1.0,off_016218,4021
ALL,1753,0.4359612036806764,0.9617798060467768,0.038220193953223,1.0,off_016222,4021
ALL,1754,0.4362098980353146,0.9618015963511972,0.0381984036488027,1.0,off_016250,4021
ALL,1755,0.4364585923899527,0.9618233618233618,0.0381766381766381,1.0,off_016275,4021
ALL,1756,0.4367072867445909,0.9618451025056948,0.0381548974943052,1.0,off_016284,4021
ALL,1757,0.436955981099229,0.9618668184405236,0.0381331815594763,1.0,off_016336,4021
ALL,1758,0.4372046754538672,0.9618885096700796,0.0381114903299203,1.0,off_016348,4021
ALL,1759,0.4374533698085053,0.961910176236498,0.0380898237635019,1.0,off_016349,4021
ALL,1760,0.4377020641631435,0.9619318181818182,0.0380681818181818,1.0,off_016350,4021
ALL,1761,0.4379507585177816,0.961953435547984,0.0380465644520159,1.0,off_016358,4021
ALL,1762,0.4381994528724198,0.9619750283768445,0.0380249716231555,1.0,off_016368,4021
ALL,1763,0.4384481472270579,0.9619965967101533,0.0380034032898468,1.0,off_016382,4021
ALL,1764,0.4386968415816961,0.9620181405895692,0.0379818594104308,1.0,off_016394,4021
ALL,1765,0.4389455359363342,0.9620396600566572,0.0379603399433427,1.0,off_016414,4021
ALL,1766,0.4391942302909724,0.962061155152888,0.0379388448471121,1.0,off_016423,4021
ALL,1767,0.4394429246456105,0.9620826259196378,0.0379173740803621,1.0,off_016434,4021
ALL,1768,0.4396916190002486,0.96210407239819,0.0378959276018099,1.0,off_016436,4021
ALL,1769,0.4399403133548868,0.9621254946297344,0.0378745053702656,1.0,off_016444,4021
ALL,1770,0.440189007709525,0.9621468926553672,0.0378531073446327,1.0,off_016448,4021
ALL,1771,0.4404377020641631,0.9621682665160926,0.0378317334839074,1.0,off_016458,4021
ALL,1772,0.4406863964188013,0.9621896162528216,0.0378103837471783,1.0,off_016462,4021
ALL,1773,0.4409350907734394,0.9622109419063734,0.0377890580936266,1.0,off_016467,4021
ALL,1774,0.4411837851280776,0.9622322435174746,0.0377677564825253,1.0,off_016476,4021
ALL,1775,0.4414324794827157,0.9622535211267604,0.0377464788732394,1.0,off_016495,4021
ALL,1776,0.4416811738373539,0.9622747747747749,0.0377252252252252,1.0,off_016498,4021
ALL,1777,0.441929868191992,0.9622960045019696,0.0377039954980303,1.0,off_016501,4021
ALL,1778,0.4421785625466302,0.9623172103487064,0.0376827896512935,1.0,off_016505,4021
ALL,1779,0.4424272569012683,0.9623383923552558,0.0376616076447442,1.0,off_016515,4021
ALL,1780,0.4426759512559065,0.9623595505617978,0.0376404494382022,1.0,off_016522,4021
ALL,1781,0.4429246456105446,0.9623806850084222,0.0376193149915777,1.0,off_016526,4021
ALL,1782,0.4431733399651827,0.9624017957351292,0.0375982042648709,1.0,off_016529,4021
ALL,1783,0.4434220343198209,0.9624228827818284,0.0375771172181716,1.0,off_016541,4021
ALL,1784,0.4436707286744591,0.9624439461883408,0.0375560538116591,1.0,off_016555,4021
ALL,1785,0.4439194230290972,0.9624649859943978,0.0375350140056022,1.0,off_016558,4021
ALL,1786,0.4441681173837354,0.9624860022396416,0.0375139977603583,1.0,off_016569,4021
ALL,1787,0.4444168117383735,0.9625069949636262,0.0374930050363738,1.0,off_016573,4021
ALL,1788,0.4446655060930117,0.9625279642058164,0.0374720357941834,1.0,off_016589,4021
ALL,1789,0.4449142004476498,0.9625489100055896,0.0374510899944102,1.0,off_016591,4021
ALL,1790,0.445162894802288,0.9620111731843576,0.0379888268156424,1.0,off_016609,4021
ALL,1791,0.4454115891569261,0.9620323841429368,0.037967615857063,1.0,off_016610,4021
ALL,1792,0.4456602835115643,0.9620535714285714,0.0379464285714285,1.0,off_016612,4021
ALL,1793,0.4459089778662024,0.96207473508087,0.0379252649191299,1.0,off_016624,4021
ALL,1794,0.4461576722208406,0.9620958751393534,0.0379041248606466,1.0,off_016647,4021
ALL,1795,0.4464063665754787,0.962116991643454,0.0378830083565459,1.0,off_016663,4021
ALL,1796,0.4466550609301168,0.9621380846325168,0.0378619153674833,1.0,off_016673,4021
ALL,1797,0.446903755284755,0.9621591541457986,0.0378408458542014,1.0,off_016679,4021
ALL,1798,0.4471524496393932,0.9621802002224694,0.0378197997775305,1.0,off_016688,4021
ALL,1799,0.4474011439940313,0.962201222901612,0.0377987770983879,1.0,off_016689,4021
ALL,1800,0.4476498383486695,0.9622222222222222,0.0377777777777777,1.0,off_016701,4021
ALL,1801,0.4478985327033076,0.9622431982232094,0.0377568017767906,1.0,off_016702,4021
ALL,1802,0.4481472270579458,0.9622641509433962,0.0377358490566037,1.0,off_016712,4021
ALL,1803,0.4483959214125839,0.9622850804215196,0.0377149195784803,1.0,off_016715,4021
ALL,1804,0.4486446157672221,0.9623059866962306,0.0376940133037694,1.0,off_016745,4021
ALL,1805,0.4488933101218602,0.9623268698060942,0.0376731301939058,1.0,off_016756,4021
ALL,1806,0.4491420044764984,0.9623477297895904,0.0376522702104097,1.0,off_016757,4021
ALL,1807,0.4493906988311365,0.9623685666851134,0.0376314333148865,1.0,off_016767,4021
ALL,1808,0.4496393931857746,0.9623893805309734,0.0376106194690265,1.0,off_016784,4021
ALL,1809,0.4498880875404128,0.9624101713653952,0.0375898286346047,1.0,off_016785,4021
ALL,1810,0.4501367818950509,0.9624309392265192,0.0375690607734806,1.0,off_016793,4021
ALL,1811,0.4503854762496891,0.962451684152402,0.037548315847598,1.0,off_016800,4021
ALL,1812,0.4506341706043272,0.9624724061810156,0.0375275938189845,1.0,off_016802,4021
ALL,1813,0.4508828649589654,0.9624931053502482,0.0375068946497517,1.0,off_016810,4021
ALL,1814,0.4511315593136036,0.9625137816979052,0.0374862183020948,1.0,off_016821,4021
ALL,1815,0.4513802536682417,0.962534435261708,0.037465564738292,1.0,off_016842,4021
ALL,1816,0.4516289480228799,0.9625550660792952,0.0374449339207048,1.0,off_016845,4021
ALL,1817,0.451877642377518,0.9625756741882224,0.0374243258117776,1.0,off_016855,4021
ALL,1818,0.4521263367321562,0.9625962596259626,0.0374037403740374,1.0,off_016877,4021
ALL,1819,0.4523750310867943,0.9626168224299064,0.0373831775700934,1.0,off_016878,4021
ALL,1820,0.4526237254414325,0.9626373626373628,0.0373626373626373,1.0,off_016888,4021
ALL,1821,0.4528724197960706,0.9626578802855574,0.0373421197144426,1.0,off_016907,4021
ALL,1822,0.4531211141507087,0.9626783754116356,0.0373216245883644,1.0,off_016909,4021
ALL,1823,0.4533698085053469,0.9626988480526604,0.0373011519473395,1.0,off_016918,4021
ALL,1824,0.453618502859985,0.962719298245614,0.0372807017543859,1.0,off_016919,4021
ALL,1825,0.4538671972146232,0.9627397260273972,0.0372602739726027,1.0,off_016944,4021
ALL,1826,0.4541158915692613,0.9627601314348302,0.0372398685651697,1.0,off_016949,4021
ALL,1827,0.4543645859238995,0.9627805145046524,0.0372194854953475,1.0,off_016968,4021
ALL,1828,0.4546132802785377,0.962800875273523,0.037199124726477,1.0,off_016979,4021
ALL,1829,0.4548619746331758,0.9628212137780208,0.0371787862219792,1.0,off_016981,4021
ALL,1830,0.455110668987814,0.9628415300546448,0.0371584699453551,1.0,off_016999,4021
ALL,1831,0.4553593633424521,0.9628618241398144,0.0371381758601856,1.0,off_017002,4021
ALL,1832,0.4556080576970903,0.962882096069869,0.037117903930131,1.0,off_017012,4021
ALL,1833,0.4558567520517284,0.9629023458810692,0.0370976541189307,1.0,off_017015,4021
ALL,1834,0.4561054464063666,0.9629225736095964,0.0370774263904034,1.0,off_017019,4021
ALL,1835,0.4563541407610047,0.9629427792915533,0.0370572207084468,1.0,off_017020,4021
ALL,1836,0.4566028351156428,0.962962962962963,0.037037037037037,1.0,off_017024,4021
ALL,1837,0.456851529470281,0.9629831246597712,0.0370168753402286,1.0,off_017029,4021
ALL,1838,0.4571002238249191,0.9624591947769314,0.0375408052230685,1.0,off_017038,4021
ALL,1839,0.4573489181795573,0.9624796084828712,0.0375203915171288,1.0,off_017041,4021
ALL,1840,0.4575976125341954,0.9625,0.0375,1.0,off_017052,4021
ALL,1841,0.4578463068888336,0.9625203693644758,0.0374796306355241,1.0,off_017054,4021
ALL,1842,0.4580950012434718,0.9625407166123778,0.0374592833876221,1.0,off_017056,4021
ALL,1843,0.4583436955981099,0.962561041779707,0.037438958220293,1.0,off_017070,4021
ALL,1844,0.4585923899527481,0.962581344902386,0.0374186550976138,1.0,off_017077,4021
ALL,1845,0.4588410843073862,0.9626016260162602,0.0373983739837398,1.0,off_017084,4021
ALL,1846,0.4590897786620244,0.9626218851570963,0.0373781148429035,1.0,off_017094,4021
ALL,1847,0.4593384730166625,0.9626421223605848,0.0373578776394152,1.0,off_017097,4021
ALL,1848,0.4595871673713007,0.9626623376623376,0.0373376623376623,1.0,off_017120,4021
ALL,1849,0.4598358617259388,0.9626825310978908,0.0373174689021092,1.0,off_017121,4021
ALL,1850,0.4600845560805769,0.962162162162162,0.0378378378378378,1.0,off_017137,4021
ALL,1851,0.4603332504352151,0.962182603997839,0.037817396002161,1.0,off_017141,4021
ALL,1852,0.4605819447898532,0.9616630669546437,0.0383369330453563,1.0,off_017149,4021
ALL,1853,0.4608306391444914,0.9616837560712358,0.0383162439287641,1.0,off_017150,4021
ALL,1854,0.4610793334991295,0.9617044228694714,0.0382955771305285,1.0,off_017153,4021
ALL,1855,0.4613280278537677,0.9617250673854448,0.0382749326145552,1.0,off_017154,4021
ALL,1856,0.4615767222084058,0.9617456896551724,0.0382543103448275,1.0,off_017167,4021
ALL,1857,0.461825416563044,0.9617662897145934,0.0382337102854065,1.0,off_017168,4021
ALL,1858,0.4620741109176822,0.9617868675995694,0.0382131324004305,1.0,off_017192,4021
ALL,1859,0.4623228052723203,0.9618074233458848,0.0381925766541151,1.0,off_017195,4021
ALL,1860,0.4625714996269585,0.9618279569892472,0.0381720430107526,1.0,off_017196,4021
ALL,1861,0.4628201939815966,0.9618484685652876,0.0381515314347125,1.0,off_017199,4021
ALL,1862,0.4630688883362348,0.9618689581095596,0.0381310418904403,1.0,off_017209,4021
ALL,1863,0.4633175826908729,0.9618894256575417,0.0381105743424584,1.0,off_017210,4021
ALL,1864,0.463566277045511,0.9619098712446352,0.0380901287553648,1.0,off_017217,4021
ALL,1865,0.4638149714001492,0.9619302949061662,0.0380697050938337,1.0,off_017243,4021
ALL,1866,0.4640636657547873,0.9619506966773848,0.0380493033226152,1.0,off_017260,4021
ALL,1867,0.4643123601094255,0.9619710765934656,0.0380289234065345,1.0,off_017262,4021
ALL,1868,0.4645610544640636,0.9619914346895077,0.0380085653104925,1.0,off_017288,4021
ALL,1869,0.4648097488187018,0.962011771000535,0.0379882289994649,1.0,off_017297,4021
ALL,1870,0.4650584431733399,0.9620320855614972,0.0379679144385026,1.0,off_017303,4021
ALL,1871,0.4653071375279781,0.9620523784072688,0.0379476215927311,1.0,off_017310,4021
ALL,1872,0.4655558318826163,0.9620726495726496,0.0379273504273504,1.0,off_017315,4021
ALL,1873,0.4658045262372544,0.9620928990923652,0.0379071009076348,1.0,off_017330,4021
ALL,1874,0.4660532205918926,0.9621131270010672,0.0378868729989327,1.0,off_017340,4021
ALL,1875,0.4663019149465307,0.9621333333333332,0.0378666666666666,1.0,off_017352,4021
ALL,1876,0.4665506093011689,0.9621535181236672,0.0378464818763326,1.0,off_017358,4021
ALL,1877,0.466799303655807,0.9621736814064996,0.0378263185935002,1.0,off_017362,4021
ALL,1878,0.4670479980104451,0.9621938232161874,0.0378061767838125,1.0,off_017394,4021
ALL,1879,0.4672966923650833,0.9622139435870144,0.0377860564129856,1.0,off_017426,4021
ALL,1880,0.4675453867197214,0.9622340425531914,0.0377659574468085,1.0,off_017429,4021
ALL,1881,0.4677940810743596,0.962254120148857,0.037745879851143,1.0,off_017433,4021
ALL,1882,0.4680427754289977,0.9617428267800212,0.0382571732199787,1.0,off_017434,4021
ALL,1883,0.4682914697836359,0.9617631439192778,0.0382368560807222,1.0,off_017447,4021
ALL,1884,0.468540164138274,0.961783439490446,0.0382165605095541,1.0,off_017454,4021
ALL,1885,0.4687888584929122,0.9618037135278514,0.0381962864721485,1.0,off_017460,4021
ALL,1886,0.4690375528475504,0.9612937433722164,0.0387062566277836,1.0,off_017489,4021
ALL,1887,0.4692862472021885,0.9613142554319024,0.0386857445680975,1.0,off_017490,4021
ALL,1888,0.4695349415568267,0.9613347457627118,0.0386652542372881,1.0,off_017493,4021
ALL,1889,0.4697836359114648,0.961355214399153,0.038644785600847,1.0,off_017506,4021
ALL,1890,0.4700323302661029,0.9613756613756612,0.0386243386243386,1.0,off_017538,4021
ALL,1891,0.4702810246207411,0.9613960867265996,0.0386039132734003,1.0,off_017556,4021
ALL,1892,0.4705297189753792,0.961416490486258,0.038583509513742,1.0,off_017566,4021
ALL,1893,0.4707784133300174,0.9614368726888536,0.0385631273111463,1.0,off_017568,4021
ALL,1894,0.4710271076846555,0.9614572333685322,0.0385427666314677,1.0,off_017596,4021
ALL,1895,0.4712758020392937,0.9614775725593668,0.0385224274406332,1.0,off_017607,4021
ALL,1896,0.4715244963939318,0.9614978902953586,0.0385021097046413,1.0,off_017613,4021
ALL,1897,0.47177319074857,0.9615181866104376,0.0384818133895624,1.0,off_017617,4021
ALL,1898,0.4720218851032081,0.9610115911485776,0.0389884088514225,1.0,off_017621,4021
ALL,1899,0.4722705794578463,0.9610321221695628,0.038967877830437,1.0,off_017629,4021
ALL,1900,0.4725192738124844,0.9610526315789474,0.0389473684210526,1.0,off_017636,4021
ALL,1901,0.4727679681671226,0.9610731194108364,0.0389268805891636,1.0,off_017637,4021
ALL,1902,0.4730166625217608,0.961093585699264,0.038906414300736,1.0,off_017641,4021
ALL,1903,0.4732653568763989,0.9611140304781924,0.0388859695218076,1.0,off_017645,4021
ALL,1904,0.473514051231037,0.960609243697479,0.039390756302521,1.0,off_017665,4021
ALL,1905,0.4737627455856752,0.9606299212598424,0.0393700787401574,1.0,off_017666,4021
ALL,1906,0.4740114399403133,0.9606505771248688,0.0393494228751311,1.0,off_017674,4021
ALL,1907,0.4742601342949515,0.9606712113266912,0.0393287886733088,1.0,off_017679,4021
ALL,1908,0.4745088286495896,0.960691823899371,0.0393081761006289,1.0,off_017680,4021
ALL,1909,0.4747575230042278,0.9607124148768988,0.0392875851231011,1.0,off_017689,4021
ALL,1910,0.4750062173588659,0.9602094240837696,0.0397905759162303,1.0,off_017698,4021
ALL,1911,0.4752549117135041,0.9602302459445315,0.0397697540554683,1.0,off_017699,4021
ALL,1912,0.4755036060681422,0.9602510460251046,0.0397489539748954,1.0,off_017711,4021
ALL,1913,0.4757523004227804,0.9602718243596444,0.0397281756403554,1.0,off_017723,4021
ALL,1914,0.4760009947774185,0.960292580982236,0.0397074190177638,1.0,off_017726,4021
ALL,1915,0.4762496891320567,0.960313315926893,0.039686684073107,1.0,off_017746,4021
ALL,1916,0.4764983834866949,0.9598121085594988,0.040187891440501,1.0,off_017753,4021
ALL,1917,0.476747077841333,0.9598330725091287,0.0401669274908711,1.0,off_017758,4021
ALL,1918,0.4769957721959711,0.95985401459854,0.0401459854014598,1.0,off_017772,4021
ALL,1919,0.4772444665506093,0.9598749348619072,0.0401250651380927,1.0,off_017776,4021
ALL,1920,0.4774931609052474,0.9598958333333332,0.0401041666666666,1.0,off_017791,4021
ALL,1921,0.4777418552598856,0.9599167100468506,0.0400832899531494,1.0,off_017794,4021
ALL,1922,0.4779905496145237,0.9599375650364204,0.0400624349635796,1.0,off_017823,4021
ALL,1923,0.4782392439691619,0.9599583983359334,0.0400416016640665,1.0,off_017832,4021
ALL,1924,0.4784879383238,0.95997920997921,0.04002079002079,1.0,off_017836,4021
ALL,1925,0.4787366326784382,0.96,0.04,1.0,off_017839,4021
ALL,1926,0.4789853270330763,0.9595015576323987,0.0404984423676012,1.0,off_017852,4021
ALL,1927,0.4792340213877145,0.9595225739491438,0.0404774260508562,1.0,off_017872,4021
ALL,1928,0.4794827157423526,0.9595435684647304,0.0404564315352697,1.0,off_017875,4021
ALL,1929,0.4797314100969908,0.9595645412130638,0.0404354587869362,1.0,off_017892,4021
ALL,1930,0.479980104451629,0.9595854922279792,0.0404145077720207,1.0,off_017897,4021
ALL,1931,0.4802287988062671,0.9596064215432418,0.0403935784567581,1.0,off_017901,4021
ALL,1932,0.4804774931609052,0.9596273291925466,0.0403726708074534,1.0,off_017902,4021
ALL,1933,0.4807261875155434,0.9596482152095188,0.0403517847904811,1.0,off_017921,4021
ALL,1934,0.4809748818701815,0.9596690796277144,0.0403309203722854,1.0,off_017924,4021
ALL,1935,0.4812235762248197,0.95968992248062,0.0403100775193798,1.0,off_017936,4021
ALL,1936,0.4814722705794578,0.9597107438016528,0.0402892561983471,1.0,off_017938,4021
ALL,1937,0.481720964934096,0.9597315436241612,0.0402684563758389,1.0,off_017945,4021
ALL,1938,0.4819696592887341,0.959752321981424,0.0402476780185758,1.0,off_017947,4021
ALL,1939,0.4822183536433723,0.9597730789066528,0.040226921093347,1.0,off_017952,4021
ALL,1940,0.4824670479980104,0.9597938144329896,0.0402061855670103,1.0,off_017955,4021
ALL,1941,0.4827157423526486,0.9598145285935084,0.0401854714064915,1.0,off_017969,4021
ALL,1942,0.4829644367072867,0.9598352214212152,0.0401647785787847,1.0,off_017973,4021
ALL,1943,0.4832131310619248,0.9598558929490478,0.0401441070509521,1.0,off_017982,4021
ALL,1944,0.483461825416563,0.9598765432098766,0.0401234567901234,1.0,off_017996,4021
ALL,1945,0.4837105197712012,0.9598971722365038,0.0401028277634961,1.0,off_018008,4021
ALL,1946,0.4839592141258393,0.959917780061665,0.040082219938335,1.0,off_018009,4021
ALL,1947,0.4842079084804775,0.9599383667180276,0.0400616332819722,1.0,off_018022,4021
ALL,1948,0.4844566028351156,0.9599589322381932,0.0400410677618069,1.0,off_018041,4021
ALL,1949,0.4847052971897538,0.9599794766546949,0.0400205233453052,1.0,off_018053,4021
ALL,1950,0.4849539915443919,0.96,0.04,1.0,off_018059,4021
ALL,1951,0.4852026858990301,0.9600205023065096,0.0399794976934905,1.0,off_018062,4021
ALL,1952,0.4854513802536682,0.9600409836065572,0.0399590163934426,1.0,off_018066,4021
ALL,1953,0.4857000746083064,0.9600614439324116,0.0399385560675883,1.0,off_018075,4021
ALL,1954,0.4859487689629445,0.95957011258956,0.0404298874104401,1.0,off_018083,4021
ALL,1955,0.4861974633175827,0.9595907928388748,0.0404092071611253,1.0,off_018086,4021
ALL,1956,0.4864461576722208,0.9596114519427404,0.0403885480572597,1.0,off_018100,4021
ALL,1957,0.4866948520268589,0.9596320899335716,0.0403679100664282,1.0,off_018103,4021
ALL,1958,0.4869435463814971,0.959652706843718,0.0403472931562819,1.0,off_018107,4021
ALL,1959,0.4871922407361352,0.959673302705462,0.040326697294538,1.0,off_018126,4021
ALL,1960,0.4874409350907734,0.9591836734693876,0.0408163265306122,1.0,off_018127,4021
ALL,1961,0.4876896294454116,0.9592044875063744,0.0407955124936257,1.0,off_018130,4021
ALL,1962,0.4879383238000497,0.9592252803261978,0.0407747196738022,1.0,off_018139,4021
ALL,1963,0.4881870181546879,0.9592460519612838,0.0407539480387162,1.0,off_018154,4021
ALL,1964,0.488435712509326,0.959266802443992,0.0407331975560081,1.0,off_018174,4021
ALL,1965,0.4886844068639642,0.9592875318066156,0.0407124681933842,1.0,off_018205,4021
ALL,1966,0.4889331012186023,0.9593082400813836,0.0406917599186164,1.0,off_018218,4021
ALL,1967,0.4891817955732405,0.9593289273004576,0.0406710726995424,1.0,off_018219,4021
ALL,1968,0.4894304899278786,0.959349593495935,0.040650406504065,1.0,off_018229,4021
ALL,1969,0.4896791842825168,0.9593702386998476,0.0406297613001523,1.0,off_018230,4021
ALL,1970,0.4899278786371549,0.9593908629441624,0.0406091370558375,1.0,off_018244,4021
ALL,1971,0.490176572991793,0.9594114662607812,0.0405885337392186,1.0,off_018250,4021
ALL,1972,0.4904252673464312,0.9594320486815416,0.0405679513184584,1.0,off_018252,4021
ALL,1973,0.4906739617010693,0.959452610238216,0.040547389761784,1.0,off_018262,4021
ALL,1974,0.4909226560557075,0.9594731509625126,0.0405268490374873,1.0,off_018263,4021
ALL,1975,0.4911713504103457,0.959493670886076,0.040506329113924,1.0,off_018266,4021
ALL,1976,0.4914200447649838,0.959008097165992,0.040991902834008,1.0,off_018270,4021
ALL,1977,0.491668739119622,0.9590288315629742,0.0409711684370258,1.0,off_018279,4021
ALL,1978,0.4919174334742601,0.9590495449949444,0.0409504550050556,1.0,off_018297,4021
ALL,1979,0.4921661278288983,0.9590702374936836,0.0409297625063163,1.0,off_018308,4021
ALL,1980,0.4924148221835364,0.9590909090909092,0.0409090909090909,1.0,off_018317,4021
ALL,1981,0.4926635165381746,0.9591115598182736,0.0408884401817264,1.0,off_018318,4021
ALL,1982,0.4929122108928127,0.9591321897073662,0.0408678102926337,1.0,off_018326,4021
ALL,1983,0.4931609052474509,0.9591527987897126,0.0408472012102874,1.0,off_018327,4021
ALL,1984,0.493409599602089,0.9591733870967742,0.0408266129032258,1.0,off_018329,4021
ALL,1985,0.4936582939567271,0.9591939546599496,0.0408060453400503,1.0,off_018349,4021
ALL,1986,0.4939069883113653,0.959214501510574,0.0407854984894259,1.0,off_018353,4021
ALL,1987,0.4941556826660034,0.9592350276799196,0.0407649723200805,1.0,off_018354,4021
ALL,1988,0.4944043770206416,0.9592555331991952,0.0407444668008048,1.0,off_018360,4021
ALL,1989,0.4946530713752798,0.9592760180995475,0.0407239819004524,1.0,off_018382,4021
ALL,1990,0.4949017657299179,0.9592964824120604,0.0407035175879397,1.0,off_018385,4021
ALL,1991,0.4951504600845561,0.9593169261677548,0.0406830738322451,1.0,off_018406,4021
ALL,1992,0.4953991544391942,0.9593373493975904,0.0406626506024096,1.0,off_018407,4021
ALL,1993,0.4956478487938324,0.9593577521324635,0.0406422478675363,1.0,off_018417,4021
ALL,1994,0.4958965431484705,0.9593781344032096,0.0406218655967903,1.0,off_018420,4021
ALL,1995,0.4961452375031087,0.9593984962406016,0.0406015037593985,1.0,off_018436,4021
ALL,1996,0.4963939318577468,0.9594188376753509,0.0405811623246493,1.0,off_018445,4021
ALL,1997,0.496642626212385,0.9594391587381071,0.0405608412618928,1.0,off_018459,4021
ALL,1998,0.4968913205670231,0.9594594594594594,0.0405405405405405,1.0,off_018461,4021
ALL,1999,0.4971400149216612,0.959479739869935,0.040520260130065,1.0,off_018469,4021
ALL,2000,0.4973887092762994,0.9595,0.0405,1.0,off_018476,4021
ALL,2001,0.4976374036309375,0.95952023988006,0.04047976011994,1.0,off_018483,4021
ALL,2002,0.4978860979855757,0.9595404595404596,0.0404595404595404,1.0,off_018491,4021
ALL,2003,0.4981347923402138,0.9595606590114828,0.0404393409885172,1.0,off_018507,4021
ALL,2004,0.498383486694852,0.9595808383233532,0.0404191616766467,1.0,off_018514,4021
ALL,2005,0.4986321810494902,0.9596009975062344,0.0403990024937655,1.0,off_018520,4021
ALL,2006,0.4988808754041283,0.9596211365902292,0.0403788634097706,1.0,off_018526,4021
ALL,2007,0.4991295697587665,0.9596412556053812,0.0403587443946188,1.0,off_018558,4021
ALL,2008,0.4993782641134046,0.9596613545816732,0.0403386454183266,1.0,off_018564,4021
ALL,2009,0.4996269584680428,0.9596814335490294,0.0403185664509706,1.0,off_018570,4021
ALL,2010,0.4998756528226809,0.9597014925373134,0.0402985074626865,1.0,off_018572,4021
ALL,2011,0.5001243471773191,0.9597215315763302,0.0402784684236698,1.0,off_018580,4021
ALL,2012,0.5003730415319573,0.959741550695825,0.0402584493041749,1.0,off_018624,4021
ALL,2013,0.5006217358865954,0.9597615499254843,0.0402384500745156,1.0,off_018626,4021
ALL,2014,0.5008704302412336,0.9597815292949354,0.0402184707050645,1.0,off_018640,4021
ALL,2015,0.5011191245958717,0.9598014888337468,0.0401985111662531,1.0,off_018645,4021
ALL,2016,0.5013678189505099,0.9598214285714286,0.0401785714285714,1.0,off_018649,4021
ALL,2017,0.501616513305148,0.959841348537432,0.0401586514625681,1.0,off_018655,4021
ALL,2018,0.5018652076597861,0.9598612487611496,0.0401387512388503,1.0,off_018660,4021
ALL,2019,0.5021139020144243,0.9598811292719168,0.0401188707280832,1.0,off_018663,4021
ALL,2020,0.5023625963690624,0.95990099009901,0.0400990099009901,1.0,off_018670,4021
ALL,2021,0.5026112907237006,0.9599208312716476,0.0400791687283523,1.0,off_018704,4021
ALL,2022,0.5028599850783387,0.9599406528189912,0.0400593471810089,1.0,off_018705,4021
ALL,2023,0.5031086794329769,0.9599604547701434,0.0400395452298566,1.0,off_018713,4021
ALL,2024,0.503357373787615,0.9599802371541502,0.0400197628458498,1.0,off_018724,4021
ALL,2025,0.5036060681422532,0.96,0.04,1.0,off_018726,4021
ALL,2026,0.5038547624968913,0.960019743336624,0.0399802566633761,1.0,off_018763,4021
ALL,2027,0.5041034568515295,0.960039467192896,0.039960532807104,1.0,off_018777,4021
ALL,2028,0.5043521512061676,0.9600591715976332,0.0399408284023668,1.0,off_018801,4021
ALL,2029,0.5046008455608058,0.960078856579596,0.0399211434204041,1.0,off_018822,4021
ALL,2030,0.5048495399154439,0.9596059113300492,0.0403940886699507,1.0,off_018842,4021
ALL,2031,0.505098234270082,0.9596258000984736,0.0403741999015263,1.0,off_018844,4021
ALL,2032,0.5053469286247202,0.9596456692913384,0.0403543307086614,1.0,off_018849,4021
ALL,2033,0.5055956229793583,0.9596655189375308,0.0403344810624692,1.0,off_018862,4021
ALL,2034,0.5058443173339965,0.95968534906588,0.0403146509341199,1.0,off_018864,4021
ALL,2035,0.5060930116886346,0.9597051597051596,0.0402948402948402,1.0,off_018887,4021
ALL,2036,0.5063417060432728,0.9597249508840864,0.0402750491159135,1.0,off_018891,4021
ALL,2037,0.5065904003979109,0.9597447226313206,0.0402552773686794,1.0,off_018898,4021
ALL,2038,0.5068390947525491,0.959764474975466,0.0402355250245338,1.0,off_018908,4021
ALL,2039,0.5070877891071872,0.9597842079450712,0.0402157920549288,1.0,off_018913,4021
ALL,2040,0.5073364834618255,0.9598039215686276,0.0401960784313725,1.0,off_018935,4021
ALL,2041,0.5075851778164636,0.9598236158745712,0.0401763841254287,1.0,off_018957,4021
ALL,2042,0.5078338721711018,0.9598432908912832,0.0401567091087169,1.0,off_018966,4021
ALL,2043,0.5080825665257399,0.9598629466470876,0.0401370533529123,1.0,off_018978,4021
ALL,2044,0.508331260880378,0.9598825831702544,0.0401174168297455,1.0,off_019008,4021
ALL,2045,0.5085799552350162,0.9599022004889975,0.0400977995110024,1.0,off_019025,4021
ALL,2046,0.5088286495896543,0.959921798631476,0.0400782013685239,1.0,off_019026,4021
ALL,2047,0.5090773439442925,0.9594528578407424,0.0405471421592574,1.0,off_019029,4021
ALL,2048,0.5093260382989306,0.95947265625,0.04052734375,1.0,off_019032,4021
ALL,2049,0.5095747326535688,0.9594924353343094,0.0405075646656905,1.0,off_019063,4021
ALL,2050,0.5098234270082069,0.9595121951219512,0.0404878048780487,1.0,off_019085,4021
ALL,2051,0.5100721213628451,0.9595319356411508,0.0404680643588493,1.0,off_019098,4021
ALL,2052,0.5103208157174832,0.959551656920078,0.040448343079922,1.0,off_019126,4021
ALL,2053,0.5105695100721214,0.9595713589868484,0.0404286410131514,1.0,off_019132,4021
ALL,2054,0.5108182044267595,0.9595910418695228,0.0404089581304771,1.0,off_019151,4021
ALL,2055,0.5110668987813977,0.9596107055961072,0.0403892944038929,1.0,off_019152,4021
ALL,2056,0.5113155931360358,0.9596303501945526,0.0403696498054474,1.0,off_019163,4021
ALL,2057,0.511564287490674,0.9596499756927565,0.0403500243072435,1.0,off_019165,4021
ALL,2058,0.5118129818453121,0.9596695821185616,0.0403304178814382,1.0,off_019170,4021
ALL,2059,0.5120616761999502,0.9596891694997572,0.0403108305002428,1.0,off_019198,4021
ALL,2060,0.5123103705545884,0.9597087378640776,0.0402912621359223,1.0,off_019199,4021
ALL,2061,0.5125590649092265,0.9597282872392042,0.0402717127607957,1.0,off_019208,4021
ALL,2062,0.5128077592638647,0.9597478176527644,0.0402521823472356,1.0,off_019217,4021
ALL,2063,0.5130564536185028,0.9597673291323316,0.0402326708676684,1.0,off_019219,4021
ALL,2064,0.513305147973141,0.9597868217054264,0.0402131782945736,1.0,off_019221,4021
ALL,2065,0.5135538423277791,0.9598062953995158,0.0401937046004842,1.0,off_019230,4021
ALL,2066,0.5138025366824173,0.9598257502420136,0.0401742497579864,1.0,off_019232,4021
ALL,2067,0.5140512310370554,0.9598451862602806,0.0401548137397194,1.0,off_019246,4021
ALL,2068,0.5142999253916936,0.9598646034816248,0.0401353965183752,1.0,off_019261,4021
ALL,2069,0.5145486197463317,0.9598840019333011,0.0401159980666988,1.0,off_019263,4021
ALL,2070,0.51479731410097,0.959903381642512,0.0400966183574879,1.0,off_019277,4021
ALL,2071,0.5150460084556081,0.9599227426364076,0.0400772573635924,1.0,off_019283,4021
ALL,2072,0.5152947028102463,0.959942084942085,0.040057915057915,1.0,off_019286,4021
ALL,2073,0.5155433971648844,0.9599614085865896,0.0400385914134105,1.0,off_019288,4021
ALL,2074,0.5157920915195225,0.9599807135969142,0.0400192864030858,1.0,off_019296,4021
ALL,2075,0.5160407858741607,0.96,0.04,1.0,off_019302,4021
ALL,2076,0.5162894802287988,0.960019267822736,0.0399807321772639,1.0,off_019320,4021
ALL,2077,0.516538174583437,0.9600385170919596,0.0399614829080404,1.0,off_019328,4021
ALL,2078,0.5167868689380751,0.9600577478344562,0.0399422521655437,1.0,off_019349,4021
ALL,2079,0.5170355632927133,0.96007696007696,0.0399230399230399,1.0,off_019350,4021
ALL,2080,0.5172842576473514,0.960096153846154,0.0399038461538461,1.0,off_019360,4021
ALL,2081,0.5175329520019896,0.9601153291686688,0.039884670831331,1.0,off_019366,4021
ALL,2082,0.5177816463566277,0.9601344860710856,0.0398655139289145,1.0,off_019368,4021
ALL,2083,0.5180303407112659,0.9601536245799328,0.0398463754200672,1.0,off_019383,4021
ALL,2084,0.518279035065904,0.960172744721689,0.0398272552783109,1.0,off_019401,4021
ALL,2085,0.5185277294205421,0.9601918465227818,0.0398081534772182,1.0,off_019407,4021
ALL,2086,0.5187764237751803,0.9602109300095876,0.0397890699904122,1.0,off_019408,4021
ALL,2087,0.5190251181298184,0.9597508385241974,0.0402491614758025,1.0,off_019415,4021
ALL,2088,0.5192738124844566,0.9597701149425288,0.0402298850574712,1.0,off_019423,4021
ALL,2089,0.5195225068390947,0.9597893729056964,0.0402106270943034,1.0,off_019424,4021
ALL,2090,0.5197712011937329,0.9598086124401914,0.0401913875598086,1.0,off_019427,4021
ALL,2091,0.520019895548371,0.9598278335724534,0.0401721664275466,1.0,off_019444,4021
ALL,2092,0.5202685899030092,0.959847036328872,0.0401529636711281,1.0,off_019445,4021
ALL,2093,0.5205172842576473,0.959866220735786,0.040133779264214,1.0,off_019446,4021
ALL,2094,0.5207659786122855,0.9598853868194842,0.0401146131805157,1.0,off_019451,4021
ALL,2095,0.5210146729669236,0.9599045346062052,0.0400954653937947,1.0,off_019470,4021
ALL,2096,0.5212633673215618,0.9599236641221374,0.0400763358778625,1.0,off_019481,4021
ALL,2097,0.5215120616761999,0.9599427753934192,0.0400572246065808,1.0,off_019503,4021
ALL,2098,0.521760756030838,0.9599618684461392,0.0400381315538608,1.0,off_019508,4021
ALL,2099,0.5220094503854763,0.9599809433063364,0.0400190566936636,1.0,off_019513,4021
ALL,2100,0.5222581447401144,0.96,0.04,1.0,off_019525,4021
ALL,2101,0.5225068390947526,0.96001903855307,0.03998096144693,1.0,off_019531,4021
ALL,2102,0.5227555334493907,0.9600380589914368,0.0399619410085632,1.0,off_019562,4021
ALL,2103,0.5230042278040289,0.9600570613409416,0.0399429386590584,1.0,off_019571,4021
ALL,2104,0.523252922158667,0.9596007604562736,0.0403992395437262,1.0,off_019580,4021
ALL,2105,0.5235016165133052,0.9596199524940616,0.0403800475059382,1.0,off_019610,4021
ALL,2106,0.5237503108679433,0.959639126305793,0.040360873694207,1.0,off_019614,4021
ALL,2107,0.5239990052225815,0.959658281917418,0.0403417180825818,1.0,off_019615,4021
ALL,2108,0.5242476995772196,0.9596774193548387,0.0403225806451612,1.0,off_019618,4021
ALL,2109,0.5244963939318578,0.959696538643907,0.0403034613560929,1.0,off_019626,4021
ALL,2110,0.5247450882864959,0.9597156398104264,0.0402843601895734,1.0,off_019627,4021
ALL,2111,0.524993782641134,0.9597347228801516,0.0402652771198484,1.0,off_019647,4021
ALL,2112,0.5252424769957722,0.9597537878787878,0.0402462121212121,1.0,off_019649,4021
ALL,2113,0.5254911713504103,0.9597728348319924,0.0402271651680075,1.0,off_019654,4021
ALL,2114,0.5257398657050485,0.9597918637653736,0.0402081362346263,1.0,off_019682,4021
ALL,2115,0.5259885600596866,0.9598108747044918,0.0401891252955082,1.0,off_019693,4021
ALL,2116,0.5262372544143248,0.9598298676748582,0.0401701323251417,1.0,off_019696,4021
ALL,2117,0.5264859487689629,0.9598488427019368,0.0401511572980632,1.0,off_019701,4021
ALL,2118,0.5267346431236011,0.9598677998111426,0.0401322001888574,1.0,off_019702,4021
ALL,2119,0.5269833374782392,0.9598867390278432,0.0401132609721566,1.0,off_019725,4021
ALL,2120,0.5272320318328774,0.9599056603773584,0.0400943396226415,1.0,off_019736,4021
ALL,2121,0.5274807261875155,0.95992456388496,0.04007543611504,1.0,off_019742,4021
ALL,2122,0.5277294205421537,0.959943449575872,0.0400565504241281,1.0,off_019767,4021
ALL,2123,0.5279781148967918,0.9599623174752708,0.0400376825247291,1.0,off_019771,4021
ALL,2124,0.52822680925143,0.9599811676082862,0.0400188323917137,1.0,off_019780,4021
ALL,2125,0.5284755036060681,0.96,0.04,1.0,off_019790,4021
ALL,2126,0.5287241979607062,0.9600188146754468,0.0399811853245531,1.0,off_019797,4021
ALL,2127,0.5289728923153444,0.9600376116596144,0.0399623883403855,1.0,off_019802,4021
ALL,2128,0.5292215866699826,0.9600563909774436,0.0399436090225563,1.0,off_019807,4021
ALL,2129,0.5294702810246208,0.960075152653828,0.0399248473461719,1.0,off_019823,4021
ALL,2130,0.5297189753792589,0.960093896713615,0.0399061032863849,1.0,off_019827,4021
ALL,2131,0.5299676697338971,0.9601126231816048,0.0398873768183951,1.0,off_019836,4021
ALL,2132,0.5302163640885352,0.9601313320825516,0.0398686679174484,1.0,off_019837,4021
ALL,2133,0.5304650584431734,0.9601500234411626,0.0398499765588373,1.0,off_019839,4021
ALL,2134,0.5307137527978115,0.9601686972820992,0.0398313027179006,1.0,off_019842,4021
ALL,2135,0.5309624471524497,0.9601873536299764,0.0398126463700234,1.0,off_019864,4021
ALL,2136,0.5312111415070878,0.9602059925093632,0.0397940074906367,1.0,off_019872,4021
ALL,2137,0.531459835861726,0.9602246139447824,0.0397753860552176,1.0,off_019879,4021
ALL,2138,0.5317085302163641,0.960243217960711,0.039756782039289,1.0,off_019886,4021
ALL,2139,0.5319572245710023,0.959794296400187,0.0402057035998129,1.0,off_019899,4021
ALL,2140,0.5322059189256404,0.9598130841121496,0.0401869158878504,1.0,off_019900,4021
ALL,2141,0.5324546132802785,0.959831854273704,0.0401681457262961,1.0,off_019908,4021
ALL,2142,0.5327033076349167,0.9598506069094304,0.0401493930905695,1.0,off_019924,4021
ALL,2143,0.5329520019895548,0.9598693420438638,0.0401306579561362,1.0,off_019943,4021
ALL,2144,0.533200696344193,0.9598880597014924,0.0401119402985074,1.0,off_019944,4021
ALL,2145,0.5334493906988311,0.95990675990676,0.04009324009324,1.0,off_019966,4021
ALL,2146,0.5336980850534693,0.9599254426840632,0.0400745573159366,1.0,off_019968,4021
ALL,2147,0.5339467794081074,0.959944108057755,0.0400558919422449,1.0,off_019987,4021
ALL,2148,0.5341954737627456,0.9599627560521417,0.0400372439478584,1.0,off_019988,4021
ALL,2149,0.5344441681173837,0.9599813866914844,0.0400186133085155,1.0,off_019998,4021
ALL,2150,0.5346928624720219,0.96,0.04,1.0,off_020036,4021
ALL,2151,0.53494155682666,0.9600185960018596,0.0399814039981404,1.0,off_020044,4021
ALL,2152,0.5351902511812981,0.9600371747211895,0.0399628252788104,1.0,off_020049,4021
ALL,2153,0.5354389455359363,0.9600557361820716,0.0399442638179284,1.0,off_020055,4021
ALL,2154,0.5356876398905744,0.9600742804085424,0.0399257195914577,1.0,off_020056,4021
ALL,2155,0.5359363342452126,0.960092807424594,0.039907192575406,1.0,off_020058,4021
ALL,2156,0.5361850285998507,0.9601113172541744,0.0398886827458256,1.0,off_020060,4021
ALL,2157,0.5364337229544889,0.9601298099211868,0.0398701900788131,1.0,off_020061,4021
ALL,2158,0.5366824173091271,0.9601482854494904,0.0398517145505097,1.0,off_020064,4021
ALL,2159,0.5369311116637653,0.9601667438628996,0.0398332561371005,1.0,off_020075,4021
ALL,2160,0.5371798060184034,0.9601851851851853,0.0398148148148148,1.0,off_020077,4021
ALL,2161,0.5374285003730416,0.960203609440074,0.0397963905599259,1.0,off_020096,4021
ALL,2162,0.5376771947276797,0.9602220166512488,0.0397779833487511,1.0,off_020097,4021
ALL,2163,0.5379258890823179,0.9602404068423486,0.0397595931576514,1.0,off_020098,4021
ALL,2164,0.538174583436956,0.9602587800369686,0.0397412199630314,1.0,off_020100,4021
ALL,2165,0.5384232777915942,0.9602771362586604,0.0397228637413394,1.0,off_020101,4021
ALL,2166,0.5386719721462323,0.9602954755309326,0.0397045244690674,1.0,off_020110,4021
ALL,2167,0.5389206665008704,0.9603137978772496,0.0396862021227503,1.0,off_020122,4021
ALL,2168,0.5391693608555086,0.9603321033210332,0.0396678966789667,1.0,off_020130,4021
ALL,2169,0.5394180552101467,0.9603503918856616,0.0396496081143384,1.0,off_020131,4021
ALL,2170,0.5396667495647849,0.96036866359447,0.0396313364055299,1.0,off_020134,4021
ALL,2171,0.539915443919423,0.9603869184707508,0.0396130815292491,1.0,off_020155,4021
ALL,2172,0.5401641382740612,0.9604051565377532,0.0395948434622467,1.0,off_020163,4021
ALL,2173,0.5404128326286993,0.9604233778186838,0.0395766221813161,1.0,off_020174,4021
ALL,2174,0.5406615269833375,0.9604415823367064,0.0395584176632934,1.0,off_020208,4021
ALL,2175,0.5409102213379756,0.9604597701149424,0.0395402298850574,1.0,off_020210,4021
ALL,2176,0.5411589156926138,0.9604779411764706,0.0395220588235294,1.0,off_020220,4021
ALL,2177,0.5414076100472519,0.960496095544327,0.0395039044556729,1.0,off_020229,4021
ALL,2178,0.54165630440189,0.960514233241506,0.039485766758494,1.0,off_020231,4021
ALL,2179,0.5419049987565282,0.9600734281780632,0.0399265718219366,1.0,off_020250,4021
ALL,2180,0.5421536931111663,0.960091743119266,0.0399082568807339,1.0,off_020253,4021
ALL,2181,0.5424023874658045,0.9601100412654746,0.0398899587345254,1.0,off_020263,4021
ALL,2182,0.5426510818204426,0.96012832263978,0.0398716773602199,1.0,off_020264,4021
ALL,2183,0.5428997761750808,0.9601465872652312,0.0398534127347686,1.0,off_020270,4021
ALL,2184,0.5431484705297189,0.9601648351648352,0.0398351648351648,1.0,off_020277,4021
ALL,2185,0.5433971648843571,0.960183066361556,0.0398169336384439,1.0,off_020283,4021
ALL,2186,0.5436458592389952,0.9602012808783166,0.0397987191216834,1.0,off_020284,4021
ALL,2187,0.5438945535936335,0.9602194787379972,0.0397805212620027,1.0,off_020298,4021
ALL,2188,0.5441432479482716,0.9602376599634368,0.039762340036563,1.0,off_020300,4021
ALL,2189,0.5443919423029098,0.9602558245774326,0.0397441754225673,1.0,off_020308,4021
ALL,2190,0.5446406366575479,0.9602739726027396,0.0397260273972602,1.0,off_020314,4021
ALL,2191,0.5448893310121861,0.960292104062072,0.0397078959379278,1.0,off_020316,4021
ALL,2192,0.5451380253668242,0.9603102189781022,0.0396897810218978,1.0,off_020321,4021
ALL,2193,0.5453867197214624,0.960328317373461,0.0396716826265389,1.0,off_020324,4021
ALL,2194,0.5456354140761005,0.9603463992707384,0.0396536007292616,1.0,off_020330,4021
ALL,2195,0.5458841084307386,0.9603644646924828,0.039635535307517,1.0,off_020348,4021
ALL,2196,0.5461328027853768,0.9599271402550092,0.0400728597449908,1.0,off_020349,4021
ALL,2197,0.5463814971400149,0.9599453800637232,0.0400546199362767,1.0,off_020351,4021
ALL,2198,0.5466301914946531,0.9599636032757052,0.0400363967242948,1.0,off_020352,4021
ALL,2199,0.5468788858492912,0.959981809913597,0.0400181900864029,1.0,off_020356,4021
ALL,2200,0.5471275802039294,0.96,0.04,1.0,off_020357,4021
ALL,2201,0.5473762745585675,0.960018173557474,0.0399818264425261,1.0,off_020376,4021
ALL,2202,0.5476249689132057,0.9600363306085375,0.0399636693914623,1.0,off_020397,4021
ALL,2203,0.5478736632678438,0.9600544711756696,0.0399455288243304,1.0,off_020409,4021
ALL,2204,0.548122357622482,0.9600725952813068,0.0399274047186932,1.0,off_020410,4021
ALL,2205,0.5483710519771201,0.9600907029478458,0.0399092970521541,1.0,off_020412,4021
ALL,2206,0.5486197463317583,0.9601087941976428,0.0398912058023572,1.0,off_020418,4021
ALL,2207,0.5488684406863964,0.9601268690530133,0.0398731309469868,1.0,off_020440,4021
ALL,2208,0.5491171350410345,0.960144927536232,0.0398550724637681,1.0,off_020444,4021
ALL,2209,0.5493658293956727,0.9601629696695336,0.0398370303304662,1.0,off_020445,4021
ALL,2210,0.5496145237503108,0.9601809954751132,0.0398190045248868,1.0,off_020477,4021
ALL,2211,0.549863218104949,0.9597467209407508,0.0402532790592492,1.0,off_020481,4021
ALL,2212,0.5501119124595871,0.959764918625678,0.0402350813743218,1.0,off_020485,4021
ALL,2213,0.5503606068142253,0.9597830998644374,0.0402169001355625,1.0,off_020506,4021
ALL,2214,0.5506093011688634,0.9598012646793136,0.0401987353206865,1.0,off_020519,4021
ALL,2215,0.5508579955235016,0.9598194130925508,0.0401805869074492,1.0,off_020521,4021
ALL,2216,0.5511066898781398,0.9598375451263538,0.0401624548736462,1.0,off_020527,4021
ALL,2217,0.551355384232778,0.9598556608028868,0.0401443391971132,1.0,off_020530,4021
ALL,2218,0.5516040785874161,0.9598737601442742,0.0401262398557258,1.0,off_020537,4021
ALL,2219,0.5518527729420543,0.9598918431726002,0.0401081568273997,1.0,off_020555,4021
ALL,2220,0.5521014672966924,0.95990990990991,0.04009009009009,1.0,off_020570,4021
ALL,2221,0.5523501616513306,0.959927960378208,0.0400720396217919,1.0,off_020572,4021
ALL,2222,0.5525988560059687,0.95994599459946,0.04005400540054,1.0,off_020573,4021
ALL,2223,0.5528475503606068,0.9599640125955916,0.0400359874044084,1.0,off_020578,4021
ALL,2224,0.553096244715245,0.9599820143884892,0.0400179856115107,1.0,off_020586,4021
ALL,2225,0.5533449390698831,0.9595505617977528,0.0404494382022471,1.0,off_020592,4021
ALL,2226,0.5535936334245213,0.9595687331536388,0.0404312668463611,1.0,off_020606,4021
ALL,2227,0.5538423277791594,0.9595868881903906,0.0404131118096093,1.0,off_020614,4021
ALL,2228,0.5540910221337976,0.959605026929982,0.0403949730700179,1.0,off_020617,4021
ALL,2229,0.5543397164884357,0.9596231493943472,0.0403768506056527,1.0,off_020618,4021
ALL,2230,0.5545884108430739,0.9596412556053812,0.0403587443946188,1.0,off_020621,4021
ALL,2231,0.554837105197712,0.9596593455849396,0.0403406544150605,1.0,off_020626,4021
ALL,2232,0.5550857995523502,0.9596774193548387,0.0403225806451612,1.0,off_020628,4021
ALL,2233,0.5553344939069883,0.9596954769368562,0.0403045230631437,1.0,off_020662,4021
ALL,2234,0.5555831882616264,0.9597135183527306,0.0402864816472694,1.0,off_020670,4021
ALL,2235,0.5558318826162646,0.9597315436241612,0.0402684563758389,1.0,off_020673,4021
ALL,2236,0.5560805769709027,0.9597495527728086,0.0402504472271914,1.0,off_020680,4021
ALL,2237,0.5563292713255409,0.959767545820295,0.0402324541797049,1.0,off_020683,4021
ALL,2238,0.556577965680179,0.9597855227882036,0.0402144772117962,1.0,off_020685,4021
ALL,2239,0.5568266600348172,0.9598034836980796,0.0401965163019205,1.0,off_020686,4021
ALL,2240,0.5570753543894553,0.9598214285714286,0.0401785714285714,1.0,off_020689,4021
ALL,2241,0.5573240487440935,0.9593931280678268,0.0406068719321731,1.0,off_020690,4021
ALL,2242,0.5575727430987316,0.9594112399643177,0.0405887600356824,1.0,off_020699,4021
ALL,2243,0.5578214374533698,0.9594293357111012,0.0405706642888987,1.0,off_020705,4021
ALL,2244,0.5580701318080079,0.9594474153297684,0.0405525846702317,1.0,off_020745,4021
ALL,2245,0.558318826162646,0.9594654788418708,0.0405345211581291,1.0,off_020749,4021
ALL,2246,0.5585675205172843,0.9594835262689224,0.0405164737310774,1.0,off_020755,4021
ALL,2247,0.5588162148719225,0.9595015576323987,0.0404984423676012,1.0,off_020765,4021
ALL,2248,0.5590649092265606,0.9595195729537368,0.0404804270462633,1.0,off_020774,4021
ALL,2249,0.5593136035811987,0.9595375722543352,0.0404624277456647,1.0,off_020790,4021
ALL,2250,0.5595622979358369,0.9595555555555556,0.0404444444444444,1.0,off_020802,4021
ALL,2251,0.559810992290475,0.9595735228787206,0.0404264771212794,1.0,off_020818,4021
ALL,2252,0.5600596866451132,0.9595914742451156,0.0404085257548845,1.0,off_020824,4021
ALL,2253,0.5603083809997513,0.9596094096759876,0.0403905903240124,1.0,off_020836,4021
ALL,2254,0.5605570753543895,0.9596273291925466,0.0403726708074534,1.0,off_020847,4021
ALL,2255,0.5608057697090276,0.9596452328159644,0.0403547671840354,1.0,off_020860,4021
ALL,2256,0.5610544640636658,0.959663120567376,0.0403368794326241,1.0,off_020861,4021
ALL,2257,0.5613031584183039,0.9596809924678776,0.0403190075321222,1.0,off_020881,4021
ALL,2258,0.5615518527729421,0.9596988485385296,0.0403011514614703,1.0,off_020882,4021
ALL,2259,0.5618005471275802,0.959716688800354,0.0402833111996458,1.0,off_020889,4021
ALL,2260,0.5620492414822184,0.9597345132743362,0.0402654867256637,1.0,off_020925,4021
ALL,2261,0.5622979358368565,0.959752321981424,0.0402476780185758,1.0,off_020935,4021
ALL,2262,0.5625466301914946,0.9597701149425288,0.0402298850574712,1.0,off_020939,4021
ALL,2263,0.5627953245461328,0.959787892178524,0.0402121078214759,1.0,off_020959,4021
ALL,2264,0.5630440189007709,0.9598056537102474,0.0401943462897526,1.0,off_020979,4021
ALL,2265,0.5632927132554091,0.9598233995584988,0.0401766004415011,1.0,off_020992,4021
ALL,2266,0.5635414076100472,0.9598411297440425,0.0401588702559576,1.0,off_020995,4021
ALL,2267,0.5637901019646854,0.9598588442876048,0.0401411557123952,1.0,off_020996,4021
ALL,2268,0.5640387963193235,0.9598765432098766,0.0401234567901234,1.0,off_021000,4021
ALL,2269,0.5642874906739617,0.9598942265315116,0.0401057734684883,1.0,off_021002,4021
ALL,2270,0.5645361850285998,0.9599118942731276,0.0400881057268722,1.0,off_021011,4021
ALL,2271,0.564784879383238,0.959929546455306,0.0400704535446939,1.0,off_021023,4021
ALL,2272,0.5650335737378761,0.9599471830985916,0.0400528169014084,1.0,off_021037,4021
ALL,2273,0.5652822680925143,0.9599648042234932,0.0400351957765068,1.0,off_021038,4021
ALL,2274,0.5655309624471524,0.9599824098504838,0.0400175901495162,1.0,off_021062,4021
ALL,2275,0.5657796568017907,0.96,0.04,1.0,off_021071,4021
ALL,2276,0.5660283511564288,0.9600175746924428,0.0399824253075571,1.0,off_021082,4021
ALL,2277,0.566277045511067,0.9600351339481774,0.0399648660518225,1.0,off_021122,4021
ALL,2278,0.5665257398657051,0.9600526777875328,0.039947322212467,1.0,off_021123,4021
ALL,2279,0.5667744342203432,0.9596314172882844,0.0403685827117156,1.0,off_021130,4021
ALL,2280,0.5670231285749814,0.9596491228070176,0.0403508771929824,1.0,off_021133,4021
ALL,2281,0.5672718229296195,0.9596668128014028,0.0403331871985971,1.0,off_021145,4021
ALL,2282,0.5675205172842577,0.9596844872918492,0.0403155127081507,1.0,off_021146,4021
ALL,2283,0.5677692116388958,0.9597021462987296,0.0402978537012702,1.0,off_021151,4021
ALL,2284,0.568017905993534,0.9597197898423818,0.0402802101576182,1.0,off_021153,4021
ALL,2285,0.5682666003481721,0.9597374179431072,0.0402625820568927,1.0,off_021180,4021
ALL,2286,0.5685152947028103,0.9597550306211724,0.0402449693788276,1.0,off_021199,4021
ALL,2287,0.5687639890574484,0.959772627896808,0.0402273721031919,1.0,off_021200,4021
ALL,2288,0.5690126834120866,0.9597902097902098,0.0402097902097902,1.0,off_021203,4021
ALL,2289,0.5692613777667247,0.9598077763215378,0.0401922236784622,1.0,off_021210,4021
ALL,2290,0.5695100721213628,0.959825327510917,0.0401746724890829,1.0,off_021233,4021
ALL,2291,0.569758766476001,0.9598428633784374,0.0401571366215626,1.0,off_021274,4021
ALL,2292,0.5700074608306391,0.9598603839441536,0.0401396160558464,1.0,off_021277,4021
ALL,2293,0.5702561551852773,0.9598778892280856,0.0401221107719145,1.0,off_021282,4021
ALL,2294,0.5705048495399154,0.959895379250218,0.040104620749782,1.0,off_021299,4021
ALL,2295,0.5707535438945536,0.9599128540305012,0.0400871459694989,1.0,off_021308,4021
ALL,2296,0.5710022382491917,0.9599303135888502,0.0400696864111498,1.0,off_021320,4021
ALL,2297,0.5712509326038299,0.959947757945146,0.0400522420548541,1.0,off_021335,4021
ALL,2298,0.571499626958468,0.959965187119234,0.0400348128807658,1.0,off_021343,4021
ALL,2299,0.5717483213131062,0.9599826011309264,0.0400173988690735,1.0,off_021352,4021
ALL,2300,0.5719970156677443,0.96,0.04,1.0,off_021374,4021
ALL,2301,0.5722457100223824,0.9600173837461972,0.0399826162538026,1.0,off_021401,4021
ALL,2302,0.5724944043770206,0.9600347523892268,0.0399652476107732,1.0,off_021404,4021
ALL,2303,0.5727430987316587,0.9600521059487624,0.0399478940512375,1.0,off_021422,4021
ALL,2304,0.5729917930862969,0.9600694444444444,0.0399305555555555,1.0,off_021425,4021
ALL,2305,0.5732404874409351,0.9600867678958784,0.0399132321041214,1.0,off_021428,4021
ALL,2306,0.5734891817955733,0.9601040763226366,0.0398959236773634,1.0,off_021429,4021
ALL,2307,0.5737378761502114,0.9601213697442568,0.0398786302557433,1.0,off_021434,4021
ALL,2308,0.5739865705048496,0.9601386481802426,0.0398613518197573,1.0,off_021458,4021
ALL,2309,0.5742352648594877,0.960155911650065,0.039844088349935,1.0,off_021463,4021
ALL,2310,0.5744839592141259,0.96017316017316,0.0398268398268398,1.0,off_021466,4021
ALL,2311,0.574732653568764,0.9601903937689312,0.0398096062310688,1.0,off_021469,4021
ALL,2312,0.5749813479234022,0.9602076124567474,0.0397923875432525,1.0,off_021472,4021
ALL,2313,0.5752300422780403,0.9602248162559448,0.0397751837440553,1.0,off_021475,4021
ALL,2314,0.5754787366326785,0.9602420051858254,0.0397579948141745,1.0,off_021499,4021
ALL,2315,0.5757274309873166,0.9602591792656588,0.0397408207343412,1.0,off_021502,4021
ALL,2316,0.5759761253419547,0.9602763385146804,0.0397236614853195,1.0,off_021507,4021
ALL,2317,0.5762248196965929,0.9602934829520932,0.0397065170479067,1.0,off_021511,4021
ALL,2318,0.576473514051231,0.9603106125970664,0.0396893874029335,1.0,off_021532,4021
ALL,2319,0.5767222084058692,0.9603277274687364,0.0396722725312634,1.0,off_021538,4021
ALL,2320,0.5769709027605073,0.9603448275862068,0.0396551724137931,1.0,off_021546,4021
ALL,2321,0.5772195971151455,0.960361912968548,0.0396380870314519,1.0,off_021557,4021
ALL,2322,0.5774682914697836,0.9603789836347976,0.0396210163652024,1.0,off_021561,4021
ALL,2323,0.5777169858244218,0.9603960396039604,0.0396039603960396,1.0,off_021567,4021
ALL,2324,0.5779656801790599,0.9604130808950088,0.0395869191049913,1.0,off_021585,4021
ALL,2325,0.5782143745336981,0.9604301075268816,0.0395698924731182,1.0,off_021594,4021
ALL,2326,0.5784630688883362,0.9604471195184868,0.0395528804815133,1.0,off_021618,4021
ALL,2327,0.5787117632429744,0.960464116888698,0.0395358831113021,1.0,off_021619,4021
ALL,2328,0.5789604575976125,0.9604810996563574,0.0395189003436426,1.0,off_021628,4021
ALL,2329,0.5792091519522506,0.9604980678402748,0.0395019321597252,1.0,off_021630,4021
ALL,2330,0.5794578463068888,0.9605150214592276,0.0394849785407725,1.0,off_021643,4021
ALL,2331,0.5797065406615269,0.9605319605319604,0.0394680394680394,1.0,off_021649,4021
ALL,2332,0.5799552350161651,0.9605488850771868,0.039451114922813,1.0,off_021652,4021
ALL,2333,0.5802039293708032,0.9605657951135876,0.0394342048864123,1.0,off_021660,4021
ALL,2334,0.5804526237254415,0.9605826906598116,0.0394173093401885,1.0,off_021662,4021
ALL,2335,0.5807013180800796,0.9605995717344754,0.0394004282655246,1.0,off_021666,4021
ALL,2336,0.5809500124347178,0.9606164383561644,0.0393835616438356,1.0,off_021667,4021
ALL,2337,0.5811987067893559,0.9606332905434316,0.0393667094565682,1.0,off_021671,4021
ALL,2338,0.5814474011439941,0.960650128314799,0.039349871685201,1.0,off_021686,4021
ALL,2339,0.5816960954986322,0.960239418554938,0.0397605814450619,1.0,off_021691,4021
ALL,2340,0.5819447898532704,0.9602564102564104,0.0397435897435897,1.0,off_021704,4021
ALL,2341,0.5821934842079085,0.9602733874412644,0.0397266125587355,1.0,off_021706,4021
ALL,2342,0.5824421785625467,0.9602903501280956,0.0397096498719043,1.0,off_021714,4021
ALL,2343,0.5826908729171848,0.9603072983354674,0.0396927016645326,1.0,off_021717,4021
ALL,2344,0.582939567271823,0.9603242320819112,0.0396757679180887,1.0,off_021725,4021
ALL,2345,0.5831882616264611,0.9603411513859276,0.0396588486140725,1.0,off_021730,4021
ALL,2346,0.5834369559810992,0.9603580562659848,0.0396419437340153,1.0,off_021734,4021
ALL,2347,0.5836856503357374,0.9603749467405198,0.0396250532594801,1.0,off_021738,4021
ALL,2348,0.5839343446903755,0.9603918228279388,0.0396081771720613,1.0,off_021743,4021
ALL,2349,0.5841830390450137,0.9604086845466157,0.0395913154533844,1.0,off_021750,4021
ALL,2350,0.5844317333996518,0.9604255319148935,0.0395744680851063,1.0,off_021752,4021
ALL,2351,0.58468042775429,0.9604423649510846,0.0395576350489153,1.0,off_021753,4021
ALL,2352,0.5849291221089281,0.9604591836734694,0.0395408163265306,1.0,off_021755,4021
ALL,2353,0.5851778164635663,0.9604759881002976,0.0395240118997025,1.0,off_021759,4021
ALL,2354,0.5854265108182044,0.9604927782497876,0.0395072217502124,1.0,off_021763,4021
ALL,2355,0.5856752051728426,0.9605095541401274,0.0394904458598726,1.0,off_021772,4021
ALL,2356,0.5859238995274807,0.9605263157894736,0.0394736842105263,1.0,off_021782,4021
ALL,2357,0.5861725938821188,0.9605430632159524,0.0394569367840475,1.0,off_021793,4021
ALL,2358,0.586421288236757,0.960559796437659,0.0394402035623409,1.0,off_021794,4021
ALL,2359,0.5866699825913951,0.960576515472658,0.039423484527342,1.0,off_021796,4021
ALL,2360,0.5869186769460333,0.9605932203389832,0.0394067796610169,1.0,off_021830,4021
ALL,2361,0.5871673713006714,0.960609911054638,0.0393900889453621,1.0,off_021847,4021
ALL,2362,0.5874160656553096,0.9606265876375952,0.0393734123624047,1.0,off_021857,4021
ALL,2363,0.5876647600099478,0.9606432501057978,0.0393567498942022,1.0,off_021859,4021
ALL,2364,0.587913454364586,0.9606598984771574,0.0393401015228426,1.0,off_021915,4021
ALL,2365,0.5881621487192241,0.960676532769556,0.0393234672304439,1.0,off_021924,4021
ALL,2366,0.5884108430738623,0.9606931530008452,0.0393068469991546,1.0,off_021926,4021
ALL,2367,0.5886595374285004,0.9607097591888466,0.0392902408111533,1.0,off_021942,4021
ALL,2368,0.5889082317831386,0.9607263513513512,0.0392736486486486,1.0,off_021943,4021
ALL,2369,0.5891569261377767,0.9607429295061208,0.0392570704938792,1.0,off_021967,4021
ALL,2370,0.5894056204924149,0.960759493670886,0.0392405063291139,1.0,off_021968,4021
ALL,2371,0.589654314847053,0.9607760438633488,0.0392239561366512,1.0,off_021979,4021
ALL,2372,0.5899030092016911,0.9607925801011804,0.0392074198988195,1.0,off_021989,4021
ALL,2373,0.5901517035563293,0.9608091024020228,0.0391908975979772,1.0,off_021992,4021
ALL,2374,0.5904003979109674,0.9608256107834878,0.0391743892165122,1.0,off_021998,4021
ALL,2375,0.5906490922656056,0.960842105263158,0.0391578947368421,1.0,off_022002,4021
ALL,2376,0.5908977866202437,0.960858585858586,0.0391414141414141,1.0,off_022012,4021
ALL,2377,0.5911464809748819,0.9608750525872948,0.039124947412705,1.0,off_022023,4021
ALL,2378,0.59139517532952,0.9608915054667788,0.0391084945332212,1.0,off_022025,4021
ALL,2379,0.5916438696841582,0.960907944514502,0.0390920554854981,1.0,off_022036,4021
ALL,2380,0.5918925640387963,0.9609243697478992,0.0390756302521008,1.0,off_022045,4021
ALL,2381,0.5921412583934345,0.9609407811843764,0.0390592188156236,1.0,off_022059,4021
ALL,2382,0.5923899527480726,0.9609571788413098,0.0390428211586901,1.0,off_022060,4021
ALL,2383,0.5926386471027107,0.960973562736047,0.039026437263953,1.0,off_022070,4021
ALL,2384,0.5928873414573489,0.960989932885906,0.0390100671140939,1.0,off_022077,4021
ALL,2385,0.593136035811987,0.961006289308176,0.0389937106918239,1.0,off_022084,4021
ALL,2386,0.5933847301666252,0.9610226320201174,0.0389773679798826,1.0,off_022088,4021
ALL,2387,0.5936334245212633,0.961038961038961,0.0389610389610389,1.0,off_022089,4021
ALL,2388,0.5938821188759015,0.9610552763819096,0.0389447236180904,1.0,off_022134,4021
ALL,2389,0.5941308132305396,0.9610715780661364,0.0389284219338635,1.0,off_022135,4021
ALL,2390,0.5943795075851778,0.9610878661087866,0.0389121338912133,1.0,off_022151,4021
ALL,2391,0.5946282019398159,0.9606859054788792,0.0393140945211208,1.0,off_022164,4021
ALL,2392,0.5948768962944541,0.9607023411371236,0.0392976588628762,1.0,off_022167,4021
ALL,2393,0.5951255906490923,0.960718763058922,0.0392812369410781,1.0,off_022169,4021
ALL,2394,0.5953742850037305,0.9607351712614872,0.0392648287385129,1.0,off_022180,4021
ALL,2395,0.5956229793583686,0.9607515657620042,0.0392484342379958,1.0,off_022190,4021
ALL,2396,0.5958716737130068,0.9607679465776294,0.0392320534223706,1.0,off_022194,4021
ALL,2397,0.5961203680676449,0.9607843137254902,0.0392156862745098,1.0,off_022198,4021
ALL,2398,0.596369062422283,0.9608006672226856,0.0391993327773144,1.0,off_022199,4021
ALL,2399,0.5966177567769212,0.960817007086286,0.039182992913714,1.0,off_022212,4021
ALL,2400,0.5968664511315593,0.9608333333333332,0.0391666666666666,1.0,off_022221,4021
ALL,2401,0.5971151454861975,0.9608496459808412,0.0391503540191586,1.0,off_022242,4021
ALL,2402,0.5973638398408356,0.9608659450457951,0.0391340549542048,1.0,off_022265,4021
ALL,2403,0.5976125341954738,0.9604660840615896,0.0395339159384103,1.0,off_022274,4021
ALL,2404,0.5978612285501119,0.9604825291181364,0.0395174708818635,1.0,off_022275,4021
ALL,2405,0.5981099229047501,0.9604989604989604,0.0395010395010395,1.0,off_022286,4021
ALL,2406,0.5983586172593882,0.960515378221114,0.0394846217788861,1.0,off_022314,4021
ALL,2407,0.5986073116140264,0.9605317823016204,0.0394682176983797,1.0,off_022320,4021
ALL,2408,0.5988560059686645,0.9605481727574752,0.0394518272425249,1.0,off_022332,4021
ALL,2409,0.5991047003233027,0.9605645496056456,0.0394354503943545,1.0,off_022344,4021
ALL,2410,0.5993533946779408,0.9605809128630706,0.0394190871369294,1.0,off_022360,4021
ALL,2411,0.5996020890325789,0.9605972625466612,0.0394027374533388,1.0,off_022363,4021
ALL,2412,0.5998507833872171,0.9606135986733002,0.0393864013266998,1.0,off_022372,4021
ALL,2413,0.6000994777418552,0.9606299212598424,0.0393700787401574,1.0,off_022378,4021
ALL,2414,0.6003481720964934,0.9606462303231152,0.0393537696768848,1.0,off_022413,4021
ALL,2415,0.6005968664511315,0.9606625258799172,0.0393374741200828,1.0,off_022474,4021
ALL,2416,0.6008455608057697,0.96067880794702,0.0393211920529801,1.0,off_022489,4021
ALL,2417,0.6010942551604078,0.9606950765411668,0.0393049234588332,1.0,off_022490,4021
ALL,2418,0.601342949515046,0.9607113316790736,0.0392886683209263,1.0,off_022491,4021
ALL,2419,0.6015916438696841,0.9607275733774286,0.0392724266225713,1.0,off_022498,4021
ALL,2420,0.6018403382243223,0.9607438016528924,0.0392561983471074,1.0,off_022514,4021
ALL,2421,0.6020890325789604,0.9607600165220984,0.0392399834779016,1.0,off_022518,4021
ALL,2422,0.6023377269335987,0.9607762180016516,0.0392237819983484,1.0,off_022528,4021
ALL,2423,0.6025864212882368,0.9607924061081304,0.0392075938918695,1.0,off_022532,4021
ALL,2424,0.602835115642875,0.9608085808580858,0.0391914191419141,1.0,off_022535,4021
ALL,2425,0.6030838099975131,0.9608247422680412,0.0391752577319587,1.0,off_022542,4021
ALL,2426,0.6033325043521512,0.9608408903544928,0.039159109645507,1.0,off_022551,4021
ALL,2427,0.6035811987067894,0.96085702513391,0.0391429748660898,1.0,off_022554,4021
ALL,2428,0.6038298930614275,0.9608731466227348,0.0391268533772652,1.0,off_022560,4021
ALL,2429,0.6040785874160657,0.9608892548373816,0.0391107451626183,1.0,off_022562,4021
ALL,2430,0.6043272817707038,0.9609053497942388,0.0390946502057613,1.0,off_022565,4021
ALL,2431,0.604575976125342,0.9609214315096668,0.0390785684903332,1.0,off_022586,4021
ALL,2432,0.6048246704799801,0.9609375,0.0390625,1.0,off_022619,4021
ALL,2433,0.6050733648346183,0.9609535552815456,0.0390464447184545,1.0,off_022638,4021
ALL,2434,0.6053220591892564,0.9609695973705834,0.0390304026294166,1.0,off_022652,4021
ALL,2435,0.6055707535438946,0.9609856262833676,0.0390143737166324,1.0,off_022661,4021
ALL,2436,0.6058194478985327,0.9610016420361248,0.0389983579638752,1.0,off_022665,4021
ALL,2437,0.6060681422531708,0.9610176446450552,0.0389823553549446,1.0,off_022674,4021
ALL,2438,0.606316836607809,0.9606234618539786,0.0393765381460213,1.0,off_022681,4021
ALL,2439,0.6065655309624471,0.960639606396064,0.039360393603936,1.0,off_022696,4021
ALL,2440,0.6068142253170853,0.960655737704918,0.0393442622950819,1.0,off_022705,4021
ALL,2441,0.6070629196717234,0.9606718557968046,0.0393281442031954,1.0,off_022706,4021
ALL,2442,0.6073116140263616,0.9606879606879608,0.0393120393120393,1.0,off_022731,4021
ALL,2443,0.6075603083809997,0.9607040523945968,0.0392959476054031,1.0,off_022733,4021
ALL,2444,0.6078090027356379,0.9607201309328968,0.0392798690671031,1.0,off_022735,4021
ALL,2445,0.608057697090276,0.9607361963190184,0.0392638036809816,1.0,off_022739,4021
ALL,2446,0.6083063914449142,0.9607522485690924,0.0392477514309076,1.0,off_022762,4021
ALL,2447,0.6085550857995523,0.9607682876992236,0.0392317123007764,1.0,off_022765,4021
ALL,2448,0.6088037801541905,0.9607843137254902,0.0392156862745098,1.0,off_022771,4021
ALL,2449,0.6090524745088286,0.9608003266639444,0.0391996733360555,1.0,off_022803,4021
ALL,2450,0.6093011688634667,0.9608163265306122,0.0391836734693877,1.0,off_022844,4021
ALL,2451,0.609549863218105,0.9608323133414932,0.0391676866585067,1.0,off_022848,4021
ALL,2452,0.6097985575727431,0.9608482871125612,0.0391517128874388,1.0,off_022869,4021
ALL,2453,0.6100472519273813,0.9608642478597637,0.0391357521402364,1.0,off_022882,4021
ALL,2454,0.6102959462820194,0.960880195599022,0.0391198044009779,1.0,off_022895,4021
ALL,2455,0.6105446406366576,0.9608961303462322,0.0391038696537678,1.0,off_022908,4021
ALL,2456,0.6107933349912957,0.9609120521172638,0.0390879478827361,1.0,off_022921,4021
ALL,2457,0.6110420293459339,0.960927960927961,0.039072039072039,1.0,off_022943,4021
ALL,2458,0.611290723700572,0.9609438567941416,0.0390561432058584,1.0,off_022980,4021
ALL,2459,0.6115394180552102,0.9609597397315982,0.0390402602684017,1.0,off_022994,4021
ALL,2460,0.6117881124098483,0.9609756097560976,0.0390243902439024,1.0,off_022998,4021
ALL,2461,0.6120368067644865,0.9609914668833808,0.0390085331166192,1.0,off_023002,4021
ALL,2462,0.6122855011191246,0.9610073111291632,0.0389926888708367,1.0,off_023004,4021
ALL,2463,0.6125341954737628,0.9610231425091352,0.0389768574908648,1.0,off_023013,4021
ALL,2464,0.6127828898284009,0.961038961038961,0.0389610389610389,1.0,off_023029,4021
ALL,2465,0.613031584183039,0.96105476673428,0.03894523326572,1.0,off_023030,4021
ALL,2466,0.6132802785376772,0.9610705596107056,0.0389294403892944,1.0,off_023031,4021
ALL,2467,0.6135289728923153,0.9610863396838264,0.0389136603161734,1.0,off_023045,4021
ALL,2468,0.6137776672469535,0.9611021069692058,0.0388978930307941,1.0,off_023053,4021
ALL,2469,0.6140263616015916,0.9611178614823817,0.0388821385176184,1.0,off_023054,4021
ALL,2470,0.6142750559562298,0.9607287449392712,0.0392712550607287,1.0,off_023055,4021
ALL,2471,0.6145237503108679,0.9607446377984622,0.0392553622015378,1.0,off_023078,4021
ALL,2472,0.6147724446655061,0.9607605177993528,0.0392394822006472,1.0,off_023089,4021
ALL,2473,0.6150211390201442,0.9607763849575416,0.0392236150424585,1.0,off_023091,4021
ALL,2474,0.6152698333747824,0.9607922392886016,0.0392077607113985,1.0,off_023102,4021
ALL,2475,0.6155185277294205,0.9608080808080808,0.0391919191919191,1.0,off_023104,4021
ALL,2476,0.6157672220840587,0.9608239095315024,0.0391760904684975,1.0,off_023114,4021
ALL,2477,0.6160159164386968,0.960839725474364,0.0391602745256358,1.0,off_023125,4021
ALL,2478,0.6162646107933349,0.9608555286521387,0.0391444713478611,1.0,off_023135,4021
ALL,2479,0.6165133051479731,0.9608713190802745,0.0391286809197257,1.0,off_023138,4021
ALL,2480,0.6167619995026112,0.9608870967741936,0.0391129032258064,1.0,off_023146,4021
ALL,2481,0.6170106938572495,0.9609028617492946,0.0390971382507053,1.0,off_023156,4021
ALL,2482,0.6172593882118876,0.9609186140209508,0.0390813859790491,1.0,off_023169,4021
ALL,2483,0.6175080825665258,0.9609343536045106,0.0390656463954893,1.0,off_023174,4021
ALL,2484,0.6177567769211639,0.960950080515298,0.039049919484702,1.0,off_023189,4021
ALL,2485,0.6180054712758021,0.9609657947686115,0.0390342052313883,1.0,off_023205,4021
ALL,2486,0.6182541656304402,0.9609814963797264,0.0390185036202735,1.0,off_023214,4021
ALL,2487,0.6185028599850784,0.9609971853638922,0.0390028146361077,1.0,off_023257,4021
ALL,2488,0.6187515543397165,0.9610128617363344,0.0389871382636655,1.0,off_023268,4021
ALL,2489,0.6190002486943547,0.961028525512254,0.038971474487746,1.0,off_023286,4021
ALL,2490,0.6192489430489928,0.9610441767068272,0.0389558232931726,1.0,off_023320,4021
ALL,2491,0.619497637403631,0.9610598153352068,0.0389401846647932,1.0,off_023332,4021
ALL,2492,0.6197463317582691,0.96107544141252,0.0389245585874799,1.0,off_023351,4021
ALL,2493,0.6199950261129072,0.9610910549538708,0.0389089450461291,1.0,off_023361,4021
ALL,2494,0.6202437204675454,0.9611066559743384,0.0388933440256615,1.0,off_023365,4021
ALL,2495,0.6204924148221835,0.961122244488978,0.038877755511022,1.0,off_023368,4021
ALL,2496,0.6207411091768217,0.9611378205128204,0.0388621794871794,1.0,off_023372,4021
ALL,2497,0.6209898035314598,0.961153384060873,0.0388466159391269,1.0,off_023376,4021
ALL,2498,0.621238497886098,0.9611689351481184,0.0388310648518815,1.0,off_023382,4021
ALL,2499,0.6214871922407361,0.9611844737895158,0.0388155262104841,1.0,off_023407,4021
ALL,2500,0.6217358865953743,0.9612,0.0388,1.0,off_023408,4021
ALL,2501,0.6219845809500124,0.9612155137944822,0.0387844862055177,1.0,off_023410,4021
ALL,2502,0.6222332753046506,0.9612310151878496,0.0387689848121502,1.0,off_023431,4021
ALL,2503,0.6224819696592887,0.961246504194966,0.0387534958050339,1.0,off_023433,4021
ALL,2504,0.6227306640139268,0.9612619808306708,0.038738019169329,1.0,off_023438,4021
ALL,2505,0.622979358368565,0.9612774451097804,0.0387225548902195,1.0,off_023442,4021
ALL,2506,0.6232280527232031,0.961292897047087,0.038707102952913,1.0,off_023445,4021
ALL,2507,0.6234767470778413,0.9613083366573594,0.0386916633426406,1.0,off_023457,4021
ALL,2508,0.6237254414324794,0.9613237639553428,0.0386762360446571,1.0,off_023474,4021
ALL,2509,0.6239741357871176,0.9613391789557592,0.0386608210442407,1.0,off_023478,4021
ALL,2510,0.6242228301417558,0.9613545816733068,0.0386454183266932,1.0,off_023482,4021
ALL,2511,0.624471524496394,0.9613699721226604,0.0386300278773397,1.0,off_023492,4021
ALL,2512,0.6247202188510321,0.9613853503184714,0.0386146496815286,1.0,off_023494,4021
ALL,2513,0.6249689132056703,0.961400716275368,0.0385992837246319,1.0,off_023500,4021
ALL,2514,0.6252176075603084,0.9614160700079556,0.0385839299920445,1.0,off_023507,4021
ALL,2515,0.6254663019149466,0.9614314115308152,0.0385685884691848,1.0,off_023509,4021
ALL,2516,0.6257149962695847,0.9614467408585056,0.0385532591414944,1.0,off_023510,4021
ALL,2517,0.6259636906242229,0.9614620580055622,0.0385379419944378,1.0,off_023534,4021
ALL,2518,0.626212384978861,0.9614773629864972,0.0385226370135027,1.0,off_023540,4021
ALL,2519,0.6264610793334991,0.9614926558158,0.0385073441842,1.0,off_023554,4021
ALL,2520,0.6267097736881373,0.9615079365079364,0.0384920634920634,1.0,off_023558,4021
ALL,2521,0.6269584680427754,0.9615232050773502,0.0384767949226497,1.0,off_023569,4021
ALL,2522,0.6272071623974136,0.9615384615384616,0.0384615384615384,1.0,off_023574,4021
ALL,2523,0.6274558567520517,0.9615537059056678,0.0384462940943321,1.0,off_023584,4021
ALL,2524,0.6277045511066899,0.961568938193344,0.0384310618066561,1.0,off_023587,4021
ALL,2525,0.627953245461328,0.9615841584158416,0.0384158415841584,1.0,off_023595,4021
ALL,2526,0.6282019398159662,0.96159936658749,0.0384006334125099,1.0,off_023597,4021
ALL,2527,0.6284506341706043,0.961614562722596,0.038385437277404,1.0,off_023613,4021
ALL,2528,0.6286993285252425,0.961629746835443,0.0383702531645569,1.0,off_023629,4021
ALL,2529,0.6289480228798806,0.9616449189402926,0.0383550810597073,1.0,off_023638,4021
ALL,2530,0.6291967172345188,0.9616600790513834,0.0383399209486166,1.0,off_023654,4021
ALL,2531,0.6294454115891569,0.9616752271829316,0.0383247728170683,1.0,off_023671,4021
ALL,2532,0.629694105943795,0.9616903633491312,0.0383096366508688,1.0,off_023679,4021
ALL,2533,0.6299428002984332,0.9617054875641532,0.0382945124358468,1.0,off_023687,4021
ALL,2534,0.6301914946530713,0.9617205998421468,0.0382794001578531,1.0,off_023696,4021
ALL,2535,0.6304401890077095,0.9617357001972386,0.0382642998027613,1.0,off_023705,4021
ALL,2536,0.6306888833623476,0.9617507886435332,0.0382492113564668,1.0,off_023709,4021
ALL,2537,0.6309375777169858,0.9617658651951124,0.0382341348048876,1.0,off_023761,4021
ALL,2538,0.6311862720716239,0.9617809298660362,0.0382190701339637,1.0,off_023763,4021
ALL,2539,0.6314349664262622,0.9617959826703426,0.0382040173296573,1.0,off_023766,4021
ALL,2540,0.6316836607809003,0.9618110236220472,0.0381889763779527,1.0,off_023775,4021
ALL,2541,0.6319323551355385,0.9614325068870524,0.0385674931129476,1.0,off_023781,4021
ALL,2542,0.6321810494901766,0.9614476789929188,0.038552321007081,1.0,off_023785,4021
ALL,2543,0.6324297438448148,0.961462839166339,0.038537160833661,1.0,off_023789,4021
ALL,2544,0.6326784381994529,0.9614779874213836,0.0385220125786163,1.0,off_023795,4021
ALL,2545,0.632927132554091,0.9614931237721022,0.0385068762278978,1.0,off_023808,4021
ALL,2546,0.6331758269087292,0.9615082482325216,0.0384917517674784,1.0,off_023818,4021
ALL,2547,0.6334245212633673,0.961523360816647,0.0384766391833529,1.0,off_023828,4021
ALL,2548,0.6336732156180055,0.9615384615384616,0.0384615384615384,1.0,off_023853,4021
ALL,2549,0.6339219099726436,0.9615535504119262,0.0384464495880737,1.0,off_023872,4021
ALL,2550,0.6341706043272818,0.9615686274509804,0.0384313725490196,1.0,off_023884,4021
ALL,2551,0.6344192986819199,0.9615836926695414,0.0384163073304586,1.0,off_023905,4021
ALL,2552,0.6346679930365581,0.9615987460815048,0.0384012539184953,1.0,off_023921,4021
ALL,2553,0.6349166873911962,0.9616137877007442,0.0383862122992557,1.0,off_023922,4021
ALL,2554,0.6351653817458344,0.961628817541112,0.038371182458888,1.0,off_023926,4021
ALL,2555,0.6354140761004725,0.9616438356164384,0.0383561643835616,1.0,off_023936,4021
ALL,2556,0.6356627704551107,0.961658841940532,0.0383411580594679,1.0,off_023938,4021
ALL,2557,0.6359114648097488,0.9616738365271804,0.0383261634728197,1.0,off_023953,4021
ALL,2558,0.636160159164387,0.9616888193901484,0.0383111806098514,1.0,off_023958,4021
ALL,2559,0.6364088535190251,0.9617037905431808,0.038296209456819,1.0,off_023969,4021
ALL,2560,0.6366575478736632,0.96171875,0.03828125,1.0,off_024015,4021
ALL,2561,0.6369062422283014,0.961733697774307,0.038266302225693,1.0,off_024025,4021
ALL,2562,0.6371549365829395,0.9617486338797814,0.0382513661202185,1.0,off_024028,4021
ALL,2563,0.6374036309375777,0.961763558330082,0.038236441669918,1.0,off_024048,4021
ALL,2564,0.6376523252922158,0.9617784711388456,0.0382215288611544,1.0,off_024052,4021
ALL,2565,0.637901019646854,0.961793372319688,0.0382066276803118,1.0,off_024059,4021
ALL,2566,0.6381497140014921,0.9618082618862042,0.0381917381137957,1.0,off_024060,4021
ALL,2567,0.6383984083561303,0.9618231398519672,0.0381768601480327,1.0,off_024062,4021
ALL,2568,0.6386471027107684,0.9618380062305296,0.0381619937694704,1.0,off_024065,4021
ALL,2569,0.6388957970654067,0.9618528610354224,0.0381471389645776,1.0,off_024075,4021
ALL,2570,0.6391444914200448,0.9618677042801556,0.0381322957198443,1.0,off_024079,4021
ALL,2571,0.639393185774683,0.9618825359782186,0.0381174640217814,1.0,off_024081,4021
ALL,2572,0.6396418801293211,0.9618973561430794,0.0381026438569206,1.0,off_024083,4021
ALL,2573,0.6398905744839593,0.961912164788185,0.038087835211815,1.0,off_024084,4021
ALL,2574,0.6401392688385974,0.961926961926962,0.038073038073038,1.0,off_024112,4021
ALL,2575,0.6403879631932355,0.9619417475728156,0.0380582524271844,1.0,off_024113,4021
ALL,2576,0.6406366575478737,0.9619565217391304,0.0380434782608695,1.0,off_024139,4021
ALL,2577,0.6408853519025118,0.9619712844392704,0.0380287155607295,1.0,off_024140,4021
ALL,2578,0.64113404625715,0.9619860356865788,0.0380139643134212,1.0,off_024147,4021
ALL,2579,0.6413827406117881,0.9620007754943776,0.0379992245056223,1.0,off_024152,4021
ALL,2580,0.6416314349664263,0.962015503875969,0.037984496124031,1.0,off_024157,4021
ALL,2581,0.6418801293210644,0.962030220844634,0.0379697791553661,1.0,off_024161,4021
ALL,2582,0.6421288236757026,0.9620449264136328,0.0379550735863671,1.0,off_024169,4021
ALL,2583,0.6423775180303407,0.962059620596206,0.037940379403794,1.0,off_024178,4021
ALL,2584,0.6426262123849789,0.9620743034055728,0.0379256965944272,1.0,off_024182,4021
ALL,2585,0.642874906739617,0.9620889748549324,0.0379110251450676,1.0,off_024185,4021
ALL,2586,0.6431236010942551,0.9621036349574632,0.0378963650425367,1.0,off_024189,4021
ALL,2587,0.6433722954488933,0.962118283726324,0.037881716273676,1.0,off_024202,4021
ALL,2588,0.6436209898035314,0.9621329211746522,0.0378670788253477,1.0,off_024220,4021
ALL,2589,0.6438696841581696,0.9621475473155658,0.0378524526844341,1.0,off_024224,4021
ALL,2590,0.6441183785128077,0.962162162162162,0.0378378378378378,1.0,off_024230,4021
ALL,2591,0.6443670728674459,0.961790814357391,0.038209185642609,1.0,off_024232,4021
ALL,2592,0.644615767222084,0.9618055555555556,0.0381944444444444,1.0,off_024235,4021
ALL,2593,0.6448644615767222,0.9618202853837254,0.0381797146162745,1.0,off_024244,4021
ALL,2594,0.6451131559313603,0.9618350038550502,0.0381649961449498,1.0,off_024258,4021
ALL,2595,0.6453618502859985,0.9618497109826588,0.038150289017341,1.0,off_024262,4021
ALL,2596,0.6456105446406366,0.961864406779661,0.0381355932203389,1.0,off_024266,4021
ALL,2597,0.6458592389952748,0.9618790912591452,0.0381209087408548,1.0,off_024289,4021
ALL,2598,0.646107933349913,0.9618937644341802,0.0381062355658198,1.0,off_024305,4021
ALL,2599,0.6463566277045512,0.9619084263178146,0.0380915736821854,1.0,off_024306,4021
ALL,2600,0.6466053220591893,0.9619230769230768,0.038076923076923,1.0,off_024325,4021
ALL,2601,0.6468540164138274,0.9615532487504804,0.0384467512495194,1.0,off_024331,4021
ALL,2602,0.6471027107684656,0.9615680245964644,0.0384319754035357,1.0,off_024339,4021
ALL,2603,0.6473514051231037,0.961582789089512,0.0384172109104879,1.0,off_024340,4021
ALL,2604,0.6476000994777419,0.9615975422427036,0.0384024577572964,1.0,off_024343,4021
ALL,2605,0.64784879383238,0.961612284069098,0.0383877159309021,1.0,off_024345,4021
ALL,2606,0.6480974881870182,0.9616270145817344,0.0383729854182655,1.0,off_024370,4021
ALL,2607,0.6483461825416563,0.9616417337936324,0.0383582662063674,1.0,off_024378,4021
ALL,2608,0.6485948768962945,0.9616564417177914,0.0383435582822085,1.0,off_024380,4021
ALL,2609,0.6488435712509326,0.9616711383671904,0.0383288616328095,1.0,off_024387,4021
ALL,2610,0.6490922656055708,0.9616858237547892,0.0383141762452107,1.0,off_024392,4021
ALL,2611,0.6493409599602089,0.9617004978935274,0.0382995021064726,1.0,off_024401,4021
ALL,2612,0.649589654314847,0.9617151607963248,0.0382848392036753,1.0,off_024420,4021
ALL,2613,0.6498383486694852,0.9617298124760812,0.0382701875239188,1.0,off_024431,4021
ALL,2614,0.6500870430241233,0.9617444529456772,0.0382555470543228,1.0,off_024435,4021
ALL,2615,0.6503357373787615,0.9617590822179732,0.0382409177820267,1.0,off_024455,4021
ALL,2616,0.6505844317333996,0.9617737003058104,0.0382262996941896,1.0,off_024456,4021
ALL,2617,0.6508331260880378,0.96178830722201,0.03821169277799,1.0,off_024462,4021
ALL,2618,0.6510818204426759,0.9618029029793737,0.0381970970206264,1.0,off_024467,4021
ALL,2619,0.6513305147973141,0.9618174875906834,0.0381825124093165,1.0,off_024470,4021
ALL,2620,0.6515792091519522,0.9614503816793892,0.0385496183206106,1.0,off_024474,4021
ALL,2621,0.6518279035065904,0.961465089660435,0.038534910339565,1.0,off_024482,4021
ALL,2622,0.6520765978612285,0.961479786422578,0.0385202135774218,1.0,off_024489,4021
ALL,2623,0.6523252922158667,0.9614944719786503,0.0385055280213496,1.0,off_024500,4021
ALL,2624,0.6525739865705048,0.9615091463414634,0.0384908536585365,1.0,off_024511,4021
ALL,2625,0.652822680925143,0.9615238095238096,0.0384761904761904,1.0,off_024525,4021
ALL,2626,0.6530713752797811,0.9611576542269612,0.0388423457730388,1.0,off_024529,4021
ALL,2627,0.6533200696344194,0.9611724400456796,0.0388275599543205,1.0,off_024531,4021
ALL,2628,0.6535687639890575,0.9611872146118722,0.0388127853881278,1.0,off_024542,4021
ALL,2629,0.6538174583436956,0.9612019779383796,0.0387980220616203,1.0,off_024549,4021
ALL,2630,0.6540661526983338,0.9612167300380228,0.0387832699619771,1.0,off_024557,4021
ALL,2631,0.6543148470529719,0.9612314709236032,0.0387685290763968,1.0,off_024559,4021
ALL,2632,0.6545635414076101,0.9612462006079028,0.0387537993920972,1.0,off_024571,4021
ALL,2633,0.6548122357622482,0.961260919103684,0.0387390808963159,1.0,off_024574,4021
ALL,2634,0.6550609301168864,0.9612756264236902,0.0387243735763098,1.0,off_024579,4021
ALL,2635,0.6553096244715245,0.9612903225806452,0.0387096774193548,1.0,off_024583,4021
ALL,2636,0.6555583188261627,0.9613050075872536,0.0386949924127465,1.0,off_024608,4021
ALL,2637,0.6558070131808008,0.9613196814562002,0.0386803185437997,1.0,off_024618,4021
ALL,2638,0.656055707535439,0.9613343442001516,0.0386656557998483,1.0,off_024630,4021
ALL,2639,0.6563044018900771,0.9613489958317544,0.0386510041682455,1.0,off_024656,4021
ALL,2640,0.6565530962447153,0.9613636363636364,0.0386363636363636,1.0,off_024658,4021
ALL,2641,0.6568017905993534,0.961378265808406,0.038621734191594,1.0,off_024662,4021
ALL,2642,0.6570504849539915,0.9613928841786524,0.0386071158213474,1.0,off_024673,4021
ALL,2643,0.6572991793086297,0.9614074914869466,0.0385925085130533,1.0,off_024684,4021
ALL,2644,0.6575478736632678,0.9614220877458396,0.0385779122541603,1.0,off_024698,4021
ALL,2645,0.657796568017906,0.9614366729678638,0.0385633270321361,1.0,off_024713,4021
ALL,2646,0.6580452623725441,0.9614512471655328,0.0385487528344671,1.0,off_024714,4021
ALL,2647,0.6582939567271823,0.9614658103513412,0.0385341896486588,1.0,off_024723,4021
ALL,2648,0.6585426510818204,0.9614803625377644,0.0385196374622356,1.0,off_024786,4021
ALL,2649,0.6587913454364586,0.9614949037372592,0.0385050962627406,1.0,off_024805,4021
ALL,2650,0.6590400397910967,0.9615094339622642,0.0384905660377358,1.0,off_024807,4021
ALL,2651,0.6592887341457349,0.961523953225198,0.0384760467748019,1.0,off_024822,4021
ALL,2652,0.659537428500373,0.9615384615384616,0.0384615384615384,1.0,off_024838,4021
ALL,2653,0.6597861228550111,0.9615529589144364,0.0384470410855635,1.0,off_024870,4021
ALL,2654,0.6600348172096493,0.961567445365486,0.0384325546345139,1.0,off_024879,4021
ALL,2655,0.6602835115642874,0.9615819209039548,0.0384180790960452,1.0,off_024884,4021
ALL,2656,0.6605322059189256,0.9615963855421686,0.0384036144578313,1.0,off_024893,4021
ALL,2657,0.6607809002735638,0.9616108392924352,0.0383891607075649,1.0,off_024906,4021
ALL,2658,0.661029594628202,0.9616252821670428,0.0383747178329571,1.0,off_024908,4021
ALL,2659,0.6612782889828401,0.9616397141782626,0.0383602858217375,1.0,off_024921,4021
ALL,2660,0.6615269833374783,0.961654135338346,0.0383458646616541,1.0,off_024928,4021
ALL,2661,0.6617756776921164,0.9616685456595264,0.0383314543404735,1.0,off_024945,4021
ALL,2662,0.6620243720467546,0.9616829451540196,0.0383170548459804,1.0,off_024948,4021
ALL,2663,0.6622730664013927,0.9616973338340218,0.0383026661659782,1.0,off_024961,4021
ALL,2664,0.6625217607560309,0.9617117117117118,0.0382882882882882,1.0,off_024962,4021
ALL,2665,0.662770455110669,0.9617260787992497,0.0382739212007504,1.0,off_024983,4021
ALL,2666,0.6630191494653072,0.9617404351087772,0.0382595648912228,1.0,off_025004,4021
ALL,2667,0.6632678438199453,0.9617547806524184,0.0382452193475815,1.0,off_025018,4021
ALL,2668,0.6635165381745834,0.9617691154422788,0.0382308845577211,1.0,off_025023,4021
ALL,2669,0.6637652325292216,0.9614087673285876,0.0385912326714125,1.0,off_025025,4021
ALL,2670,0.6640139268838597,0.9614232209737829,0.0385767790262172,1.0,off_025029,4021
ALL,2671,0.6642626212384979,0.961437663796331,0.038562336203669,1.0,off_025050,4021
ALL,2672,0.664511315593136,0.9614520958083832,0.0385479041916167,1.0,off_025054,4021
ALL,2673,0.6647600099477742,0.9614665170220724,0.0385334829779274,1.0,off_025062,4021
ALL,2674,0.6650087043024123,0.961480927449514,0.0385190725504861,1.0,off_025067,4021
ALL,2675,0.6652573986570505,0.9614953271028036,0.0385046728971962,1.0,off_025092,4021
ALL,2676,0.6655060930116886,0.9615097159940208,0.038490284005979,1.0,off_025102,4021
ALL,2677,0.6657547873663268,0.961524094135226,0.038475905864774,1.0,off_025103,4021
ALL,2678,0.6660034817209649,0.9615384615384616,0.0384615384615384,1.0,off_025110,4021
ALL,2679,0.666252176075603,0.961552818215752,0.0384471817842478,1.0,off_025114,4021
ALL,2680,0.6665008704302412,0.9615671641791044,0.0384328358208955,1.0,off_025118,4021
ALL,2681,0.6667495647848793,0.9615814994405072,0.0384185005594927,1.0,off_025131,4021
ALL,2682,0.6669982591395175,0.9615958240119314,0.0384041759880686,1.0,off_025132,4021
ALL,2683,0.6672469534941556,0.96161013790533,0.0383898620946701,1.0,off_025154,4021
ALL,2684,0.6674956478487938,0.961624441132638,0.0383755588673621,1.0,off_025159,4021
ALL,2685,0.6677443422034319,0.9616387337057728,0.0383612662942271,1.0,off_025186,4021
ALL,2686,0.6679930365580702,0.9616530156366344,0.0383469843633656,1.0,off_025208,4021
ALL,2687,0.6682417309127083,0.9616672869371046,0.0383327130628954,1.0,off_025279,4021
ALL,2688,0.6684904252673465,0.9616815476190476,0.0383184523809523,1.0,off_025290,4021
ALL,2689,0.6687391196219846,0.96169579769431,0.0383042023056898,1.0,off_025291,4021
ALL,2690,0.6689878139766228,0.9617100371747213,0.0382899628252788,1.0,off_025310,4021
ALL,2691,0.6692365083312609,0.9617242660720922,0.0382757339279078,1.0,off_025321,4021
ALL,2692,0.6694852026858991,0.961738484398217,0.038261515601783,1.0,off_025326,4021
ALL,2693,0.6697338970405372,0.961752692164872,0.0382473078351281,1.0,off_025335,4021
ALL,2694,0.6699825913951754,0.961766889383816,0.0382331106161841,1.0,off_025356,4021
ALL,2695,0.6702312857498135,0.9617810760667904,0.0382189239332096,1.0,off_025366,4021
ALL,2696,0.6704799801044516,0.9617952522255192,0.0382047477744807,1.0,off_025388,4021
ALL,2697,0.6707286744590898,0.9618094178717091,0.0381905821282906,1.0,off_025389,4021
ALL,2698,0.6709773688137279,0.9618235730170496,0.0381764269829503,1.0,off_025399,4021
ALL,2699,0.6712260631683661,0.9618377176732122,0.0381622823267877,1.0,off_025400,4021
ALL,2700,0.6714747575230042,0.9618518518518518,0.0381481481481481,1.0,off_025411,4021
ALL,2701,0.6717234518776424,0.9618659755646056,0.0381340244353943,1.0,off_025415,4021
ALL,2702,0.6719721462322805,0.961880088823094,0.0381199111769059,1.0,off_025434,4021
ALL,2703,0.6722208405869187,0.9618941916389198,0.0381058083610802,1.0,off_025444,4021
ALL,2704,0.6724695349415568,0.9619082840236688,0.0380917159763313,1.0,off_025469,4021
ALL,2705,0.672718229296195,0.9619223659889096,0.0380776340110905,1.0,off_025470,4021
ALL,2706,0.6729669236508331,0.9619364375461936,0.0380635624538063,1.0,off_025473,4021
ALL,2707,0.6732156180054713,0.9619504987070556,0.0380495012929442,1.0,off_025495,4021
ALL,2708,0.6734643123601094,0.9619645494830132,0.0380354505169867,1.0,off_025499,4021
ALL,2709,0.6737130067147475,0.9619785898855666,0.0380214101144333,1.0,off_025513,4021
ALL,2710,0.6739617010693857,0.9619926199261992,0.0380073800738007,1.0,off_025522,4021
ALL,2711,0.6742103954240238,0.9620066396163778,0.0379933603836222,1.0,off_025532,4021
ALL,2712,0.674459089778662,0.9620206489675516,0.0379793510324483,1.0,off_025535,4021
ALL,2713,0.6747077841333001,0.9620346479911536,0.0379653520088462,1.0,off_025537,4021
ALL,2714,0.6749564784879383,0.9620486366986,0.0379513633014001,1.0,off_025543,4021
ALL,2715,0.6752051728425765,0.9620626151012892,0.0379373848987108,1.0,off_025554,4021
ALL,2716,0.6754538671972147,0.962076583210604,0.0379234167893961,1.0,off_025559,4021
ALL,2717,0.6757025615518528,0.9620905410379096,0.0379094589620905,1.0,off_025564,4021
ALL,2718,0.675951255906491,0.9621044885945548,0.0378955114054451,1.0,off_025573,4021
ALL,2719,0.6761999502611291,0.962118425891872,0.0378815741081279,1.0,off_025578,4021
ALL,2720,0.6764486446157673,0.9621323529411764,0.0378676470588235,1.0,off_025579,4021
ALL,2721,0.6766973389704054,0.962146269753767,0.037853730246233,1.0,off_025587,4021
ALL,2722,0.6769460333250436,0.9621601763409258,0.0378398236590742,1.0,off_025594,4021
ALL,2723,0.6771947276796817,0.9621740727139184,0.0378259272860815,1.0,off_025597,4021
ALL,2724,0.6774434220343198,0.962187958883994,0.0378120411160058,1.0,off_025600,4021
ALL,2725,0.677692116388958,0.9622018348623852,0.0377981651376146,1.0,off_025604,4021
ALL,2726,0.6779408107435961,0.962215700660308,0.0377842993396918,1.0,off_025619,4021
ALL,2727,0.6781895050982343,0.9622295562889622,0.0377704437110377,1.0,off_025628,4021
ALL,2728,0.6784381994528724,0.9622434017595308,0.0377565982404692,1.0,off_025630,4021
ALL,2729,0.6786868938075106,0.9622572370831808,0.0377427629168193,1.0,off_025644,4021
ALL,2730,0.6789355881621487,0.9622710622710624,0.0377289377289377,1.0,off_025653,4021
ALL,2731,0.6791842825167869,0.9622848773343098,0.0377151226656902,1.0,off_025670,4021
ALL,2732,0.679432976871425,0.962298682284041,0.037701317715959,1.0,off_025671,4021
ALL,2733,0.6796816712260632,0.9623124771313576,0.0376875228686425,1.0,off_025687,4021
ALL,2734,0.6799303655807013,0.9623262618873444,0.0376737381126554,1.0,off_025696,4021
ALL,2735,0.6801790599353394,0.9623400365630712,0.0376599634369287,1.0,off_025699,4021
ALL,2736,0.6804277542899776,0.9623538011695908,0.0376461988304093,1.0,off_025704,4021
ALL,2737,0.6806764486446157,0.9623675557179392,0.0376324442820606,1.0,off_025717,4021
ALL,2738,0.6809251429992539,0.962381300219138,0.0376186997808619,1.0,off_025720,4021
ALL,2739,0.681173837353892,0.9623950346841912,0.0376049653158086,1.0,off_025729,4021
ALL,2740,0.6814225317085302,0.9624087591240876,0.0375912408759124,1.0,off_025744,4021
ALL,2741,0.6816712260631683,0.9624224735497994,0.0375775264502006,1.0,off_025789,4021
ALL,2742,0.6819199204178065,0.962436177972283,0.0375638220277169,1.0,off_025797,4021
ALL,2743,0.6821686147724446,0.962085308056872,0.0379146919431279,1.0,off_025806,4021
ALL,2744,0.6824173091270828,0.9620991253644317,0.0379008746355685,1.0,off_025817,4021
ALL,2745,0.682666003481721,0.9621129326047358,0.0378870673952641,1.0,off_025844,4021
ALL,2746,0.6829146978363592,0.9621267297887836,0.0378732702112163,1.0,off_025854,4021
ALL,2747,0.6831633921909973,0.9621405169275572,0.0378594830724426,1.0,off_025868,4021
ALL,2748,0.6834120865456355,0.9621542940320232,0.0378457059679767,1.0,off_025869,4021
ALL,2749,0.6836607809002736,0.962168061113132,0.0378319388868679,1.0,off_025878,4021
ALL,2750,0.6839094752549117,0.962181818181818,0.0378181818181818,1.0,off_025883,4021
ALL,2751,0.6841581696095499,0.9621955652490004,0.0378044347509996,1.0,off_025885,4021
ALL,2752,0.684406863964188,0.9622093023255814,0.0377906976744186,1.0,off_025900,4021
ALL,2753,0.6846555583188262,0.9622230294224482,0.0377769705775517,1.0,off_025912,4021
ALL,2754,0.6849042526734643,0.962236746550472,0.0377632534495279,1.0,off_025935,4021
ALL,2755,0.6851529470281025,0.9622504537205082,0.0377495462794918,1.0,off_025941,4021
ALL,2756,0.6854016413827406,0.9622641509433962,0.0377358490566037,1.0,off_025960,4021
ALL,2757,0.6856503357373788,0.9622778382299602,0.0377221617700399,1.0,off_025972,4021
ALL,2758,0.6858990300920169,0.962291515591008,0.037708484408992,1.0,off_025973,4021
ALL,2759,0.6861477244466551,0.9623051830373324,0.0376948169626676,1.0,off_025984,4021
ALL,2760,0.6863964188012932,0.9623188405797102,0.0376811594202898,1.0,off_025986,4021
ALL,2761,0.6866451131559314,0.9623324882289026,0.0376675117710974,1.0,off_026007,4021
ALL,2762,0.6868938075105695,0.9619840695148444,0.0380159304851556,1.0,off_026014,4021
ALL,2763,0.6871425018652076,0.9619978284473398,0.0380021715526601,1.0,off_026015,4021
ALL,2764,0.6873911962198458,0.9620115774240232,0.0379884225759768,1.0,off_026019,4021
ALL,2765,0.6876398905744839,0.9620253164556962,0.0379746835443038,1.0,off_026025,4021
ALL,2766,0.6878885849291221,0.9620390455531452,0.0379609544468546,1.0,off_026027,4021
ALL,2767,0.6881372792837602,0.9620527647271412,0.0379472352728586,1.0,off_026030,4021
ALL,2768,0.6883859736383984,0.9620664739884393,0.0379335260115606,1.0,off_026037,4021
ALL,2769,0.6886346679930365,0.962080173347779,0.037919826652221,1.0,off_026040,4021
ALL,2770,0.6888833623476747,0.9620938628158844,0.0379061371841155,1.0,off_026072,4021
ALL,2771,0.6891320567023128,0.9621075424034644,0.0378924575965355,1.0,off_026082,4021
ALL,2772,0.689380751056951,0.9621212121212122,0.0378787878787878,1.0,off_026097,4021
ALL,2773,0.6896294454115891,0.9621348719798052,0.0378651280201947,1.0,off_026098,4021
ALL,2774,0.6898781397662274,0.9621485219899064,0.0378514780100937,1.0,off_026118,4021
ALL,2775,0.6901268341208655,0.962162162162162,0.0378378378378378,1.0,off_026122,4021
ALL,2776,0.6903755284755037,0.9621757925072046,0.0378242074927953,1.0,off_026125,4021
ALL,2777,0.6906242228301418,0.96218941303565,0.03781058696435,1.0,off_026129,4021
ALL,2778,0.6908729171847799,0.9622030237580994,0.0377969762419006,1.0,off_026150,4021
ALL,2779,0.6911216115394181,0.9622166246851386,0.0377833753148614,1.0,off_026162,4021
ALL,2780,0.6913703058940562,0.962230215827338,0.0377697841726618,1.0,off_026165,4021
ALL,2781,0.6916190002486944,0.9622437971952535,0.0377562028047464,1.0,off_026173,4021
ALL,2782,0.6918676946033325,0.9622573687994248,0.0377426312005751,1.0,off_026182,4021
ALL,2783,0.6921163889579707,0.9622709306503772,0.0377290693496227,1.0,off_026187,4021
ALL,2784,0.6923650833126088,0.9622844827586208,0.0377155172413793,1.0,off_026195,4021
ALL,2785,0.692613777667247,0.96229802513465,0.03770197486535,1.0,off_026199,4021
ALL,2786,0.6928624720218851,0.9623115577889448,0.0376884422110552,1.0,off_026205,4021
ALL,2787,0.6931111663765233,0.96232508073197,0.0376749192680301,1.0,off_026208,4021
ALL,2788,0.6933598607311614,0.9619799139167864,0.0380200860832137,1.0,off_026212,4021
ALL,2789,0.6936085550857995,0.9619935460738616,0.0380064539261384,1.0,off_026213,4021
ALL,2790,0.6938572494404377,0.9620071684587812,0.0379928315412186,1.0,off_026224,4021
ALL,2791,0.6941059437950758,0.9620207810820496,0.0379792189179505,1.0,off_026227,4021
ALL,2792,0.694354638149714,0.9620343839541547,0.0379656160458452,1.0,off_026229,4021
ALL,2793,0.6946033325043521,0.9620479770855712,0.0379520229144289,1.0,off_026237,4021
ALL,2794,0.6948520268589903,0.9620615604867572,0.0379384395132426,1.0,off_026242,4021
ALL,2795,0.6951007212136284,0.9620751341681574,0.0379248658318425,1.0,off_026247,4021
ALL,2796,0.6953494155682666,0.9620886981402004,0.0379113018597997,1.0,off_026253,4021
ALL,2797,0.6955981099229047,0.9621022524133,0.0378977475867,1.0,off_026259,4021
ALL,2798,0.6958468042775429,0.9621157969978557,0.0378842030021443,1.0,off_026260,4021
ALL,2799,0.696095498632181,0.9621293319042517,0.0378706680957484,1.0,off_026270,4021
ALL,2800,0.6963441929868192,0.9621428571428572,0.0378571428571428,1.0,off_026272,4021
ALL,2801,0.6965928873414573,0.9621563727240272,0.0378436272759728,1.0,off_026281,4021
ALL,2802,0.6968415816960954,0.9621698786581012,0.0378301213418986,1.0,off_026282,4021
ALL,2803,0.6970902760507337,0.962183374955405,0.037816625044595,1.0,off_026286,4021
ALL,2804,0.6973389704053718,0.9621968616262482,0.0378031383737517,1.0,off_026294,4021
ALL,2805,0.69758766476001,0.9622103386809268,0.037789661319073,1.0,off_026296,4021
ALL,2806,0.6978363591146481,0.9618674269422666,0.0381325730577334,1.0,off_026300,4021
ALL,2807,0.6980850534692863,0.9618810117563236,0.0381189882436765,1.0,off_026302,4021
ALL,2808,0.6983337478239244,0.9618945868945868,0.0381054131054131,1.0,off_026312,4021
ALL,2809,0.6985824421785626,0.9615521537913848,0.0384478462086151,1.0,off_026322,4021
ALL,2810,0.6988311365332007,0.9615658362989324,0.0384341637010676,1.0,off_026334,4021
ALL,2811,0.6990798308878389,0.9615795090715048,0.0384204909284952,1.0,off_026347,4021
ALL,2812,0.699328525242477,0.961593172119488,0.038406827880512,1.0,off_026356,4021
ALL,2813,0.6995772195971152,0.9616068254532528,0.0383931745467472,1.0,off_026359,4021
ALL,2814,0.6998259139517533,0.9616204690831556,0.0383795309168443,1.0,off_026369,4021
ALL,2815,0.7000746083063915,0.9616341030195382,0.0383658969804618,1.0,off_026378,4021
ALL,2816,0.7003233026610296,0.9616477272727272,0.0383522727272727,1.0,off_026380,4021
ALL,2817,0.7005719970156677,0.9616613418530352,0.0383386581469648,1.0,off_026400,4021
ALL,2818,0.7008206913703059,0.9616749467707594,0.0383250532292406,1.0,off_026404,4021
ALL,2819,0.701069385724944,0.961688542036183,0.0383114579638169,1.0,off_026415,4021
ALL,2820,0.7013180800795822,0.9617021276595744,0.0382978723404255,1.0,off_026418,4021
ALL,2821,0.7015667744342203,0.9617157036511876,0.0382842963488124,1.0,off_026424,4021
ALL,2822,0.7018154687888585,0.9617292700212616,0.0382707299787384,1.0,off_026435,4021
ALL,2823,0.7020641631434966,0.9617428267800212,0.0382571732199787,1.0,off_026440,4021
ALL,2824,0.7023128574981348,0.9617563739376772,0.0382436260623229,1.0,off_026451,4021
ALL,2825,0.7025615518527729,0.9617699115044248,0.0382300884955752,1.0,off_026455,4021
ALL,2826,0.7028102462074111,0.961783439490446,0.0382165605095541,1.0,off_026466,4021
ALL,2827,0.7030589405620492,0.9617969579059074,0.0382030420940926,1.0,off_026483,4021
ALL,2828,0.7033076349166874,0.9618104667609618,0.0381895332390381,1.0,off_026496,4021
ALL,2829,0.7035563292713255,0.9618239660657476,0.0381760339342523,1.0,off_026499,4021
ALL,2830,0.7038050236259636,0.9618374558303888,0.0381625441696113,1.0,off_026516,4021
ALL,2831,0.7040537179806018,0.9618509360649948,0.0381490639350053,1.0,off_026524,4021
ALL,2832,0.7043024123352399,0.961864406779661,0.0381355932203389,1.0,off_026555,4021
ALL,2833,0.7045511066898782,0.9618778679844688,0.0381221320155312,1.0,off_026562,4021
ALL,2834,0.7047998010445163,0.9618913196894848,0.0381086803105151,1.0,off_026591,4021
ALL,2835,0.7050484953991545,0.961904761904762,0.0380952380952381,1.0,off_026601,4021
ALL,2836,0.7052971897537926,0.9619181946403385,0.0380818053596615,1.0,off_026611,4021
ALL,2837,0.7055458841084308,0.9619316179062388,0.038068382093761,1.0,off_026621,4021
ALL,2838,0.7057945784630689,0.9619450317124736,0.0380549682875264,1.0,off_026642,4021
ALL,2839,0.7060432728177071,0.9619584360690384,0.0380415639309616,1.0,off_026655,4021
ALL,2840,0.7062919671723452,0.9619718309859157,0.0380281690140845,1.0,off_026665,4021
ALL,2841,0.7065406615269834,0.9619852164730728,0.0380147835269271,1.0,off_026666,4021
ALL,2842,0.7067893558816215,0.9619985925404644,0.0380014074595355,1.0,off_026673,4021
ALL,2843,0.7070380502362597,0.9620119591980304,0.0379880408019697,1.0,off_026676,4021
ALL,2844,0.7072867445908978,0.9620253164556962,0.0379746835443038,1.0,off_026681,4021
ALL,2845,0.7075354389455359,0.9620386643233744,0.0379613356766256,1.0,off_026687,4021
ALL,2846,0.7077841333001741,0.9620520028109628,0.0379479971890372,1.0,off_026691,4021
ALL,2847,0.7080328276548122,0.9620653319283456,0.0379346680716543,1.0,off_026704,4021
ALL,2848,0.7082815220094504,0.9620786516853932,0.0379213483146067,1.0,off_026705,4021
ALL,2849,0.7085302163640885,0.962091962091962,0.0379080379080379,1.0,off_026797,4021
ALL,2850,0.7087789107187267,0.9621052631578948,0.0378947368421052,1.0,off_026799,4021
ALL,2851,0.7090276050733648,0.96211855489302,0.03788144510698,1.0,off_026811,4021
ALL,2852,0.709276299428003,0.9621318373071528,0.0378681626928471,1.0,off_026815,4021
ALL,2853,0.7095249937826411,0.9621451104100948,0.0378548895899053,1.0,off_026820,4021
ALL,2854,0.7097736881372793,0.9621583742116327,0.0378416257883672,1.0,off_026829,4021
ALL,2855,0.7100223824919174,0.9621716287215412,0.0378283712784588,1.0,off_026831,4021
ALL,2856,0.7102710768465555,0.96218487394958,0.0378151260504201,1.0,off_026844,4021
ALL,2857,0.7105197712011937,0.9621981099054951,0.0378018900945047,1.0,off_026857,4021
ALL,2858,0.7107684655558318,0.9622113365990204,0.0377886634009797,1.0,off_026875,4021
ALL,2859,0.71101715991047,0.962224554039874,0.0377754459601259,1.0,off_026885,4021
ALL,2860,0.7112658542651081,0.961888111888112,0.0381118881118881,1.0,off_026895,4021
ALL,2861,0.7115145486197463,0.9619014330653618,0.0380985669346382,1.0,off_026906,4021
ALL,2862,0.7117632429743845,0.9619147449336128,0.0380852550663871,1.0,off_026921,4021
ALL,2863,0.7120119373290227,0.9619280475026196,0.0380719524973803,1.0,off_026939,4021
ALL,2864,0.7122606316836608,0.9619413407821228,0.038058659217877,1.0,off_026941,4021
ALL,2865,0.712509326038299,0.96195462478185,0.03804537521815,1.0,off_026943,4021
ALL,2866,0.7127580203929371,0.9619678995115144,0.0380321004884856,1.0,off_026947,4021
ALL,2867,0.7130067147475753,0.9619811649808162,0.0380188350191838,1.0,off_026948,4021
ALL,2868,0.7132554091022134,0.961994421199442,0.0380055788005578,1.0,off_026963,4021
ALL,2869,0.7135041034568516,0.9620076681770652,0.0379923318229348,1.0,off_026968,4021
ALL,2870,0.7137527978114897,0.962020905923345,0.037979094076655,1.0,off_026975,4021
ALL,2871,0.7140014921661278,0.9620341344479276,0.0379658655520724,1.0,off_027000,4021
ALL,2872,0.714250186520766,0.9620473537604456,0.0379526462395543,1.0,off_027011,4021
ALL,2873,0.7144988808754041,0.9620605638705186,0.0379394361294813,1.0,off_027013,4021
ALL,2874,0.7147475752300423,0.9620737647877524,0.0379262352122477,1.0,off_027028,4021
ALL,2875,0.7149962695846804,0.9620869565217391,0.0379130434782608,1.0,off_027041,4021
ALL,2876,0.7152449639393186,0.9621001390820584,0.0378998609179415,1.0,off_027053,4021
ALL,2877,0.7154936582939567,0.961765728189086,0.0382342718109141,1.0,off_027059,4021
ALL,2878,0.7157423526485949,0.9617790132036136,0.0382209867963863,1.0,off_027064,4021
ALL,2879,0.715991047003233,0.9617922889892324,0.0382077110107676,1.0,off_027066,4021
ALL,2880,0.7162397413578712,0.9618055555555556,0.0381944444444444,1.0,off_027107,4021
ALL,2881,0.7164884357125093,0.9618188129121832,0.0381811870878167,1.0,off_027110,4021
ALL,2882,0.7167371300671475,0.9618320610687024,0.0381679389312977,1.0,off_027113,4021
ALL,2883,0.7169858244217856,0.961845300034686,0.0381546999653139,1.0,off_027118,4021
ALL,2884,0.7172345187764237,0.9618585298196948,0.0381414701803051,1.0,off_027130,4021
ALL,2885,0.7174832131310619,0.9618717504332756,0.0381282495667244,1.0,off_027143,4021
ALL,2886,0.7177319074857,0.961884961884962,0.0381150381150381,1.0,off_027152,4021
ALL,2887,0.7179806018403382,0.9618981641842744,0.0381018358157256,1.0,off_027159,4021
ALL,2888,0.7182292961949763,0.9619113573407202,0.0380886426592797,1.0,off_027175,4021
ALL,2889,0.7184779905496145,0.9619245413637936,0.0380754586362063,1.0,off_027177,4021
ALL,2890,0.7187266849042526,0.9619377162629758,0.0380622837370242,1.0,off_027183,4021
ALL,2891,0.7189753792588908,0.9619508820477344,0.0380491179522656,1.0,off_027195,4021
ALL,2892,0.719224073613529,0.9619640387275242,0.0380359612724757,1.0,off_027204,4021
ALL,2893,0.7194727679681672,0.9619771863117872,0.0380228136882129,1.0,off_027239,4021
ALL,2894,0.7197214623228053,0.9619903248099516,0.0380096751900483,1.0,off_027251,4021
ALL,2895,0.7199701566774435,0.9620034542314336,0.0379965457685664,1.0,off_027260,4021
ALL,2896,0.7202188510320816,0.9620165745856354,0.0379834254143646,1.0,off_027273,4021
ALL,2897,0.7204675453867198,0.9620296858819468,0.0379703141180531,1.0,off_027276,4021
ALL,2898,0.7207162397413579,0.9620427881297446,0.0379572118702553,1.0,off_027313,4021
ALL,2899,0.720964934095996,0.9620558813383926,0.0379441186616074,1.0,off_027318,4021
ALL,2900,0.7212136284506342,0.9620689655172414,0.0379310344827586,1.0,off_027319,4021
ALL,2901,0.7214623228052723,0.9620820406756292,0.0379179593243709,1.0,off_027325,4021
ALL,2902,0.7217110171599105,0.9620951068228808,0.0379048931771192,1.0,off_027336,4021
ALL,2903,0.7219597115145486,0.9621081639683088,0.0378918360316913,1.0,off_027347,4021
ALL,2904,0.7222084058691868,0.9621212121212122,0.0378787878787878,1.0,off_027352,4021
ALL,2905,0.7224571002238249,0.9621342512908778,0.0378657487091222,1.0,off_027364,4021
ALL,2906,0.7227057945784631,0.9621472814865796,0.0378527185134205,1.0,off_027386,4021
ALL,2907,0.7229544889331012,0.9621603027175782,0.0378396972824217,1.0,off_027408,4021
ALL,2908,0.7232031832877394,0.9621733149931224,0.0378266850068775,1.0,off_027412,4021
ALL,2909,0.7234518776423775,0.9621863183224476,0.0378136816775524,1.0,off_027419,4021
ALL,2910,0.7237005719970157,0.9621993127147768,0.0378006872852233,1.0,off_027441,4021
ALL,2911,0.7239492663516538,0.96221229817932,0.0377877018206801,1.0,off_027450,4021
ALL,2912,0.7241979607062919,0.9622252747252747,0.0377747252747252,1.0,off_027469,4021
ALL,2913,0.7244466550609301,0.9622382423618264,0.0377617576381737,1.0,off_027471,4021
ALL,2914,0.7246953494155682,0.9622512010981468,0.0377487989018531,1.0,off_027481,4021
ALL,2915,0.7249440437702064,0.9622641509433962,0.0377358490566037,1.0,off_027494,4021
ALL,2916,0.7251927381248445,0.9622770919067216,0.0377229080932784,1.0,off_028003,4021
ALL,2917,0.7254414324794827,0.9622900239972576,0.0377099760027425,1.0,off_028021,4021
ALL,2918,0.7256901268341208,0.962302947224126,0.0376970527758738,1.0,off_028025,4021
ALL,2919,0.725938821188759,0.9623158615964372,0.0376841384035628,1.0,off_028033,4021
ALL,2920,0.7261875155433971,0.9623287671232876,0.0376712328767123,1.0,off_028034,4021
ALL,2921,0.7264362098980354,0.9623416638137624,0.0376583361862375,1.0,off_028037,4021
ALL,2922,0.7266849042526735,0.9623545516769336,0.0376454483230663,1.0,off_028038,4021
ALL,2923,0.7269335986073117,0.9623674307218612,0.0376325692781389,1.0,off_028049,4021
ALL,2924,0.7271822929619498,0.9623803009575924,0.0376196990424076,1.0,off_028060,4021
ALL,2925,0.727430987316588,0.9623931623931624,0.0376068376068376,1.0,off_028061,4021
ALL,2926,0.7276796816712261,0.962406015037594,0.037593984962406,1.0,off_028070,4021
ALL,2927,0.7279283760258642,0.9624188588998976,0.0375811411001024,1.0,off_028072,4021
ALL,2928,0.7281770703805024,0.962431693989071,0.0375683060109289,1.0,off_028080,4021
ALL,2929,0.7284257647351405,0.9624445203141004,0.0375554796858996,1.0,off_028084,4021
ALL,2930,0.7286744590897787,0.962457337883959,0.0375426621160409,1.0,off_028090,4021
ALL,2931,0.7289231534444168,0.9624701467076084,0.0375298532923916,1.0,off_028098,4021
ALL,2932,0.729171847799055,0.9624829467939972,0.0375170532060027,1.0,off_028099,4021
ALL,2933,0.7294205421536931,0.9624957381520628,0.0375042618479372,1.0,off_028101,4021
ALL,2934,0.7296692365083313,0.9625085207907292,0.0374914792092706,1.0,off_028109,4021
attribute,1,0.0008726003490401,1.0,0.0,1.0,off_000013,1146
attribute,2,0.0017452006980802,1.0,0.0,1.0,off_000089,1146
attribute,3,0.0026178010471204,1.0,0.0,1.0,off_000102,1146
attribute,4,0.0034904013961605,1.0,0.0,1.0,off_000212,1146
attribute,5,0.0043630017452006,1.0,0.0,1.0,off_000233,1146
attribute,6,0.0052356020942408,1.0,0.0,1.0,off_000287,1146
attribute,7,0.0061082024432809,1.0,0.0,1.0,off_000311,1146
attribute,8,0.0069808027923211,1.0,0.0,1.0,off_000332,1146
attribute,9,0.0078534031413612,1.0,0.0,1.0,off_000342,1146
attribute,10,0.0087260034904013,1.0,0.0,1.0,off_000354,1146
attribute,11,0.0095986038394415,1.0,0.0,1.0,off_000388,1146
attribute,12,0.0104712041884816,1.0,0.0,1.0,off_000420,1146
attribute,13,0.0113438045375218,1.0,0.0,1.0,off_000430,1146
attribute,14,0.0122164048865619,1.0,0.0,1.0,off_000442,1146
attribute,15,0.013089005235602,1.0,0.0,1.0,off_000508,1146
attribute,16,0.0139616055846422,1.0,0.0,1.0,off_000529,1146
attribute,17,0.0148342059336823,1.0,0.0,1.0,off_000530,1146
attribute,18,0.0157068062827225,1.0,0.0,1.0,off_000574,1146
attribute,19,0.0165794066317626,1.0,0.0,1.0,off_000575,1146
attribute,20,0.0174520069808027,1.0,0.0,1.0,off_000595,1146
attribute,21,0.0183246073298429,1.0,0.0,1.0,off_000696,1146
attribute,22,0.019197207678883,1.0,0.0,1.0,off_000728,1146
attribute,23,0.0200698080279232,1.0,0.0,1.0,off_000751,1146
attribute,24,0.0209424083769633,1.0,0.0,1.0,off_000762,1146
attribute,25,0.0218150087260034,1.0,0.0,1.0,off_000815,1146
attribute,26,0.0226876090750436,1.0,0.0,1.0,off_000839,1146
attribute,27,0.0235602094240837,1.0,0.0,1.0,off_000848,1146
attribute,28,0.0244328097731239,1.0,0.0,1.0,off_000850,1146
attribute,29,0.025305410122164,1.0,0.0,1.0,off_000892,1146
attribute,30,0.0261780104712041,1.0,0.0,1.0,off_000894,1146
attribute,31,0.0270506108202443,1.0,0.0,1.0,off_000903,1146
attribute,32,0.0279232111692844,1.0,0.0,1.0,off_000914,1146
attribute,33,0.0287958115183246,1.0,0.0,1.0,off_000916,1146
attribute,34,0.0296684118673647,1.0,0.0,1.0,off_000948,1146
attribute,35,0.0305410122164048,1.0,0.0,1.0,off_000980,1146
attribute,36,0.031413612565445,1.0,0.0,1.0,off_000991,1146
attribute,37,0.0322862129144851,1.0,0.0,1.0,off_001037,1146
attribute,38,0.0331588132635253,1.0,0.0,1.0,off_001047,1146
attribute,39,0.0340314136125654,1.0,0.0,1.0,off_001090,1146
attribute,40,0.0349040139616055,1.0,0.0,1.0,off_001124,1146
attribute,41,0.0357766143106457,1.0,0.0,1.0,off_001180,1146
attribute,42,0.0366492146596858,1.0,0.0,1.0,off_001211,1146
attribute,43,0.037521815008726,1.0,0.0,1.0,off_001266,1146
attribute,44,0.0383944153577661,1.0,0.0,1.0,off_001289,1146
attribute,45,0.0392670157068062,1.0,0.0,1.0,off_001290,1146
attribute,46,0.0401396160558464,1.0,0.0,1.0,off_001311,1146
attribute,47,0.0410122164048865,1.0,0.0,1.0,off_001322,1146
attribute,48,0.0418848167539267,1.0,0.0,1.0,off_001333,1146
attribute,49,0.0427574171029668,1.0,0.0,1.0,off_001343,1146
attribute,50,0.0436300174520069,1.0,0.0,1.0,off_001356,1146
attribute,51,0.0445026178010471,1.0,0.0,1.0,off_001366,1146
attribute,52,0.0453752181500872,1.0,0.0,1.0,off_001378,1146
attribute,53,0.0462478184991274,1.0,0.0,1.0,off_001388,1146
attribute,54,0.0471204188481675,1.0,0.0,1.0,off_001454,1146
attribute,55,0.0479930191972076,1.0,0.0,1.0,off_001465,1146
attribute,56,0.0488656195462478,1.0,0.0,1.0,off_001466,1146
attribute,57,0.0497382198952879,1.0,0.0,1.0,off_001488,1146
attribute,58,0.0506108202443281,1.0,0.0,1.0,off_001508,1146
attribute,59,0.0514834205933682,1.0,0.0,1.0,off_001520,1146
attribute,60,0.0523560209424083,1.0,0.0,1.0,off_001565,1146
attribute,61,0.0532286212914485,1.0,0.0,1.0,off_001598,1146
attribute,62,0.0541012216404886,1.0,0.0,1.0,off_001619,1146
attribute,63,0.0549738219895288,1.0,0.0,1.0,off_001620,1146
attribute,64,0.0558464223385689,1.0,0.0,1.0,off_001662,1146
attribute,65,0.056719022687609,1.0,0.0,1.0,off_001685,1146
attribute,66,0.0575916230366492,1.0,0.0,1.0,off_001706,1146
attribute,67,0.0584642233856893,1.0,0.0,1.0,off_001707,1146
attribute,68,0.0593368237347294,1.0,0.0,1.0,off_001719,1146
attribute,69,0.0602094240837696,1.0,0.0,1.0,off_001728,1146
attribute,70,0.0610820244328097,1.0,0.0,1.0,off_001783,1146
attribute,71,0.0619546247818499,1.0,0.0,1.0,off_001784,1146
attribute,72,0.06282722513089,1.0,0.0,1.0,off_001794,1146
attribute,73,0.0636998254799302,1.0,0.0,1.0,off_001816,1146
attribute,74,0.0645724258289703,1.0,0.0,1.0,off_001829,1146
attribute,75,0.0654450261780104,1.0,0.0,1.0,off_001839,1146
attribute,76,0.0663176265270506,1.0,0.0,1.0,off_001849,1146
attribute,77,0.0671902268760907,1.0,0.0,1.0,off_001883,1146
attribute,78,0.0680628272251308,1.0,0.0,1.0,off_001893,1146
attribute,79,0.068935427574171,1.0,0.0,1.0,off_001917,1146
attribute,80,0.0698080279232111,1.0,0.0,1.0,off_001927,1146
attribute,81,0.0706806282722513,1.0,0.0,1.0,off_001950,1146
attribute,82,0.0715532286212914,1.0,0.0,1.0,off_001972,1146
attribute,83,0.0724258289703315,1.0,0.0,1.0,off_001993,1146
attribute,84,0.0732984293193717,1.0,0.0,1.0,off_002091,1146
attribute,85,0.0741710296684118,1.0,0.0,1.0,off_002092,1146
attribute,86,0.075043630017452,1.0,0.0,1.0,off_002113,1146
attribute,87,0.0759162303664921,1.0,0.0,1.0,off_002114,1146
attribute,88,0.0767888307155322,1.0,0.0,1.0,off_002125,1146
attribute,89,0.0776614310645724,1.0,0.0,1.0,off_002159,1146
attribute,90,0.0785340314136125,1.0,0.0,1.0,off_002169,1146
attribute,91,0.0794066317626527,1.0,0.0,1.0,off_002213,1146
attribute,92,0.0802792321116928,1.0,0.0,1.0,off_002269,1146
attribute,93,0.0811518324607329,1.0,0.0,1.0,off_002280,1146
attribute,94,0.0820244328097731,1.0,0.0,1.0,off_002300,1146
attribute,95,0.0828970331588132,1.0,0.0,1.0,off_002313,1146
attribute,96,0.0837696335078534,1.0,0.0,1.0,off_002344,1146
attribute,97,0.0846422338568935,1.0,0.0,1.0,off_002377,1146
attribute,98,0.0855148342059336,1.0,0.0,1.0,off_002378,1146
attribute,99,0.0863874345549738,1.0,0.0,1.0,off_002390,1146
attribute,100,0.0872600349040139,1.0,0.0,1.0,off_002400,1146
attribute,101,0.0881326352530541,1.0,0.0,1.0,off_002432,1146
attribute,102,0.0890052356020942,1.0,0.0,1.0,off_002466,1146
attribute,103,0.0898778359511343,1.0,0.0,1.0,off_002510,1146
attribute,104,0.0907504363001745,1.0,0.0,1.0,off_002511,1146
attribute,105,0.0916230366492146,1.0,0.0,1.0,off_002522,1146
attribute,106,0.0924956369982548,1.0,0.0,1.0,off_002533,1146
attribute,107,0.0933682373472949,1.0,0.0,1.0,off_002553,1146
attribute,108,0.094240837696335,1.0,0.0,1.0,off_002565,1146
attribute,109,0.0951134380453752,1.0,0.0,1.0,off_002576,1146
attribute,110,0.0959860383944153,1.0,0.0,1.0,off_002588,1146
attribute,111,0.0968586387434555,1.0,0.0,1.0,off_002598,1146
attribute,112,0.0977312390924956,1.0,0.0,1.0,off_002621,1146
attribute,113,0.0986038394415357,1.0,0.0,1.0,off_002632,1146
attribute,114,0.0994764397905759,1.0,0.0,1.0,off_002643,1146
attribute,115,0.100349040139616,1.0,0.0,1.0,off_002665,1146
attribute,116,0.1012216404886562,1.0,0.0,1.0,off_002696,1146
attribute,117,0.1020942408376963,1.0,0.0,1.0,off_002719,1146
attribute,118,0.1029668411867364,1.0,0.0,1.0,off_002808,1146
attribute,119,0.1038394415357766,1.0,0.0,1.0,off_002817,1146
attribute,120,0.1047120418848167,1.0,0.0,1.0,off_002818,1146
attribute,121,0.1055846422338569,1.0,0.0,1.0,off_002829,1146
attribute,122,0.106457242582897,1.0,0.0,1.0,off_002850,1146
attribute,123,0.1073298429319371,1.0,0.0,1.0,off_002884,1146
attribute,124,0.1082024432809773,1.0,0.0,1.0,off_002929,1146
attribute,125,0.1090750436300174,1.0,0.0,1.0,off_002960,1146
attribute,126,0.1099476439790576,1.0,0.0,1.0,off_002961,1146
attribute,127,0.1108202443280977,1.0,0.0,1.0,off_003004,1146
attribute,128,0.1116928446771378,1.0,0.0,1.0,off_003017,1146
attribute,129,0.112565445026178,1.0,0.0,1.0,off_003048,1146
attribute,130,0.1134380453752181,1.0,0.0,1.0,off_003082,1146
attribute,131,0.1143106457242583,1.0,0.0,1.0,off_003125,1146
attribute,132,0.1151832460732984,1.0,0.0,1.0,off_003138,1146
attribute,133,0.1160558464223385,1.0,0.0,1.0,off_003147,1146
attribute,134,0.1169284467713787,1.0,0.0,1.0,off_003148,1146
attribute,135,0.1178010471204188,1.0,0.0,1.0,off_003192,1146
attribute,136,0.1186736474694589,1.0,0.0,1.0,off_003203,1146
attribute,137,0.1195462478184991,1.0,0.0,1.0,off_003226,1146
attribute,138,0.1204188481675392,1.0,0.0,1.0,off_003281,1146
attribute,139,0.1212914485165794,1.0,0.0,1.0,off_003303,1146
attribute,140,0.1221640488656195,1.0,0.0,1.0,off_003324,1146
attribute,141,0.1230366492146596,1.0,0.0,1.0,off_003380,1146
attribute,142,0.1239092495636998,1.0,0.0,1.0,off_003401,1146
attribute,143,0.1247818499127399,1.0,0.0,1.0,off_003422,1146
attribute,144,0.1256544502617801,1.0,0.0,1.0,off_003490,1146
attribute,145,0.1265270506108202,1.0,0.0,1.0,off_003555,1146
attribute,146,0.1273996509598604,1.0,0.0,1.0,off_003632,1146
attribute,147,0.1282722513089005,1.0,0.0,1.0,off_003677,1146
attribute,148,0.1291448516579406,1.0,0.0,1.0,off_003687,1146
attribute,149,0.1300174520069808,1.0,0.0,1.0,off_003730,1146
attribute,150,0.1308900523560209,1.0,0.0,1.0,off_003732,1146
attribute,151,0.131762652705061,1.0,0.0,1.0,off_003741,1146
attribute,152,0.1326352530541012,1.0,0.0,1.0,off_003775,1146
attribute,153,0.1335078534031413,1.0,0.0,1.0,off_003797,1146
attribute,154,0.1343804537521815,1.0,0.0,1.0,off_003809,1146
attribute,155,0.1352530541012216,1.0,0.0,1.0,off_003830,1146
attribute,156,0.1361256544502617,1.0,0.0,1.0,off_003831,1146
attribute,157,0.1369982547993019,1.0,0.0,1.0,off_003896,1146
attribute,158,0.137870855148342,1.0,0.0,1.0,off_003950,1146
attribute,159,0.1387434554973822,1.0,0.0,1.0,off_003963,1146
attribute,160,0.1396160558464223,1.0,0.0,1.0,off_003996,1146
attribute,161,0.1404886561954624,1.0,0.0,1.0,off_004028,1146
attribute,162,0.1413612565445026,1.0,0.0,1.0,off_004038,1146
attribute,163,0.1422338568935427,1.0,0.0,1.0,off_004073,1146
attribute,164,0.1431064572425829,1.0,0.0,1.0,off_004104,1146
attribute,165,0.143979057591623,1.0,0.0,1.0,off_004116,1146
attribute,166,0.1448516579406631,1.0,0.0,1.0,off_004192,1146
attribute,167,0.1457242582897033,1.0,0.0,1.0,off_004193,1146
attribute,168,0.1465968586387434,1.0,0.0,1.0,off_004204,1146
attribute,169,0.1474694589877836,1.0,0.0,1.0,off_004248,1146
attribute,170,0.1483420593368237,1.0,0.0,1.0,off_004260,1146
attribute,171,0.1492146596858638,1.0,0.0,1.0,off_004269,1146
attribute,172,0.150087260034904,1.0,0.0,1.0,off_004368,1146
attribute,173,0.1509598603839441,1.0,0.0,1.0,off_004369,1146
attribute,174,0.1518324607329843,1.0,0.0,1.0,off_004381,1146
attribute,175,0.1527050610820244,1.0,0.0,1.0,off_004390,1146
attribute,176,0.1535776614310645,1.0,0.0,1.0,off_004402,1146
attribute,177,0.1544502617801047,1.0,0.0,1.0,off_004412,1146
attribute,178,0.1553228621291448,1.0,0.0,1.0,off_004414,1146
attribute,179,0.156195462478185,1.0,0.0,1.0,off_004425,1146
attribute,180,0.1570680628272251,1.0,0.0,1.0,off_004456,1146
attribute,181,0.1579406631762652,1.0,0.0,1.0,off_004523,1146
attribute,182,0.1588132635253054,1.0,0.0,1.0,off_004524,1146
attribute,183,0.1596858638743455,1.0,0.0,1.0,off_004567,1146
attribute,184,0.1605584642233856,1.0,0.0,1.0,off_004579,1146
attribute,185,0.1614310645724258,1.0,0.0,1.0,off_004622,1146
attribute,186,0.1623036649214659,1.0,0.0,1.0,off_004634,1146
attribute,187,0.1631762652705061,1.0,0.0,1.0,off_004655,1146
attribute,188,0.1640488656195462,1.0,0.0,1.0,off_004666,1146
attribute,189,0.1649214659685864,1.0,0.0,1.0,off_004688,1146
attribute,190,0.1657940663176265,1.0,0.0,1.0,off_004698,1146
attribute,191,0.1666666666666666,1.0,0.0,1.0,off_004720,1146
attribute,192,0.1675392670157068,1.0,0.0,1.0,off_004731,1146
attribute,193,0.1684118673647469,1.0,0.0,1.0,off_004742,1146
attribute,194,0.169284467713787,1.0,0.0,1.0,off_004755,1146
attribute,195,0.1701570680628272,1.0,0.0,1.0,off_004765,1146
attribute,196,0.1710296684118673,1.0,0.0,1.0,off_004775,1146
attribute,197,0.1719022687609075,1.0,0.0,1.0,off_004787,1146
attribute,198,0.1727748691099476,1.0,0.0,1.0,off_004788,1146
attribute,199,0.1736474694589878,1.0,0.0,1.0,off_004798,1146
attribute,200,0.1745200698080279,1.0,0.0,1.0,off_004819,1146
attribute,201,0.175392670157068,1.0,0.0,1.0,off_004821,1146
attribute,202,0.1762652705061082,1.0,0.0,1.0,off_004843,1146
attribute,203,0.1771378708551483,1.0,0.0,1.0,off_004886,1146
attribute,204,0.1780104712041884,1.0,0.0,1.0,off_004896,1146
attribute,205,0.1788830715532286,1.0,0.0,1.0,off_004963,1146
attribute,206,0.1797556719022687,1.0,0.0,1.0,off_005007,1146
attribute,207,0.1806282722513089,1.0,0.0,1.0,off_005028,1146
attribute,208,0.181500872600349,1.0,0.0,1.0,off_005039,1146
attribute,209,0.1823734729493892,1.0,0.0,1.0,off_005062,1146
attribute,210,0.1832460732984293,1.0,0.0,1.0,off_005084,1146
attribute,211,0.1841186736474694,1.0,0.0,1.0,off_005107,1146
attribute,212,0.1849912739965096,1.0,0.0,1.0,off_005162,1146
attribute,213,0.1858638743455497,1.0,0.0,1.0,off_005184,1146
attribute,214,0.1867364746945898,1.0,0.0,1.0,off_005228,1146
attribute,215,0.18760907504363,1.0,0.0,1.0,off_005248,1146
attribute,216,0.1884816753926701,1.0,0.0,1.0,off_005250,1146
attribute,217,0.1893542757417103,1.0,0.0,1.0,off_005305,1146
attribute,218,0.1902268760907504,1.0,0.0,1.0,off_005314,1146
attribute,219,0.1910994764397905,1.0,0.0,1.0,off_005316,1146
attribute,220,0.1919720767888307,1.0,0.0,1.0,off_005338,1146
attribute,221,0.1928446771378708,1.0,0.0,1.0,off_005347,1146
attribute,222,0.193717277486911,1.0,0.0,1.0,off_005358,1146
attribute,223,0.1945898778359511,1.0,0.0,1.0,off_005381,1146
attribute,224,0.1954624781849912,1.0,0.0,1.0,off_005382,1146
attribute,225,0.1963350785340314,1.0,0.0,1.0,off_005414,1146
attribute,226,0.1972076788830715,1.0,0.0,1.0,off_005415,1146
attribute,227,0.1980802792321117,1.0,0.0,1.0,off_005457,1146
attribute,228,0.1989528795811518,1.0,0.0,1.0,off_005480,1146
attribute,229,0.1998254799301919,1.0,0.0,1.0,off_005503,1146
attribute,230,0.2006980802792321,1.0,0.0,1.0,off_005578,1146
attribute,231,0.2015706806282722,1.0,0.0,1.0,off_005589,1146
attribute,232,0.2024432809773124,1.0,0.0,1.0,off_005710,1146
attribute,233,0.2033158813263525,1.0,0.0,1.0,off_005723,1146
attribute,234,0.2041884816753926,1.0,0.0,1.0,off_005766,1146
attribute,235,0.2050610820244328,1.0,0.0,1.0,off_005787,1146
attribute,236,0.2059336823734729,1.0,0.0,1.0,off_005789,1146
attribute,237,0.206806282722513,1.0,0.0,1.0,off_005798,1146
attribute,238,0.2076788830715532,1.0,0.0,1.0,off_005821,1146
attribute,239,0.2085514834205933,1.0,0.0,1.0,off_005822,1146
attribute,240,0.2094240837696335,1.0,0.0,1.0,off_005832,1146
attribute,241,0.2102966841186736,1.0,0.0,1.0,off_005833,1146
attribute,242,0.2111692844677138,1.0,0.0,1.0,off_005864,1146
attribute,243,0.2120418848167539,1.0,0.0,1.0,off_005888,1146
attribute,244,0.212914485165794,1.0,0.0,1.0,off_005930,1146
attribute,245,0.2137870855148342,1.0,0.0,1.0,off_005931,1146
attribute,246,0.2146596858638743,1.0,0.0,1.0,off_005952,1146
attribute,247,0.2155322862129144,1.0,0.0,1.0,off_005953,1146
attribute,248,0.2164048865619546,1.0,0.0,1.0,off_005963,1146
attribute,249,0.2172774869109947,1.0,0.0,1.0,off_005965,1146
attribute,250,0.2181500872600349,1.0,0.0,1.0,off_006019,1146
attribute,251,0.219022687609075,1.0,0.0,1.0,off_006031,1146
attribute,252,0.2198952879581152,1.0,0.0,1.0,off_006042,1146
attribute,253,0.2207678883071553,1.0,0.0,1.0,off_006095,1146
attribute,254,0.2216404886561954,1.0,0.0,1.0,off_006119,1146
attribute,255,0.2225130890052356,1.0,0.0,1.0,off_006141,1146
attribute,256,0.2233856893542757,1.0,0.0,1.0,off_006150,1146
attribute,257,0.2242582897033158,1.0,0.0,1.0,off_006183,1146
attribute,258,0.225130890052356,1.0,0.0,1.0,off_006185,1146
attribute,259,0.2260034904013961,1.0,0.0,1.0,off_006205,1146
attribute,260,0.2268760907504363,1.0,0.0,1.0,off_006207,1146
attribute,261,0.2277486910994764,1.0,0.0,1.0,off_006240,1146
attribute,262,0.2286212914485166,1.0,0.0,1.0,off_006249,1146
attribute,263,0.2294938917975567,1.0,0.0,1.0,off_006295,1146
attribute,264,0.2303664921465968,1.0,0.0,1.0,off_006317,1146
attribute,265,0.231239092495637,1.0,0.0,1.0,off_006382,1146
attribute,266,0.2321116928446771,1.0,0.0,1.0,off_006404,1146
attribute,267,0.2329842931937172,1.0,0.0,1.0,off_006405,1146
attribute,268,0.2338568935427574,1.0,0.0,1.0,off_006415,1146
attribute,269,0.2347294938917975,1.0,0.0,1.0,off_006416,1146
attribute,270,0.2356020942408377,1.0,0.0,1.0,off_006426,1146
attribute,271,0.2364746945898778,1.0,0.0,1.0,off_006448,1146
attribute,272,0.2373472949389179,1.0,0.0,1.0,off_006470,1146
attribute,273,0.2382198952879581,1.0,0.0,1.0,off_006515,1146
attribute,274,0.2390924956369982,1.0,0.0,1.0,off_006579,1146
attribute,275,0.2399650959860384,1.0,0.0,1.0,off_006624,1146
attribute,276,0.2408376963350785,1.0,0.0,1.0,off_006679,1146
attribute,277,0.2417102966841186,1.0,0.0,1.0,off_006711,1146
attribute,278,0.2425828970331588,1.0,0.0,1.0,off_006712,1146
attribute,279,0.2434554973821989,1.0,0.0,1.0,off_006722,1146
attribute,280,0.2443280977312391,1.0,0.0,1.0,off_006733,1146
attribute,281,0.2452006980802792,1.0,0.0,1.0,off_006734,1146
attribute,282,0.2460732984293193,1.0,0.0,1.0,off_006767,1146
attribute,283,0.2469458987783595,1.0,0.0,1.0,off_006833,1146
attribute,284,0.2478184991273996,1.0,0.0,1.0,off_006843,1146
attribute,285,0.2486910994764398,1.0,0.0,1.0,off_006844,1146
attribute,286,0.2495636998254799,1.0,0.0,1.0,off_006867,1146
attribute,287,0.25043630017452,1.0,0.0,1.0,off_006920,1146
attribute,288,0.2513089005235602,1.0,0.0,1.0,off_006921,1146
attribute,289,0.2521815008726003,1.0,0.0,1.0,off_006943,1146
attribute,290,0.2530541012216405,1.0,0.0,1.0,off_006954,1146
attribute,291,0.2539267015706806,1.0,0.0,1.0,off_006965,1146
attribute,292,0.2547993019197208,1.0,0.0,1.0,off_006976,1146
attribute,293,0.2556719022687609,1.0,0.0,1.0,off_007020,1146
attribute,294,0.256544502617801,1.0,0.0,1.0,off_007021,1146
attribute,295,0.2574171029668411,1.0,0.0,1.0,off_007041,1146
attribute,296,0.2582897033158813,1.0,0.0,1.0,off_007076,1146
attribute,297,0.2591623036649215,1.0,0.0,1.0,off_007120,1146
attribute,298,0.2600349040139616,1.0,0.0,1.0,off_007130,1146
attribute,299,0.2609075043630017,1.0,0.0,1.0,off_007131,1146
attribute,300,0.2617801047120419,1.0,0.0,1.0,off_007151,1146
attribute,301,0.262652705061082,1.0,0.0,1.0,off_007186,1146
attribute,302,0.2635253054101221,1.0,0.0,1.0,off_007197,1146
attribute,303,0.2643979057591623,1.0,0.0,1.0,off_007228,1146
attribute,304,0.2652705061082024,1.0,0.0,1.0,off_007252,1146
attribute,305,0.2661431064572426,1.0,0.0,1.0,off_007317,1146
attribute,306,0.2670157068062827,1.0,0.0,1.0,off_007340,1146
attribute,307,0.2678883071553228,1.0,0.0,1.0,off_007350,1146
attribute,308,0.268760907504363,1.0,0.0,1.0,off_007426,1146
attribute,309,0.2696335078534031,1.0,0.0,1.0,off_007450,1146
attribute,310,0.2705061082024433,1.0,0.0,1.0,off_007460,1146
attribute,311,0.2713787085514834,1.0,0.0,1.0,off_007494,1146
attribute,312,0.2722513089005235,1.0,0.0,1.0,off_007503,1146
attribute,313,0.2731239092495637,1.0,0.0,1.0,off_007515,1146
attribute,314,0.2739965095986038,1.0,0.0,1.0,off_007527,1146
attribute,315,0.2748691099476439,1.0,0.0,1.0,off_007560,1146
attribute,316,0.2757417102966841,1.0,0.0,1.0,off_007592,1146
attribute,317,0.2766143106457243,1.0,0.0,1.0,off_007593,1146
attribute,318,0.2774869109947644,1.0,0.0,1.0,off_007603,1146
attribute,319,0.2783595113438045,1.0,0.0,1.0,off_007604,1146
attribute,320,0.2792321116928447,1.0,0.0,1.0,off_007614,1146
attribute,321,0.2801047120418848,1.0,0.0,1.0,off_007625,1146
attribute,322,0.2809773123909249,1.0,0.0,1.0,off_007658,1146
attribute,323,0.281849912739965,1.0,0.0,1.0,off_007680,1146
attribute,324,0.2827225130890052,1.0,0.0,1.0,off_007712,1146
attribute,325,0.2835951134380454,1.0,0.0,1.0,off_007714,1146
attribute,326,0.2844677137870855,1.0,0.0,1.0,off_007823,1146
attribute,327,0.2853403141361256,1.0,0.0,1.0,off_007835,1146
attribute,328,0.2862129144851658,1.0,0.0,1.0,off_007911,1146
attribute,329,0.2870855148342059,1.0,0.0,1.0,off_007932,1146
attribute,330,0.2879581151832461,1.0,0.0,1.0,off_007934,1146
attribute,331,0.2888307155322862,1.0,0.0,1.0,off_007943,1146
attribute,332,0.2897033158813263,1.0,0.0,1.0,off_007967,1146
attribute,333,0.2905759162303665,1.0,0.0,1.0,off_007977,1146
attribute,334,0.2914485165794066,1.0,0.0,1.0,off_007998,1146
attribute,335,0.2923211169284467,1.0,0.0,1.0,off_008009,1146
attribute,336,0.2931937172774869,1.0,0.0,1.0,off_008022,1146
attribute,337,0.2940663176265271,1.0,0.0,1.0,off_008031,1146
attribute,338,0.2949389179755672,1.0,0.0,1.0,off_008032,1146
attribute,339,0.2958115183246073,1.0,0.0,1.0,off_008044,1146
attribute,340,0.2966841186736474,1.0,0.0,1.0,off_008077,1146
attribute,341,0.2975567190226876,1.0,0.0,1.0,off_008098,1146
attribute,342,0.2984293193717277,1.0,0.0,1.0,off_008099,1146
attribute,343,0.2993019197207678,1.0,0.0,1.0,off_008110,1146
attribute,344,0.300174520069808,1.0,0.0,1.0,off_008121,1146
attribute,345,0.3010471204188482,1.0,0.0,1.0,off_008143,1146
attribute,346,0.3019197207678883,1.0,0.0,1.0,off_008165,1146
attribute,347,0.3027923211169284,1.0,0.0,1.0,off_008176,1146
attribute,348,0.3036649214659686,1.0,0.0,1.0,off_008185,1146
attribute,349,0.3045375218150087,1.0,0.0,1.0,off_008207,1146
attribute,350,0.3054101221640489,1.0,0.0,1.0,off_008218,1146
attribute,351,0.306282722513089,1.0,0.0,1.0,off_008241,1146
attribute,352,0.3071553228621291,1.0,0.0,1.0,off_008284,1146
attribute,353,0.3080279232111693,1.0,0.0,1.0,off_008295,1146
attribute,354,0.3089005235602094,1.0,0.0,1.0,off_008308,1146
attribute,355,0.3097731239092495,1.0,0.0,1.0,off_008328,1146
attribute,356,0.3106457242582897,1.0,0.0,1.0,off_008350,1146
attribute,357,0.3115183246073298,1.0,0.0,1.0,off_008361,1146
attribute,358,0.31239092495637,1.0,0.0,1.0,off_008362,1146
attribute,359,0.3132635253054101,1.0,0.0,1.0,off_008372,1146
attribute,360,0.3141361256544502,1.0,0.0,1.0,off_008385,1146
attribute,361,0.3150087260034904,1.0,0.0,1.0,off_008418,1146
attribute,362,0.3158813263525305,1.0,0.0,1.0,off_008460,1146
attribute,363,0.3167539267015706,1.0,0.0,1.0,off_008462,1146
attribute,364,0.3176265270506108,1.0,0.0,1.0,off_008527,1146
attribute,365,0.3184991273996509,1.0,0.0,1.0,off_008548,1146
attribute,366,0.3193717277486911,1.0,0.0,1.0,off_008560,1146
attribute,367,0.3202443280977312,1.0,0.0,1.0,off_008582,1146
attribute,368,0.3211169284467713,1.0,0.0,1.0,off_008603,1146
attribute,369,0.3219895287958115,1.0,0.0,1.0,off_008604,1146
attribute,370,0.3228621291448517,1.0,0.0,1.0,off_008625,1146
attribute,371,0.3237347294938918,1.0,0.0,1.0,off_008626,1146
attribute,372,0.3246073298429319,1.0,0.0,1.0,off_008627,1146
attribute,373,0.3254799301919721,1.0,0.0,1.0,off_008693,1146
attribute,374,0.3263525305410122,1.0,0.0,1.0,off_008713,1146
attribute,375,0.3272251308900523,1.0,0.0,1.0,off_008748,1146
attribute,376,0.3280977312390924,1.0,0.0,1.0,off_008758,1146
attribute,377,0.3289703315881326,1.0,0.0,1.0,off_008801,1146
attribute,378,0.3298429319371728,1.0,0.0,1.0,off_008803,1146
attribute,379,0.3307155322862129,1.0,0.0,1.0,off_008824,1146
attribute,380,0.331588132635253,1.0,0.0,1.0,off_008825,1146
attribute,381,0.3324607329842932,1.0,0.0,1.0,off_008869,1146
attribute,382,0.3333333333333333,1.0,0.0,1.0,off_008902,1146
attribute,383,0.3342059336823734,1.0,0.0,1.0,off_008922,1146
attribute,384,0.3350785340314136,1.0,0.0,1.0,off_008955,1146
attribute,385,0.3359511343804537,1.0,0.0,1.0,off_008957,1146
attribute,386,0.3368237347294939,1.0,0.0,1.0,off_008967,1146
attribute,387,0.337696335078534,1.0,0.0,1.0,off_009021,1146
attribute,388,0.3385689354275741,1.0,0.0,1.0,off_009033,1146
attribute,389,0.3394415357766143,1.0,0.0,1.0,off_009065,1146
attribute,390,0.3403141361256545,1.0,0.0,1.0,off_009077,1146
attribute,391,0.3411867364746946,1.0,0.0,1.0,off_009089,1146
attribute,392,0.3420593368237347,1.0,0.0,1.0,off_009188,1146
attribute,393,0.3429319371727748,1.0,0.0,1.0,off_009199,1146
attribute,394,0.343804537521815,1.0,0.0,1.0,off_009209,1146
attribute,395,0.3446771378708551,1.0,0.0,1.0,off_009254,1146
attribute,396,0.3455497382198952,1.0,0.0,1.0,off_009331,1146
attribute,397,0.3464223385689354,1.0,0.0,1.0,off_009352,1146
attribute,398,0.3472949389179756,1.0,0.0,1.0,off_009353,1146
attribute,399,0.3481675392670157,1.0,0.0,1.0,off_009373,1146
attribute,400,0.3490401396160558,1.0,0.0,1.0,off_009375,1146
attribute,401,0.349912739965096,1.0,0.0,1.0,off_009385,1146
attribute,402,0.3507853403141361,1.0,0.0,1.0,off_009386,1146
attribute,403,0.3516579406631762,1.0,0.0,1.0,off_009450,1146
attribute,404,0.3525305410122164,1.0,0.0,1.0,off_009461,1146
attribute,405,0.3534031413612565,1.0,0.0,1.0,off_009485,1146
attribute,406,0.3542757417102967,1.0,0.0,1.0,off_009529,1146
attribute,407,0.3551483420593368,1.0,0.0,1.0,off_009549,1146
attribute,408,0.3560209424083769,1.0,0.0,1.0,off_009595,1146
attribute,409,0.3568935427574171,1.0,0.0,1.0,off_009660,1146
attribute,410,0.3577661431064572,1.0,0.0,1.0,off_009661,1146
attribute,411,0.3586387434554974,1.0,0.0,1.0,off_009672,1146
attribute,412,0.3595113438045375,1.0,0.0,1.0,off_009683,1146
attribute,413,0.3603839441535776,1.0,0.0,1.0,off_009693,1146
attribute,414,0.3612565445026178,1.0,0.0,1.0,off_009715,1146
attribute,415,0.3621291448516579,1.0,0.0,1.0,off_009749,1146
attribute,416,0.363001745200698,1.0,0.0,1.0,off_009759,1146
attribute,417,0.3638743455497382,1.0,0.0,1.0,off_009782,1146
attribute,418,0.3647469458987784,1.0,0.0,1.0,off_009803,1146
attribute,419,0.3656195462478185,1.0,0.0,1.0,off_009813,1146
attribute,420,0.3664921465968586,1.0,0.0,1.0,off_009824,1146
attribute,421,0.3673647469458987,1.0,0.0,1.0,off_009835,1146
attribute,422,0.3682373472949389,1.0,0.0,1.0,off_009837,1146
attribute,423,0.369109947643979,1.0,0.0,1.0,off_009868,1146
attribute,424,0.3699825479930192,1.0,0.0,1.0,off_009901,1146
attribute,425,0.3708551483420593,1.0,0.0,1.0,off_009902,1146
attribute,426,0.3717277486910995,1.0,0.0,1.0,off_009903,1146
attribute,427,0.3726003490401396,1.0,0.0,1.0,off_009968,1146
attribute,428,0.3734729493891797,1.0,0.0,1.0,off_009979,1146
attribute,429,0.3743455497382199,1.0,0.0,1.0,off_010034,1146
attribute,430,0.37521815008726,1.0,0.0,1.0,off_010044,1146
attribute,431,0.3760907504363002,1.0,0.0,1.0,off_010046,1146
attribute,432,0.3769633507853403,1.0,0.0,1.0,off_010079,1146
attribute,433,0.3778359511343804,1.0,0.0,1.0,off_010089,1146
attribute,434,0.3787085514834206,1.0,0.0,1.0,off_010090,1146
attribute,435,0.3795811518324607,1.0,0.0,1.0,off_010111,1146
attribute,436,0.3804537521815008,1.0,0.0,1.0,off_010121,1146
attribute,437,0.381326352530541,1.0,0.0,1.0,off_010133,1146
attribute,438,0.3821989528795811,1.0,0.0,1.0,off_010220,1146
attribute,439,0.3830715532286213,1.0,0.0,1.0,off_010264,1146
attribute,440,0.3839441535776614,1.0,0.0,1.0,off_010353,1146
attribute,441,0.3848167539267015,1.0,0.0,1.0,off_010386,1146
attribute,442,0.3856893542757417,1.0,0.0,1.0,off_010396,1146
attribute,443,0.3865619546247818,1.0,0.0,1.0,off_010419,1146
attribute,444,0.387434554973822,1.0,0.0,1.0,off_010441,1146
attribute,445,0.3883071553228621,1.0,0.0,1.0,off_010475,1146
attribute,446,0.3891797556719022,1.0,0.0,1.0,off_010561,1146
attribute,447,0.3900523560209424,1.0,0.0,1.0,off_010563,1146
attribute,448,0.3909249563699825,1.0,0.0,1.0,off_010574,1146
attribute,449,0.3917975567190226,1.0,0.0,1.0,off_010585,1146
attribute,450,0.3926701570680628,1.0,0.0,1.0,off_010606,1146
attribute,451,0.393542757417103,1.0,0.0,1.0,off_010616,1146
attribute,452,0.3944153577661431,1.0,0.0,1.0,off_010651,1146
attribute,453,0.3952879581151832,1.0,0.0,1.0,off_010660,1146
attribute,454,0.3961605584642234,1.0,0.0,1.0,off_010671,1146
attribute,455,0.3970331588132635,1.0,0.0,1.0,off_010694,1146
attribute,456,0.3979057591623036,1.0,0.0,1.0,off_010695,1146
attribute,457,0.3987783595113438,1.0,0.0,1.0,off_010726,1146
attribute,458,0.3996509598603839,1.0,0.0,1.0,off_010771,1146
attribute,459,0.4005235602094241,1.0,0.0,1.0,off_010782,1146
attribute,460,0.4013961605584642,1.0,0.0,1.0,off_010803,1146
attribute,461,0.4022687609075043,1.0,0.0,1.0,off_010816,1146
attribute,462,0.4031413612565445,1.0,0.0,1.0,off_010836,1146
attribute,463,0.4040139616055846,1.0,0.0,1.0,off_010847,1146
attribute,464,0.4048865619546248,1.0,0.0,1.0,off_010848,1146
attribute,465,0.4057591623036649,1.0,0.0,1.0,off_010869,1146
attribute,466,0.406631762652705,1.0,0.0,1.0,off_010902,1146
attribute,467,0.4075043630017452,1.0,0.0,1.0,off_010925,1146
attribute,468,0.4083769633507853,1.0,0.0,1.0,off_010948,1146
attribute,469,0.4092495636998254,1.0,0.0,1.0,off_010979,1146
attribute,470,0.4101221640488656,1.0,0.0,1.0,off_010992,1146
attribute,471,0.4109947643979058,1.0,0.0,1.0,off_011023,1146
attribute,472,0.4118673647469459,1.0,0.0,1.0,off_011025,1146
attribute,473,0.412739965095986,1.0,0.0,1.0,off_011057,1146
attribute,474,0.4136125654450261,1.0,0.0,1.0,off_011102,1146
attribute,475,0.4144851657940663,1.0,0.0,1.0,off_011111,1146
attribute,476,0.4153577661431064,1.0,0.0,1.0,off_011123,1146
attribute,477,0.4162303664921466,1.0,0.0,1.0,off_011135,1146
attribute,478,0.4171029668411867,1.0,0.0,1.0,off_011178,1146
attribute,479,0.4179755671902269,1.0,0.0,1.0,off_011188,1146
attribute,480,0.418848167539267,1.0,0.0,1.0,off_011278,1146
attribute,481,0.4197207678883071,1.0,0.0,1.0,off_011287,1146
attribute,482,0.4205933682373473,1.0,0.0,1.0,off_011289,1146
attribute,483,0.4214659685863874,1.0,0.0,1.0,off_011310,1146
attribute,484,0.4223385689354276,1.0,0.0,1.0,off_011387,1146
attribute,485,0.4232111692844677,1.0,0.0,1.0,off_011397,1146
attribute,486,0.4240837696335078,1.0,0.0,1.0,off_011408,1146
attribute,487,0.424956369982548,1.0,0.0,1.0,off_011409,1146
attribute,488,0.4258289703315881,1.0,0.0,1.0,off_011421,1146
attribute,489,0.4267015706806282,1.0,0.0,1.0,off_011432,1146
attribute,490,0.4275741710296684,1.0,0.0,1.0,off_011465,1146
attribute,491,0.4284467713787085,1.0,0.0,1.0,off_011475,1146
attribute,492,0.4293193717277487,1.0,0.0,1.0,off_011498,1146
attribute,493,0.4301919720767888,1.0,0.0,1.0,off_011509,1146
attribute,494,0.4310645724258289,1.0,0.0,1.0,off_011530,1146
attribute,495,0.4319371727748691,1.0,0.0,1.0,off_011541,1146
attribute,496,0.4328097731239092,1.0,0.0,1.0,off_011542,1146
attribute,497,0.4336823734729494,1.0,0.0,1.0,off_011639,1146
attribute,498,0.4345549738219895,1.0,0.0,1.0,off_011650,1146
attribute,499,0.4354275741710297,1.0,0.0,1.0,off_011651,1146
attribute,500,0.4363001745200698,1.0,0.0,1.0,off_011673,1146
attribute,501,0.4371727748691099,1.0,0.0,1.0,off_011772,1146
attribute,502,0.43804537521815,1.0,0.0,1.0,off_011773,1146
attribute,503,0.4389179755671902,1.0,0.0,1.0,off_011782,1146
attribute,504,0.4397905759162304,1.0,0.0,1.0,off_011783,1146
attribute,505,0.4406631762652705,1.0,0.0,1.0,off_011795,1146
attribute,506,0.4415357766143106,1.0,0.0,1.0,off_011815,1146
attribute,507,0.4424083769633508,1.0,0.0,1.0,off_011905,1146
attribute,508,0.4432809773123909,1.0,0.0,1.0,off_011927,1146
attribute,509,0.444153577661431,1.0,0.0,1.0,off_011936,1146
attribute,510,0.4450261780104712,1.0,0.0,1.0,off_011971,1146
attribute,511,0.4458987783595113,1.0,0.0,1.0,off_011993,1146
attribute,512,0.4467713787085515,1.0,0.0,1.0,off_012024,1146
attribute,513,0.4476439790575916,1.0,0.0,1.0,off_012057,1146
attribute,514,0.4485165794066317,1.0,0.0,1.0,off_012090,1146
attribute,515,0.4493891797556719,1.0,0.0,1.0,off_012157,1146
attribute,516,0.450261780104712,1.0,0.0,1.0,off_012189,1146
attribute,517,0.4511343804537522,1.0,0.0,1.0,off_012223,1146
attribute,518,0.4520069808027923,1.0,0.0,1.0,off_012234,1146
attribute,519,0.4528795811518324,1.0,0.0,1.0,off_012245,1146
attribute,520,0.4537521815008726,1.0,0.0,1.0,off_012279,1146
attribute,521,0.4546247818499127,1.0,0.0,1.0,off_012301,1146
attribute,522,0.4554973821989528,1.0,0.0,1.0,off_012343,1146
attribute,523,0.456369982547993,1.0,0.0,1.0,off_012344,1146
attribute,524,0.4572425828970332,1.0,0.0,1.0,off_012387,1146
attribute,525,0.4581151832460733,1.0,0.0,1.0,off_012410,1146
attribute,526,0.4589877835951134,1.0,0.0,1.0,off_012453,1146
attribute,527,0.4598603839441536,1.0,0.0,1.0,off_012465,1146
attribute,528,0.4607329842931937,1.0,0.0,1.0,off_012475,1146
attribute,529,0.4616055846422338,1.0,0.0,1.0,off_012487,1146
attribute,530,0.462478184991274,1.0,0.0,1.0,off_012499,1146
attribute,531,0.4633507853403141,1.0,0.0,1.0,off_012532,1146
attribute,532,0.4642233856893543,1.0,0.0,1.0,off_012553,1146
attribute,533,0.4650959860383944,1.0,0.0,1.0,off_012564,1146
attribute,534,0.4659685863874345,1.0,0.0,1.0,off_012565,1146
attribute,535,0.4668411867364747,1.0,0.0,1.0,off_012597,1146
attribute,536,0.4677137870855148,1.0,0.0,1.0,off_012640,1146
attribute,537,0.468586387434555,1.0,0.0,1.0,off_012642,1146
attribute,538,0.4694589877835951,1.0,0.0,1.0,off_012652,1146
attribute,539,0.4703315881326352,1.0,0.0,1.0,off_012684,1146
attribute,540,0.4712041884816754,1.0,0.0,1.0,off_012719,1146
attribute,541,0.4720767888307155,1.0,0.0,1.0,off_012729,1146
attribute,542,0.4729493891797556,1.0,0.0,1.0,off_012761,1146
attribute,543,0.4738219895287958,1.0,0.0,1.0,off_012763,1146
attribute,544,0.4746945898778359,1.0,0.0,1.0,off_012783,1146
attribute,545,0.4755671902268761,1.0,0.0,1.0,off_012806,1146
attribute,546,0.4764397905759162,1.0,0.0,1.0,off_012816,1146
attribute,547,0.4773123909249563,1.0,0.0,1.0,off_012829,1146
attribute,548,0.4781849912739965,1.0,0.0,1.0,off_012839,1146
attribute,549,0.4790575916230366,1.0,0.0,1.0,off_012851,1146
attribute,550,0.4799301919720768,1.0,0.0,1.0,off_012861,1146
attribute,551,0.4808027923211169,1.0,0.0,1.0,off_012884,1146
attribute,552,0.4816753926701571,1.0,0.0,1.0,off_012916,1146
attribute,553,0.4825479930191972,1.0,0.0,1.0,off_012950,1146
attribute,554,0.4834205933682373,1.0,0.0,1.0,off_013014,1146
attribute,555,0.4842931937172774,1.0,0.0,1.0,off_013059,1146
attribute,556,0.4851657940663176,1.0,0.0,1.0,off_013082,1146
attribute,557,0.4860383944153578,1.0,0.0,1.0,off_013092,1146
attribute,558,0.4869109947643979,1.0,0.0,1.0,off_013115,1146
attribute,559,0.487783595113438,1.0,0.0,1.0,off_013124,1146
attribute,560,0.4886561954624782,1.0,0.0,1.0,off_013126,1146
attribute,561,0.4895287958115183,1.0,0.0,1.0,off_013147,1146
attribute,562,0.4904013961605584,1.0,0.0,1.0,off_013179,1146
attribute,563,0.4912739965095986,1.0,0.0,1.0,off_013181,1146
attribute,564,0.4921465968586387,1.0,0.0,1.0,off_013224,1146
attribute,565,0.4930191972076789,1.0,0.0,1.0,off_013236,1146
attribute,566,0.493891797556719,1.0,0.0,1.0,off_013268,1146
attribute,567,0.4947643979057591,1.0,0.0,1.0,off_013280,1146
attribute,568,0.4956369982547993,1.0,0.0,1.0,off_013289,1146
attribute,569,0.4965095986038394,1.0,0.0,1.0,off_013300,1146
attribute,570,0.4973821989528796,1.0,0.0,1.0,off_013333,1146
attribute,571,0.4982547993019197,1.0,0.0,1.0,off_013346,1146
attribute,572,0.4991273996509598,1.0,0.0,1.0,off_013368,1146
attribute,573,0.5,1.0,0.0,1.0,off_013379,1146
attribute,574,0.5008726003490401,1.0,0.0,1.0,off_013388,1146
attribute,575,0.5017452006980803,1.0,0.0,1.0,off_013389,1146
attribute,576,0.5026178010471204,1.0,0.0,1.0,off_013399,1146
attribute,577,0.5034904013961605,1.0,0.0,1.0,off_013401,1146
attribute,578,0.5043630017452007,1.0,0.0,1.0,off_013421,1146
attribute,579,0.5052356020942408,1.0,0.0,1.0,off_013443,1146
attribute,580,0.506108202443281,1.0,0.0,1.0,off_013543,1146
attribute,581,0.5069808027923212,1.0,0.0,1.0,off_013588,1146
attribute,582,0.5078534031413613,1.0,0.0,1.0,off_013610,1146
attribute,583,0.5087260034904014,1.0,0.0,1.0,off_013619,1146
attribute,584,0.5095986038394416,1.0,0.0,1.0,off_013620,1146
attribute,585,0.5104712041884817,1.0,0.0,1.0,off_013621,1146
attribute,586,0.5113438045375218,1.0,0.0,1.0,off_013641,1146
attribute,587,0.512216404886562,1.0,0.0,1.0,off_013642,1146
attribute,588,0.5130890052356021,1.0,0.0,1.0,off_013665,1146
attribute,589,0.5139616055846422,1.0,0.0,1.0,off_013707,1146
attribute,590,0.5148342059336823,1.0,0.0,1.0,off_013720,1146
attribute,591,0.5157068062827225,1.0,0.0,1.0,off_013751,1146
attribute,592,0.5165794066317626,1.0,0.0,1.0,off_013817,1146
attribute,593,0.5174520069808028,1.0,0.0,1.0,off_013819,1146
attribute,594,0.518324607329843,1.0,0.0,1.0,off_013841,1146
attribute,595,0.5191972076788831,1.0,0.0,1.0,off_013850,1146
attribute,596,0.5200698080279232,1.0,0.0,1.0,off_013851,1146
attribute,597,0.5209424083769634,1.0,0.0,1.0,off_013894,1146
attribute,598,0.5218150087260035,1.0,0.0,1.0,off_013929,1146
attribute,599,0.5226876090750436,1.0,0.0,1.0,off_013984,1146
attribute,600,0.5235602094240838,1.0,0.0,1.0,off_013995,1146
attribute,601,0.5244328097731239,1.0,0.0,1.0,off_014006,1146
attribute,602,0.525305410122164,1.0,0.0,1.0,off_014017,1146
attribute,603,0.5261780104712042,1.0,0.0,1.0,off_014072,1146
attribute,604,0.5270506108202443,1.0,0.0,1.0,off_014082,1146
attribute,605,0.5279232111692844,1.0,0.0,1.0,off_014094,1146
attribute,606,0.5287958115183246,1.0,0.0,1.0,off_014114,1146
attribute,607,0.5296684118673648,1.0,0.0,1.0,off_014115,1146
attribute,608,0.5305410122164049,1.0,0.0,1.0,off_014169,1146
attribute,609,0.5314136125654451,1.0,0.0,1.0,off_014180,1146
attribute,610,0.5322862129144852,1.0,0.0,1.0,off_014192,1146
attribute,611,0.5331588132635253,1.0,0.0,1.0,off_014202,1146
attribute,612,0.5340314136125655,1.0,0.0,1.0,off_014204,1146
attribute,613,0.5349040139616056,1.0,0.0,1.0,off_014224,1146
attribute,614,0.5357766143106457,1.0,0.0,1.0,off_014336,1146
attribute,615,0.5366492146596858,1.0,0.0,1.0,off_014369,1146
attribute,616,0.537521815008726,1.0,0.0,1.0,off_014390,1146
attribute,617,0.5383944153577661,1.0,0.0,1.0,off_014413,1146
attribute,618,0.5392670157068062,1.0,0.0,1.0,off_014433,1146
attribute,619,0.5401396160558464,1.0,0.0,1.0,off_014444,1146
attribute,620,0.5410122164048866,1.0,0.0,1.0,off_014445,1146
attribute,621,0.5418848167539267,1.0,0.0,1.0,off_014467,1146
attribute,622,0.5427574171029669,1.0,0.0,1.0,off_014468,1146
attribute,623,0.543630017452007,1.0,0.0,1.0,off_014499,1146
attribute,624,0.5445026178010471,1.0,0.0,1.0,off_014510,1146
attribute,625,0.5453752181500873,1.0,0.0,1.0,off_014521,1146
attribute,626,0.5462478184991274,1.0,0.0,1.0,off_014555,1146
attribute,627,0.5471204188481675,1.0,0.0,1.0,off_014567,1146
attribute,628,0.5479930191972077,1.0,0.0,1.0,off_014632,1146
attribute,629,0.5488656195462478,1.0,0.0,1.0,off_014653,1146
attribute,630,0.5497382198952879,1.0,0.0,1.0,off_014698,1146
attribute,631,0.5506108202443281,1.0,0.0,1.0,off_014731,1146
attribute,632,0.5514834205933682,1.0,0.0,1.0,off_014785,1146
attribute,633,0.5523560209424084,1.0,0.0,1.0,off_014786,1146
attribute,634,0.5532286212914486,1.0,0.0,1.0,off_014796,1146
attribute,635,0.5541012216404887,1.0,0.0,1.0,off_014808,1146
attribute,636,0.5549738219895288,1.0,0.0,1.0,off_014841,1146
attribute,637,0.555846422338569,1.0,0.0,1.0,off_014842,1146
attribute,638,0.5567190226876091,1.0,0.0,1.0,off_014853,1146
attribute,639,0.5575916230366492,1.0,0.0,1.0,off_014863,1146
attribute,640,0.5584642233856894,1.0,0.0,1.0,off_014875,1146
attribute,641,0.5593368237347295,1.0,0.0,1.0,off_014919,1146
attribute,642,0.5602094240837696,1.0,0.0,1.0,off_014950,1146
attribute,643,0.5610820244328097,1.0,0.0,1.0,off_014972,1146
attribute,644,0.5619546247818499,1.0,0.0,1.0,off_014983,1146
attribute,645,0.56282722513089,1.0,0.0,1.0,off_015039,1146
attribute,646,0.5636998254799301,1.0,0.0,1.0,off_015093,1146
attribute,647,0.5645724258289704,1.0,0.0,1.0,off_015094,1146
attribute,648,0.5654450261780105,1.0,0.0,1.0,off_015105,1146
attribute,649,0.5663176265270506,1.0,0.0,1.0,off_015126,1146
attribute,650,0.5671902268760908,1.0,0.0,1.0,off_015161,1146
attribute,651,0.5680628272251309,1.0,0.0,1.0,off_015171,1146
attribute,652,0.568935427574171,1.0,0.0,1.0,off_015238,1146
attribute,653,0.5698080279232112,1.0,0.0,1.0,off_015249,1146
attribute,654,0.5706806282722513,1.0,0.0,1.0,off_015281,1146
attribute,655,0.5715532286212914,1.0,0.0,1.0,off_015346,1146
attribute,656,0.5724258289703316,1.0,0.0,1.0,off_015358,1146
attribute,657,0.5732984293193717,1.0,0.0,1.0,off_015435,1146
attribute,658,0.5741710296684118,1.0,0.0,1.0,off_015458,1146
attribute,659,0.575043630017452,1.0,0.0,1.0,off_015479,1146
attribute,660,0.5759162303664922,1.0,0.0,1.0,off_015480,1146
attribute,661,0.5767888307155323,1.0,0.0,1.0,off_015491,1146
attribute,662,0.5776614310645725,1.0,0.0,1.0,off_015500,1146
attribute,663,0.5785340314136126,1.0,0.0,1.0,off_015522,1146
attribute,664,0.5794066317626527,1.0,0.0,1.0,off_015568,1146
attribute,665,0.5802792321116929,1.0,0.0,1.0,off_015677,1146
attribute,666,0.581151832460733,1.0,0.0,1.0,off_015688,1146
attribute,667,0.5820244328097731,1.0,0.0,1.0,off_015711,1146
attribute,668,0.5828970331588132,1.0,0.0,1.0,off_015720,1146
attribute,669,0.5837696335078534,1.0,0.0,1.0,off_015732,1146
attribute,670,0.5846422338568935,1.0,0.0,1.0,off_015743,1146
attribute,671,0.5855148342059336,1.0,0.0,1.0,off_015797,1146
attribute,672,0.5863874345549738,1.0,0.0,1.0,off_015809,1146
attribute,673,0.587260034904014,1.0,0.0,1.0,off_015820,1146
attribute,674,0.5881326352530541,1.0,0.0,1.0,off_015841,1146
attribute,675,0.5890052356020943,1.0,0.0,1.0,off_015864,1146
attribute,676,0.5898778359511344,1.0,0.0,1.0,off_015875,1146
attribute,677,0.5907504363001745,1.0,0.0,1.0,off_015929,1146
attribute,678,0.5916230366492147,1.0,0.0,1.0,off_015963,1146
attribute,679,0.5924956369982548,1.0,0.0,1.0,off_015985,1146
attribute,680,0.5933682373472949,1.0,0.0,1.0,off_015986,1146
attribute,681,0.5942408376963351,1.0,0.0,1.0,off_016007,1146
attribute,682,0.5951134380453752,1.0,0.0,1.0,off_016029,1146
attribute,683,0.5959860383944153,1.0,0.0,1.0,off_016096,1146
attribute,684,0.5968586387434555,1.0,0.0,1.0,off_016140,1146
attribute,685,0.5977312390924956,1.0,0.0,1.0,off_016160,1146
attribute,686,0.5986038394415357,1.0,0.0,1.0,off_016194,1146
attribute,687,0.599476439790576,1.0,0.0,1.0,off_016215,1146
attribute,688,0.6003490401396161,1.0,0.0,1.0,off_016250,1146
attribute,689,0.6012216404886562,1.0,0.0,1.0,off_016336,1146
attribute,690,0.6020942408376964,1.0,0.0,1.0,off_016348,1146
attribute,691,0.6029668411867365,1.0,0.0,1.0,off_016349,1146
attribute,692,0.6038394415357766,1.0,0.0,1.0,off_016358,1146
attribute,693,0.6047120418848168,1.0,0.0,1.0,off_016382,1146
attribute,694,0.6055846422338569,1.0,0.0,1.0,off_016414,1146
attribute,695,0.606457242582897,1.0,0.0,1.0,off_016436,1146
attribute,696,0.6073298429319371,1.0,0.0,1.0,off_016448,1146
attribute,697,0.6082024432809773,1.0,0.0,1.0,off_016458,1146
attribute,698,0.6090750436300174,1.0,0.0,1.0,off_016501,1146
attribute,699,0.6099476439790575,1.0,0.0,1.0,off_016558,1146
attribute,700,0.6108202443280978,1.0,0.0,1.0,off_016569,1146
attribute,701,0.6116928446771379,1.0,0.0,1.0,off_016589,1146
attribute,702,0.612565445026178,1.0,0.0,1.0,off_016591,1146
attribute,703,0.6134380453752182,1.0,0.0,1.0,off_016612,1146
attribute,704,0.6143106457242583,1.0,0.0,1.0,off_016624,1146
attribute,705,0.6151832460732984,1.0,0.0,1.0,off_016679,1146
attribute,706,0.6160558464223386,1.0,0.0,1.0,off_016688,1146
attribute,707,0.6169284467713787,1.0,0.0,1.0,off_016689,1146
attribute,708,0.6178010471204188,1.0,0.0,1.0,off_016701,1146
attribute,709,0.618673647469459,1.0,0.0,1.0,off_016712,1146
attribute,710,0.6195462478184991,1.0,0.0,1.0,off_016745,1146
attribute,711,0.6204188481675392,1.0,0.0,1.0,off_016756,1146
attribute,712,0.6212914485165794,1.0,0.0,1.0,off_016767,1146
attribute,713,0.6221640488656196,1.0,0.0,1.0,off_016800,1146
attribute,714,0.6230366492146597,1.0,0.0,1.0,off_016810,1146
attribute,715,0.6239092495636999,1.0,0.0,1.0,off_016821,1146
attribute,716,0.62478184991274,1.0,0.0,1.0,off_016842,1146
attribute,717,0.6256544502617801,1.0,0.0,1.0,off_016855,1146
attribute,718,0.6265270506108203,1.0,0.0,1.0,off_016877,1146
attribute,719,0.6273996509598604,1.0,0.0,1.0,off_016888,1146
attribute,720,0.6282722513089005,1.0,0.0,1.0,off_016909,1146
attribute,721,0.6291448516579407,1.0,0.0,1.0,off_016919,1146
attribute,722,0.6300174520069808,1.0,0.0,1.0,off_017019,1146
attribute,723,0.6308900523560209,1.0,0.0,1.0,off_017020,1146
attribute,724,0.631762652705061,1.0,0.0,1.0,off_017029,1146
attribute,725,0.6326352530541012,1.0,0.0,1.0,off_017041,1146
attribute,726,0.6335078534031413,1.0,0.0,1.0,off_017052,1146
attribute,727,0.6343804537521816,1.0,0.0,1.0,off_017084,1146
attribute,728,0.6352530541012217,1.0,0.0,1.0,off_017097,1146
attribute,729,0.6361256544502618,1.0,0.0,1.0,off_017141,1146
attribute,730,0.6369982547993019,1.0,0.0,1.0,off_017150,1146
attribute,731,0.6378708551483421,1.0,0.0,1.0,off_017195,1146
attribute,732,0.6387434554973822,1.0,0.0,1.0,off_017196,1146
attribute,733,0.6396160558464223,1.0,0.0,1.0,off_017217,1146
attribute,734,0.6404886561954625,1.0,0.0,1.0,off_017260,1146
attribute,735,0.6413612565445026,1.0,0.0,1.0,off_017262,1146
attribute,736,0.6422338568935427,1.0,0.0,1.0,off_017315,1146
attribute,737,0.6431064572425829,1.0,0.0,1.0,off_017394,1146
attribute,738,0.643979057591623,1.0,0.0,1.0,off_017426,1146
attribute,739,0.6448516579406631,1.0,0.0,1.0,off_017447,1146
attribute,740,0.6457242582897034,1.0,0.0,1.0,off_017460,1146
attribute,741,0.6465968586387435,1.0,0.0,1.0,off_017493,1146
attribute,742,0.6474694589877836,1.0,0.0,1.0,off_017568,1146
attribute,743,0.6483420593368238,1.0,0.0,1.0,off_017613,1146
attribute,744,0.6492146596858639,1.0,0.0,1.0,off_017636,1146
attribute,745,0.650087260034904,1.0,0.0,1.0,off_017645,1146
attribute,746,0.6509598603839442,1.0,0.0,1.0,off_017679,1146
attribute,747,0.6518324607329843,1.0,0.0,1.0,off_017680,1146
attribute,748,0.6527050610820244,1.0,0.0,1.0,off_017689,1146
attribute,749,0.6535776614310645,1.0,0.0,1.0,off_017711,1146
attribute,750,0.6544502617801047,1.0,0.0,1.0,off_017723,1146
attribute,751,0.6553228621291448,1.0,0.0,1.0,off_017746,1146
attribute,752,0.6561954624781849,1.0,0.0,1.0,off_017823,1146
attribute,753,0.6570680628272252,1.0,0.0,1.0,off_017832,1146
attribute,754,0.6579406631762653,1.0,0.0,1.0,off_017921,1146
attribute,755,0.6588132635253054,1.0,0.0,1.0,off_017955,1146
attribute,756,0.6596858638743456,1.0,0.0,1.0,off_018008,1146
attribute,757,0.6605584642233857,1.0,0.0,1.0,off_018009,1146
attribute,758,0.6614310645724258,1.0,0.0,1.0,off_018041,1146
attribute,759,0.662303664921466,1.0,0.0,1.0,off_018053,1146
attribute,760,0.6631762652705061,1.0,0.0,1.0,off_018075,1146
attribute,761,0.6640488656195462,1.0,0.0,1.0,off_018086,1146
attribute,762,0.6649214659685864,1.0,0.0,1.0,off_018107,1146
attribute,763,0.6657940663176265,1.0,0.0,1.0,off_018130,1146
attribute,764,0.6666666666666666,1.0,0.0,1.0,off_018174,1146
attribute,765,0.6675392670157068,1.0,0.0,1.0,off_018218,1146
attribute,766,0.6684118673647469,1.0,0.0,1.0,off_018219,1146
attribute,767,0.6692844677137871,1.0,0.0,1.0,off_018229,1146
attribute,768,0.6701570680628273,1.0,0.0,1.0,off_018230,1146
attribute,769,0.6710296684118674,1.0,0.0,1.0,off_018250,1146
attribute,770,0.6719022687609075,1.0,0.0,1.0,off_018252,1146
attribute,771,0.6727748691099477,1.0,0.0,1.0,off_018262,1146
attribute,772,0.6736474694589878,1.0,0.0,1.0,off_018263,1146
attribute,773,0.6745200698080279,1.0,0.0,1.0,off_018317,1146
attribute,774,0.675392670157068,1.0,0.0,1.0,off_018318,1146
attribute,775,0.6762652705061082,1.0,0.0,1.0,off_018327,1146
attribute,776,0.6771378708551483,1.0,0.0,1.0,off_018329,1146
attribute,777,0.6780104712041884,1.0,0.0,1.0,off_018349,1146
attribute,778,0.6788830715532286,1.0,0.0,1.0,off_018360,1146
attribute,779,0.6797556719022687,1.0,0.0,1.0,off_018382,1146
attribute,780,0.680628272251309,1.0,0.0,1.0,off_018406,1146
attribute,781,0.6815008726003491,1.0,0.0,1.0,off_018417,1146
attribute,782,0.6823734729493892,1.0,0.0,1.0,off_018459,1146
attribute,783,0.6832460732984293,1.0,0.0,1.0,off_018461,1146
attribute,784,0.6841186736474695,1.0,0.0,1.0,off_018483,1146
attribute,785,0.6849912739965096,1.0,0.0,1.0,off_018514,1146
attribute,786,0.6858638743455497,1.0,0.0,1.0,off_018526,1146
attribute,787,0.6867364746945899,1.0,0.0,1.0,off_018558,1146
attribute,788,0.68760907504363,1.0,0.0,1.0,off_018570,1146
attribute,789,0.6884816753926701,1.0,0.0,1.0,off_018580,1146
attribute,790,0.6893542757417103,1.0,0.0,1.0,off_018624,1146
attribute,791,0.6902268760907504,1.0,0.0,1.0,off_018626,1146
attribute,792,0.6910994764397905,1.0,0.0,1.0,off_018670,1146
attribute,793,0.6919720767888308,1.0,0.0,1.0,off_018713,1146
attribute,794,0.6928446771378709,1.0,0.0,1.0,off_018724,1146
attribute,795,0.693717277486911,1.0,0.0,1.0,off_018801,1146
attribute,796,0.6945898778359512,1.0,0.0,1.0,off_018822,1146
attribute,797,0.6954624781849913,1.0,0.0,1.0,off_018844,1146
attribute,798,0.6963350785340314,1.0,0.0,1.0,off_018966,1146
attribute,799,0.6972076788830716,1.0,0.0,1.0,off_018978,1146
attribute,800,0.6980802792321117,1.0,0.0,1.0,off_019032,1146
attribute,801,0.6989528795811518,1.0,0.0,1.0,off_019098,1146
attribute,802,0.699825479930192,1.0,0.0,1.0,off_019132,1146
attribute,803,0.7006980802792321,1.0,0.0,1.0,off_019152,1146
attribute,804,0.7015706806282722,1.0,0.0,1.0,off_019163,1146
attribute,805,0.7024432809773123,1.0,0.0,1.0,off_019165,1146
attribute,806,0.7033158813263525,1.0,0.0,1.0,off_019198,1146
attribute,807,0.7041884816753927,1.0,0.0,1.0,off_019208,1146
attribute,808,0.7050610820244329,1.0,0.0,1.0,off_019219,1146
attribute,809,0.705933682373473,1.0,0.0,1.0,off_019230,1146
attribute,810,0.7068062827225131,1.0,0.0,1.0,off_019263,1146
attribute,811,0.7076788830715532,1.0,0.0,1.0,off_019286,1146
attribute,812,0.7085514834205934,1.0,0.0,1.0,off_019296,1146
attribute,813,0.7094240837696335,1.0,0.0,1.0,off_019328,1146
attribute,814,0.7102966841186736,1.0,0.0,1.0,off_019350,1146
attribute,815,0.7111692844677138,1.0,0.0,1.0,off_019383,1146
attribute,816,0.7120418848167539,1.0,0.0,1.0,off_019407,1146
attribute,817,0.712914485165794,1.0,0.0,1.0,off_019427,1146
attribute,818,0.7137870855148342,1.0,0.0,1.0,off_019451,1146
attribute,819,0.7146596858638743,1.0,0.0,1.0,off_019571,1146
attribute,820,0.7155322862129145,1.0,0.0,1.0,off_019614,1146
attribute,821,0.7164048865619547,1.0,0.0,1.0,off_019615,1146
attribute,822,0.7172774869109948,1.0,0.0,1.0,off_019626,1146
attribute,823,0.7181500872600349,1.0,0.0,1.0,off_019627,1146
attribute,824,0.7190226876090751,1.0,0.0,1.0,off_019647,1146
attribute,825,0.7198952879581152,1.0,0.0,1.0,off_019649,1146
attribute,826,0.7207678883071553,1.0,0.0,1.0,off_019682,1146
attribute,827,0.7216404886561955,1.0,0.0,1.0,off_019693,1146
attribute,828,0.7225130890052356,1.0,0.0,1.0,off_019702,1146
attribute,829,0.7233856893542757,1.0,0.0,1.0,off_019725,1146
attribute,830,0.7242582897033158,1.0,0.0,1.0,off_019736,1146
attribute,831,0.725130890052356,1.0,0.0,1.0,off_019780,1146
attribute,832,0.7260034904013961,1.0,0.0,1.0,off_019790,1146
attribute,833,0.7268760907504364,1.0,0.0,1.0,off_019802,1146
attribute,834,0.7277486910994765,1.0,0.0,1.0,off_019823,1146
attribute,835,0.7286212914485166,1.0,0.0,1.0,off_019836,1146
attribute,836,0.7294938917975567,1.0,0.0,1.0,off_019879,1146
attribute,837,0.7303664921465969,1.0,0.0,1.0,off_019900,1146
attribute,838,0.731239092495637,1.0,0.0,1.0,off_019924,1146
attribute,839,0.7321116928446771,1.0,0.0,1.0,off_019944,1146
attribute,840,0.7329842931937173,1.0,0.0,1.0,off_019966,1146
attribute,841,0.7338568935427574,1.0,0.0,1.0,off_019968,1146
attribute,842,0.7347294938917975,1.0,0.0,1.0,off_019988,1146
attribute,843,0.7356020942408377,1.0,0.0,1.0,off_020044,1146
attribute,844,0.7364746945898778,1.0,0.0,1.0,off_020055,1146
attribute,845,0.7373472949389179,1.0,0.0,1.0,off_020056,1146
attribute,846,0.7382198952879581,1.0,0.0,1.0,off_020077,1146
attribute,847,0.7390924956369983,1.0,0.0,1.0,off_020098,1146
attribute,848,0.7399650959860384,1.0,0.0,1.0,off_020100,1146
attribute,849,0.7408376963350786,1.0,0.0,1.0,off_020110,1146
attribute,850,0.7417102966841187,1.0,0.0,1.0,off_020122,1146
attribute,851,0.7425828970331588,1.0,0.0,1.0,off_020131,1146
attribute,852,0.743455497382199,1.0,0.0,1.0,off_020155,1146
attribute,853,0.7443280977312391,1.0,0.0,1.0,off_020208,1146
attribute,854,0.7452006980802792,1.0,0.0,1.0,off_020210,1146
attribute,855,0.7460732984293194,1.0,0.0,1.0,off_020220,1146
attribute,856,0.7469458987783595,1.0,0.0,1.0,off_020231,1146
attribute,857,0.7478184991273996,1.0,0.0,1.0,off_020253,1146
attribute,858,0.7486910994764397,1.0,0.0,1.0,off_020263,1146
attribute,859,0.7495636998254799,1.0,0.0,1.0,off_020264,1146
attribute,860,0.7504363001745201,1.0,0.0,1.0,off_020298,1146
attribute,861,0.7513089005235603,1.0,0.0,1.0,off_020308,1146
attribute,862,0.7521815008726004,1.0,0.0,1.0,off_020330,1146
attribute,863,0.7530541012216405,1.0,0.0,1.0,off_020351,1146
attribute,864,0.7539267015706806,1.0,0.0,1.0,off_020352,1146
attribute,865,0.7547993019197208,1.0,0.0,1.0,off_020397,1146
attribute,866,0.7556719022687609,1.0,0.0,1.0,off_020418,1146
attribute,867,0.756544502617801,1.0,0.0,1.0,off_020440,1146
attribute,868,0.7574171029668412,1.0,0.0,1.0,off_020485,1146
attribute,869,0.7582897033158813,1.0,0.0,1.0,off_020506,1146
attribute,870,0.7591623036649214,1.0,0.0,1.0,off_020527,1146
attribute,871,0.7600349040139616,1.0,0.0,1.0,off_020572,1146
attribute,872,0.7609075043630017,1.0,0.0,1.0,off_020573,1146
attribute,873,0.7617801047120419,1.0,0.0,1.0,off_020606,1146
attribute,874,0.7626527050610821,1.0,0.0,1.0,off_020617,1146
attribute,875,0.7635253054101222,1.0,0.0,1.0,off_020626,1146
attribute,876,0.7643979057591623,1.0,0.0,1.0,off_020628,1146
attribute,877,0.7652705061082025,1.0,0.0,1.0,off_020670,1146
attribute,878,0.7661431064572426,1.0,0.0,1.0,off_020683,1146
attribute,879,0.7670157068062827,1.0,0.0,1.0,off_020705,1146
attribute,880,0.7678883071553229,1.0,0.0,1.0,off_020749,1146
attribute,881,0.768760907504363,1.0,0.0,1.0,off_020802,1146
attribute,882,0.7696335078534031,1.0,0.0,1.0,off_020824,1146
attribute,883,0.7705061082024433,1.0,0.0,1.0,off_020836,1146
attribute,884,0.7713787085514834,1.0,0.0,1.0,off_020847,1146
attribute,885,0.7722513089005235,1.0,0.0,1.0,off_020881,1146
attribute,886,0.7731239092495636,1.0,0.0,1.0,off_020925,1146
attribute,887,0.7739965095986039,1.0,0.0,1.0,off_020935,1146
attribute,888,0.774869109947644,1.0,0.0,1.0,off_020979,1146
attribute,889,0.7757417102966842,1.0,0.0,1.0,off_021000,1146
attribute,890,0.7766143106457243,1.0,0.0,1.0,off_021002,1146
attribute,891,0.7774869109947644,1.0,0.0,1.0,off_021011,1146
attribute,892,0.7783595113438045,1.0,0.0,1.0,off_021023,1146
attribute,893,0.7792321116928447,1.0,0.0,1.0,off_021122,1146
attribute,894,0.7801047120418848,1.0,0.0,1.0,off_021123,1146
attribute,895,0.7809773123909249,1.0,0.0,1.0,off_021133,1146
attribute,896,0.7818499127399651,1.0,0.0,1.0,off_021145,1146
attribute,897,0.7827225130890052,1.0,0.0,1.0,off_021199,1146
attribute,898,0.7835951134380453,1.0,0.0,1.0,off_021200,1146
attribute,899,0.7844677137870855,1.0,0.0,1.0,off_021210,1146
attribute,900,0.7853403141361257,1.0,0.0,1.0,off_021233,1146
attribute,901,0.7862129144851658,1.0,0.0,1.0,off_021277,1146
attribute,902,0.787085514834206,1.0,0.0,1.0,off_021299,1146
attribute,903,0.7879581151832461,1.0,0.0,1.0,off_021308,1146
attribute,904,0.7888307155322862,1.0,0.0,1.0,off_021320,1146
attribute,905,0.7897033158813264,1.0,0.0,1.0,off_021343,1146
attribute,906,0.7905759162303665,1.0,0.0,1.0,off_021352,1146
attribute,907,0.7914485165794066,1.0,0.0,1.0,off_021374,1146
attribute,908,0.7923211169284468,1.0,0.0,1.0,off_021429,1146
attribute,909,0.7931937172774869,1.0,0.0,1.0,off_021463,1146
attribute,910,0.794066317626527,1.0,0.0,1.0,off_021475,1146
attribute,911,0.7949389179755671,1.0,0.0,1.0,off_021507,1146
attribute,912,0.7958115183246073,1.0,0.0,1.0,off_021561,1146
attribute,913,0.7966841186736475,1.0,0.0,1.0,off_021585,1146
attribute,914,0.7975567190226877,1.0,0.0,1.0,off_021594,1146
attribute,915,0.7984293193717278,1.0,0.0,1.0,off_021618,1146
attribute,916,0.7993019197207679,1.0,0.0,1.0,off_021628,1146
attribute,917,0.800174520069808,1.0,0.0,1.0,off_021649,1146
attribute,918,0.8010471204188482,1.0,0.0,1.0,off_021660,1146
attribute,919,0.8019197207678883,1.0,0.0,1.0,off_021662,1146
attribute,920,0.8027923211169284,1.0,0.0,1.0,off_021671,1146
attribute,921,0.8036649214659686,1.0,0.0,1.0,off_021704,1146
attribute,922,0.8045375218150087,1.0,0.0,1.0,off_021706,1146
attribute,923,0.8054101221640488,1.0,0.0,1.0,off_021717,1146
attribute,924,0.806282722513089,1.0,0.0,1.0,off_021738,1146
attribute,925,0.8071553228621291,1.0,0.0,1.0,off_021750,1146
attribute,926,0.8080279232111692,1.0,0.0,1.0,off_021759,1146
attribute,927,0.8089005235602095,1.0,0.0,1.0,off_021772,1146
attribute,928,0.8097731239092496,1.0,0.0,1.0,off_021782,1146
attribute,929,0.8106457242582897,1.0,0.0,1.0,off_021793,1146
attribute,930,0.8115183246073299,1.0,0.0,1.0,off_021794,1146
attribute,931,0.81239092495637,1.0,0.0,1.0,off_021847,1146
attribute,932,0.8132635253054101,1.0,0.0,1.0,off_021859,1146
attribute,933,0.8141361256544503,1.0,0.0,1.0,off_021915,1146
attribute,934,0.8150087260034904,1.0,0.0,1.0,off_021924,1146
attribute,935,0.8158813263525305,1.0,0.0,1.0,off_021926,1146
attribute,936,0.8167539267015707,1.0,0.0,1.0,off_021968,1146
attribute,937,0.8176265270506108,1.0,0.0,1.0,off_021979,1146
attribute,938,0.8184991273996509,1.0,0.0,1.0,off_021992,1146
attribute,939,0.819371727748691,1.0,0.0,1.0,off_022002,1146
attribute,940,0.8202443280977313,1.0,0.0,1.0,off_022012,1146
attribute,941,0.8211169284467714,1.0,0.0,1.0,off_022023,1146
attribute,942,0.8219895287958116,1.0,0.0,1.0,off_022025,1146
attribute,943,0.8228621291448517,1.0,0.0,1.0,off_022036,1146
attribute,944,0.8237347294938918,1.0,0.0,1.0,off_022045,1146
attribute,945,0.824607329842932,1.0,0.0,1.0,off_022089,1146
attribute,946,0.8254799301919721,1.0,0.0,1.0,off_022134,1146
attribute,947,0.8263525305410122,1.0,0.0,1.0,off_022135,1146
attribute,948,0.8272251308900523,1.0,0.0,1.0,off_022167,1146
attribute,949,0.8280977312390925,1.0,0.0,1.0,off_022190,1146
attribute,950,0.8289703315881326,1.0,0.0,1.0,off_022199,1146
attribute,951,0.8298429319371727,1.0,0.0,1.0,off_022212,1146
attribute,952,0.8307155322862129,1.0,0.0,1.0,off_022221,1146
attribute,953,0.8315881326352531,1.0,0.0,1.0,off_022265,1146
attribute,954,0.8324607329842932,1.0,0.0,1.0,off_022320,1146
attribute,955,0.8333333333333334,1.0,0.0,1.0,off_022332,1146
attribute,956,0.8342059336823735,1.0,0.0,1.0,off_022344,1146
attribute,957,0.8350785340314136,1.0,0.0,1.0,off_022474,1146
attribute,958,0.8359511343804538,1.0,0.0,1.0,off_022498,1146
attribute,959,0.8368237347294939,1.0,0.0,1.0,off_022518,1146
attribute,960,0.837696335078534,1.0,0.0,1.0,off_022542,1146
attribute,961,0.8385689354275742,1.0,0.0,1.0,off_022551,1146
attribute,962,0.8394415357766143,1.0,0.0,1.0,off_022562,1146
attribute,963,0.8403141361256544,1.0,0.0,1.0,off_022586,1146
attribute,964,0.8411867364746946,1.0,0.0,1.0,off_022619,1146
attribute,965,0.8420593368237347,1.0,0.0,1.0,off_022652,1146
attribute,966,0.8429319371727748,1.0,0.0,1.0,off_022661,1146
attribute,967,0.8438045375218151,1.0,0.0,1.0,off_022674,1146
attribute,968,0.8446771378708552,1.0,0.0,1.0,off_022696,1146
attribute,969,0.8455497382198953,1.0,0.0,1.0,off_022705,1146
attribute,970,0.8464223385689355,1.0,0.0,1.0,off_022706,1146
attribute,971,0.8472949389179756,1.0,0.0,1.0,off_022739,1146
attribute,972,0.8481675392670157,1.0,0.0,1.0,off_022762,1146
attribute,973,0.8490401396160558,1.0,0.0,1.0,off_022771,1146
attribute,974,0.849912739965096,1.0,0.0,1.0,off_022848,1146
attribute,975,0.8507853403141361,1.0,0.0,1.0,off_022882,1146
attribute,976,0.8516579406631762,1.0,0.0,1.0,off_022980,1146
attribute,977,0.8525305410122164,1.0,0.0,1.0,off_023002,1146
attribute,978,0.8534031413612565,1.0,0.0,1.0,off_023004,1146
attribute,979,0.8542757417102966,1.0,0.0,1.0,off_023013,1146
attribute,980,0.8551483420593369,1.0,0.0,1.0,off_023091,1146
attribute,981,0.856020942408377,1.0,0.0,1.0,off_023102,1146
attribute,982,0.8568935427574171,1.0,0.0,1.0,off_023114,1146
attribute,983,0.8577661431064573,1.0,0.0,1.0,off_023125,1146
attribute,984,0.8586387434554974,1.0,0.0,1.0,off_023135,1146
attribute,985,0.8595113438045375,1.0,0.0,1.0,off_023146,1146
attribute,986,0.8603839441535777,1.0,0.0,1.0,off_023156,1146
attribute,987,0.8612565445026178,1.0,0.0,1.0,off_023169,1146
attribute,988,0.8621291448516579,1.0,0.0,1.0,off_023189,1146
attribute,989,0.8630017452006981,1.0,0.0,1.0,off_023257,1146
attribute,990,0.8638743455497382,1.0,0.0,1.0,off_023268,1146
attribute,991,0.8647469458987783,1.0,0.0,1.0,off_023332,1146
attribute,992,0.8656195462478184,1.0,0.0,1.0,off_023365,1146
attribute,993,0.8664921465968587,1.0,0.0,1.0,off_023376,1146
attribute,994,0.8673647469458988,1.0,0.0,1.0,off_023410,1146
attribute,995,0.868237347294939,1.0,0.0,1.0,off_023431,1146
attribute,996,0.8691099476439791,1.0,0.0,1.0,off_023433,1146
attribute,997,0.8699825479930192,1.0,0.0,1.0,off_023442,1146
attribute,998,0.8708551483420593,1.0,0.0,1.0,off_023509,1146
attribute,999,0.8717277486910995,1.0,0.0,1.0,off_023510,1146
attribute,1000,0.8726003490401396,1.0,0.0,1.0,off_023554,1146
attribute,1001,0.8734729493891797,1.0,0.0,1.0,off_023574,1146
attribute,1002,0.8743455497382199,1.0,0.0,1.0,off_023587,1146
attribute,1003,0.87521815008726,1.0,0.0,1.0,off_023597,1146
attribute,1004,0.8760907504363001,1.0,0.0,1.0,off_023629,1146
attribute,1005,0.8769633507853403,1.0,0.0,1.0,off_023696,1146
attribute,1006,0.8778359511343804,1.0,0.0,1.0,off_023761,1146
attribute,1007,0.8787085514834206,1.0,0.0,1.0,off_023763,1146
attribute,1008,0.8795811518324608,1.0,0.0,1.0,off_023785,1146
attribute,1009,0.8804537521815009,1.0,0.0,1.0,off_023795,1146
attribute,1010,0.881326352530541,1.0,0.0,1.0,off_023818,1146
attribute,1011,0.8821989528795812,1.0,0.0,1.0,off_023828,1146
attribute,1012,0.8830715532286213,1.0,0.0,1.0,off_023872,1146
attribute,1013,0.8839441535776614,1.0,0.0,1.0,off_023884,1146
attribute,1014,0.8848167539267016,1.0,0.0,1.0,off_023905,1146
attribute,1015,0.8856893542757417,1.0,0.0,1.0,off_023926,1146
attribute,1016,0.8865619546247818,1.0,0.0,1.0,off_023938,1146
attribute,1017,0.887434554973822,1.0,0.0,1.0,off_024015,1146
attribute,1018,0.8883071553228621,1.0,0.0,1.0,off_024025,1146
attribute,1019,0.8891797556719022,1.0,0.0,1.0,off_024048,1146
attribute,1020,0.8900523560209425,1.0,0.0,1.0,off_024059,1146
attribute,1021,0.8909249563699826,1.0,0.0,1.0,off_024060,1146
attribute,1022,0.8917975567190227,1.0,0.0,1.0,off_024081,1146
attribute,1023,0.8926701570680629,1.0,0.0,1.0,off_024113,1146
attribute,1024,0.893542757417103,1.0,0.0,1.0,off_024147,1146
attribute,1025,0.8944153577661431,1.0,0.0,1.0,off_024157,1146
attribute,1026,0.8952879581151832,1.0,0.0,1.0,off_024169,1146
attribute,1027,0.8961605584642234,1.0,0.0,1.0,off_024202,1146
attribute,1028,0.8970331588132635,1.0,0.0,1.0,off_024224,1146
attribute,1029,0.8979057591623036,1.0,0.0,1.0,off_024235,1146
attribute,1030,0.8987783595113438,1.0,0.0,1.0,off_024258,1146
attribute,1031,0.8996509598603839,1.0,0.0,1.0,off_024289,1146
attribute,1032,0.900523560209424,1.0,0.0,1.0,off_024345,1146
attribute,1033,0.9013961605584644,1.0,0.0,1.0,off_024378,1146
attribute,1034,0.9022687609075044,1.0,0.0,1.0,off_024401,1146
attribute,1035,0.9031413612565444,1.0,0.0,1.0,off_024455,1146
attribute,1036,0.9040139616055848,1.0,0.0,1.0,off_024456,1146
attribute,1037,0.9048865619546248,1.0,0.0,1.0,off_024467,1146
attribute,1038,0.9057591623036648,1.0,0.0,1.0,off_024489,1146
attribute,1039,0.9066317626527052,1.0,0.0,1.0,off_024500,1146
attribute,1040,0.9075043630017452,1.0,0.0,1.0,off_024511,1146
attribute,1041,0.9083769633507852,1.0,0.0,1.0,off_024531,1146
attribute,1042,0.9092495636998256,1.0,0.0,1.0,off_024542,1146
attribute,1043,0.9101221640488656,1.0,0.0,1.0,off_024608,1146
attribute,1044,0.9109947643979056,1.0,0.0,1.0,off_024630,1146
attribute,1045,0.911867364746946,1.0,0.0,1.0,off_024698,1146
attribute,1046,0.912739965095986,1.0,0.0,1.0,off_024786,1146
attribute,1047,0.9136125654450262,1.0,0.0,1.0,off_024807,1146
attribute,1048,0.9144851657940664,1.0,0.0,1.0,off_024884,1146
attribute,1049,0.9153577661431064,1.0,0.0,1.0,off_024906,1146
attribute,1050,0.9162303664921466,1.0,0.0,1.0,off_024928,1146
attribute,1051,0.9171029668411868,1.0,0.0,1.0,off_024961,1146
attribute,1052,0.9179755671902268,1.0,0.0,1.0,off_024962,1146
attribute,1053,0.918848167539267,1.0,0.0,1.0,off_024983,1146
attribute,1054,0.9197207678883071,1.0,0.0,1.0,off_025004,1146
attribute,1055,0.9205933682373472,1.0,0.0,1.0,off_025050,1146
attribute,1056,0.9214659685863874,1.0,0.0,1.0,off_025092,1146
attribute,1057,0.9223385689354276,1.0,0.0,1.0,off_025103,1146
attribute,1058,0.9232111692844676,1.0,0.0,1.0,off_025114,1146
attribute,1059,0.9240837696335078,1.0,0.0,1.0,off_025159,1146
attribute,1060,0.924956369982548,1.0,0.0,1.0,off_025279,1146
attribute,1061,0.9258289703315882,1.0,0.0,1.0,off_025290,1146
attribute,1062,0.9267015706806284,1.0,0.0,1.0,off_025291,1146
attribute,1063,0.9275741710296684,1.0,0.0,1.0,off_025335,1146
attribute,1064,0.9284467713787086,1.0,0.0,1.0,off_025356,1146
attribute,1065,0.9293193717277488,1.0,0.0,1.0,off_025389,1146
attribute,1066,0.9301919720767888,1.0,0.0,1.0,off_025400,1146
attribute,1067,0.931064572425829,1.0,0.0,1.0,off_025411,1146
attribute,1068,0.9319371727748692,1.0,0.0,1.0,off_025434,1146
attribute,1069,0.9328097731239092,1.0,0.0,1.0,off_025444,1146
attribute,1070,0.9336823734729494,1.0,0.0,1.0,off_025499,1146
attribute,1071,0.9345549738219896,1.0,0.0,1.0,off_025522,1146
attribute,1072,0.9354275741710296,1.0,0.0,1.0,off_025532,1146
attribute,1073,0.93630017452007,1.0,0.0,1.0,off_025543,1146
attribute,1074,0.93717277486911,1.0,0.0,1.0,off_025554,1146
attribute,1075,0.93804537521815,1.0,0.0,1.0,off_025578,1146
attribute,1076,0.9389179755671904,1.0,0.0,1.0,off_025587,1146
attribute,1077,0.9397905759162304,1.0,0.0,1.0,off_025600,1146
attribute,1078,0.9406631762652704,1.0,0.0,1.0,off_025644,1146
attribute,1079,0.9415357766143106,1.0,0.0,1.0,off_025653,1146
attribute,1080,0.9424083769633508,1.0,0.0,1.0,off_025687,1146
attribute,1081,0.9432809773123908,1.0,0.0,1.0,off_025699,1146
attribute,1082,0.944153577661431,1.0,0.0,1.0,off_025720,1146
attribute,1083,0.9450261780104712,1.0,0.0,1.0,off_025797,1146
attribute,1084,0.9458987783595112,1.0,0.0,1.0,off_025885,1146
attribute,1085,0.9467713787085514,1.0,0.0,1.0,off_025941,1146
attribute,1086,0.9476439790575916,1.0,0.0,1.0,off_025972,1146
attribute,1087,0.9485165794066318,1.0,0.0,1.0,off_025973,1146
attribute,1088,0.949389179755672,1.0,0.0,1.0,off_025984,1146
attribute,1089,0.950261780104712,1.0,0.0,1.0,off_026007,1146
attribute,1090,0.9511343804537522,1.0,0.0,1.0,off_026027,1146
attribute,1091,0.9520069808027924,1.0,0.0,1.0,off_026040,1146
attribute,1092,0.9528795811518324,1.0,0.0,1.0,off_026072,1146
attribute,1093,0.9537521815008726,1.0,0.0,1.0,off_026082,1146
attribute,1094,0.9546247818499128,1.0,0.0,1.0,off_026150,1146
attribute,1095,0.9554973821989527,1.0,0.0,1.0,off_026182,1146
attribute,1096,0.956369982547993,1.0,0.0,1.0,off_026205,1146
attribute,1097,0.9572425828970332,1.0,0.0,1.0,off_026227,1146
attribute,1098,0.9581151832460733,1.0,0.0,1.0,off_026237,1146
attribute,1099,0.9589877835951134,1.0,0.0,1.0,off_026247,1146
attribute,1100,0.9598603839441536,1.0,0.0,1.0,off_026259,1146
attribute,1101,0.9607329842931938,1.0,0.0,1.0,off_026260,1146
attribute,1102,0.961605584642234,1.0,0.0,1.0,off_026270,1146
attribute,1103,0.962478184991274,1.0,0.0,1.0,off_026281,1146
attribute,1104,0.9633507853403142,1.0,0.0,1.0,off_026282,1146
attribute,1105,0.9642233856893544,1.0,0.0,1.0,off_026302,1146
attribute,1106,0.9650959860383944,1.0,0.0,1.0,off_026347,1146
attribute,1107,0.9659685863874344,1.0,0.0,1.0,off_026359,1146
attribute,1108,0.9668411867364748,1.0,0.0,1.0,off_026369,1146
attribute,1109,0.9677137870855148,1.0,0.0,1.0,off_026380,1146
attribute,1110,0.9685863874345548,1.0,0.0,1.0,off_026424,1146
attribute,1111,0.9694589877835952,1.0,0.0,1.0,off_026435,1146
attribute,1112,0.9703315881326352,1.0,0.0,1.0,off_026524,1146
attribute,1113,0.9712041884816754,1.0,0.0,1.0,off_026555,1146
attribute,1114,0.9720767888307156,1.0,0.0,1.0,off_026601,1146
attribute,1115,0.9729493891797556,1.0,0.0,1.0,off_026611,1146
attribute,1116,0.9738219895287958,1.0,0.0,1.0,off_026621,1146
attribute,1117,0.974694589877836,1.0,0.0,1.0,off_026655,1146
attribute,1118,0.975567190226876,1.0,0.0,1.0,off_026665,1146
attribute,1119,0.9764397905759162,1.0,0.0,1.0,off_026666,1146
attribute,1120,0.9773123909249564,1.0,0.0,1.0,off_026676,1146
attribute,1121,0.9781849912739964,1.0,0.0,1.0,off_026687,1146
attribute,1122,0.9790575916230366,1.0,0.0,1.0,off_026797,1146
attribute,1123,0.9799301919720768,1.0,0.0,1.0,off_026799,1146
attribute,1124,0.9808027923211168,1.0,0.0,1.0,off_026820,1146
attribute,1125,0.981675392670157,1.0,0.0,1.0,off_026831,1146
attribute,1126,0.9825479930191972,1.0,0.0,1.0,off_026875,1146
attribute,1127,0.9834205933682374,1.0,0.0,1.0,off_026885,1146
attribute,1128,0.9842931937172776,1.0,0.0,1.0,off_026941,1146
attribute,1129,0.9851657940663175,1.0,0.0,1.0,off_026963,1146
attribute,1130,0.9860383944153578,1.0,0.0,1.0,off_026975,1146
attribute,1131,0.986910994764398,1.0,0.0,1.0,off_027028,1146
attribute,1132,0.987783595113438,1.0,0.0,1.0,off_027041,1146
attribute,1133,0.9886561954624782,1.0,0.0,1.0,off_027107,1146
attribute,1134,0.9895287958115184,1.0,0.0,1.0,off_027118,1146
attribute,1135,0.9904013961605584,1.0,0.0,1.0,off_027183,1146
attribute,1136,0.9912739965095986,1.0,0.0,1.0,off_027195,1146
attribute,1137,0.9921465968586388,1.0,0.0,1.0,off_027204,1146
attribute,1138,0.9930191972076788,1.0,0.0,1.0,off_027239,1146
attribute,1139,0.993891797556719,1.0,0.0,1.0,off_027260,1146
attribute,1140,0.9947643979057592,1.0,0.0,1.0,off_027325,1146
attribute,1141,0.9956369982547992,1.0,0.0,1.0,off_027336,1146
attribute,1142,0.9965095986038396,1.0,0.0,1.0,off_027347,1146
attribute,1143,0.9973821989528796,1.0,0.0,1.0,off_027469,1146
attribute,1144,0.9982547993019196,1.0,0.0,1.0,off_027481,1146
fairness,1,0.0526315789473684,1.0,0.0,1.0,off_028003,19
fairness,2,0.1052631578947368,1.0,0.0,1.0,off_028021,19
fairness,3,0.1578947368421052,1.0,0.0,1.0,off_028025,19
fairness,4,0.2105263157894736,1.0,0.0,1.0,off_028033,19
fairness,5,0.2631578947368421,1.0,0.0,1.0,off_028034,19
fairness,6,0.3157894736842105,1.0,0.0,1.0,off_028037,19
fairness,7,0.3684210526315789,1.0,0.0,1.0,off_028038,19
fairness,8,0.4210526315789473,1.0,0.0,1.0,off_028049,19
fairness,9,0.4736842105263157,1.0,0.0,1.0,off_028060,19
fairness,10,0.5263157894736842,1.0,0.0,1.0,off_028061,19
fairness,11,0.5789473684210527,1.0,0.0,1.0,off_028070,19
fairness,12,0.631578947368421,1.0,0.0,1.0,off_028072,19
fairness,13,0.6842105263157895,1.0,0.0,1.0,off_028080,19
fairness,14,0.7368421052631579,1.0,0.0,1.0,off_028084,19
fairness,15,0.7894736842105263,1.0,0.0,1.0,off_028090,19
fairness,16,0.8421052631578947,1.0,0.0,1.0,off_028098,19
fairness,17,0.8947368421052632,1.0,0.0,1.0,off_028099,19
fairness,18,0.9473684210526316,1.0,0.0,1.0,off_028101,19
fairness,19,1.0,1.0,0.0,1.0,off_028109,19
missingness,1,0.0027247956403269,1.0,0.0,1.0,off_000011,367
missingness,2,0.0054495912806539,1.0,0.0,1.0,off_000033,367
missingness,3,0.0081743869209809,1.0,0.0,1.0,off_000066,367
missingness,4,0.0108991825613079,1.0,0.0,1.0,off_000286,367
missingness,5,0.0136239782016348,0.8,0.2,1.0,off_000319,367
missingness,6,0.0163487738419618,0.8333333333333334,0.1666666666666666,1.0,off_000462,367
missingness,7,0.0190735694822888,0.8571428571428572,0.1428571428571428,1.0,off_000473,367
missingness,8,0.0217983651226158,0.875,0.125,1.0,off_000583,367
missingness,9,0.0245231607629427,0.8888888888888888,0.1111111111111111,1.0,off_000605,367
missingness,10,0.0272479564032697,0.9,0.1,1.0,off_000660,367
missingness,11,0.0299727520435967,0.9090909090909092,0.0909090909090909,1.0,off_000704,367
missingness,12,0.0326975476839237,0.9166666666666666,0.0833333333333333,1.0,off_000737,367
missingness,13,0.0354223433242506,0.8461538461538461,0.1538461538461538,1.0,off_000759,367
missingness,14,0.0381471389645776,0.7857142857142857,0.2142857142857142,1.0,off_000902,367
missingness,15,0.0408719346049046,0.8,0.2,1.0,off_001045,367
missingness,16,0.0435967302452316,0.8125,0.1875,1.0,off_001144,367
missingness,17,0.0463215258855585,0.8235294117647058,0.1764705882352941,1.0,off_001276,367
missingness,18,0.0490463215258855,0.8333333333333334,0.1666666666666666,1.0,off_001507,367
missingness,19,0.0517711171662125,0.8421052631578947,0.1578947368421052,1.0,off_001694,367
missingness,20,0.0544959128065395,0.85,0.15,1.0,off_001749,367
missingness,21,0.0572207084468664,0.8571428571428572,0.1428571428571428,1.0,off_001771,367
missingness,22,0.0599455040871934,0.8636363636363636,0.1363636363636363,1.0,off_001903,367
missingness,23,0.0626702997275204,0.8695652173913043,0.1304347826086956,1.0,off_001914,367
missingness,24,0.0653950953678474,0.875,0.125,1.0,off_002046,367
missingness,25,0.0681198910081744,0.88,0.12,1.0,off_002057,367
missingness,26,0.0708446866485013,0.8846153846153846,0.1153846153846153,1.0,off_002123,367
missingness,27,0.0735694822888283,0.8888888888888888,0.1111111111111111,1.0,off_002200,367
missingness,28,0.0762942779291553,0.8928571428571429,0.1071428571428571,1.0,off_002398,367
missingness,29,0.0790190735694822,0.896551724137931,0.1034482758620689,1.0,off_002475,367
missingness,30,0.0817438692098092,0.9,0.1,1.0,off_002519,367
missingness,31,0.0844686648501362,0.9032258064516128,0.0967741935483871,1.0,off_002552,367
missingness,32,0.0871934604904632,0.90625,0.09375,1.0,off_002574,367
missingness,33,0.0899182561307901,0.9090909090909092,0.0909090909090909,1.0,off_002607,367
missingness,34,0.0926430517711171,0.9117647058823528,0.088235294117647,1.0,off_002761,367
missingness,35,0.0953678474114441,0.9142857142857144,0.0857142857142857,1.0,off_002827,367
missingness,36,0.0980926430517711,0.9166666666666666,0.0833333333333333,1.0,off_002849,367
missingness,37,0.1008174386920981,0.9189189189189187,0.081081081081081,1.0,off_002871,367
missingness,38,0.103542234332425,0.8947368421052632,0.1052631578947368,1.0,off_002882,367
missingness,39,0.106267029972752,0.8974358974358975,0.1025641025641025,1.0,off_002937,367
missingness,40,0.108991825613079,0.9,0.1,1.0,off_002981,367
missingness,41,0.1117166212534059,0.902439024390244,0.0975609756097561,1.0,off_003058,367
missingness,42,0.1144414168937329,0.9047619047619048,0.0952380952380952,1.0,off_003080,367
missingness,43,0.1171662125340599,0.9069767441860466,0.0930232558139534,1.0,off_003102,367
missingness,44,0.1198910081743869,0.9090909090909092,0.0909090909090909,1.0,off_003223,367
missingness,45,0.1226158038147139,0.9111111111111112,0.0888888888888888,1.0,off_003344,367
missingness,46,0.1253405994550408,0.9130434782608696,0.0869565217391304,1.0,off_003454,367
missingness,47,0.1280653950953678,0.8936170212765957,0.1063829787234042,1.0,off_003564,367
missingness,48,0.1307901907356948,0.8958333333333334,0.1041666666666666,1.0,off_003597,367
missingness,49,0.1335149863760218,0.8979591836734694,0.1020408163265306,1.0,off_003608,367
missingness,50,0.1362397820163488,0.9,0.1,1.0,off_003641,367
missingness,51,0.1389645776566757,0.8823529411764706,0.1176470588235294,1.0,off_003773,367
missingness,52,0.1416893732970027,0.8846153846153846,0.1153846153846153,1.0,off_003872,367
missingness,53,0.1444141689373297,0.8867924528301887,0.1132075471698113,1.0,off_003916,367
missingness,54,0.1471389645776566,0.8888888888888888,0.1111111111111111,1.0,off_003993,367
missingness,55,0.1498637602179836,0.8909090909090909,0.109090909090909,1.0,off_004114,367
missingness,56,0.1525885558583106,0.8928571428571429,0.1071428571428571,1.0,off_004169,367
missingness,57,0.1553133514986376,0.8947368421052632,0.1052631578947368,1.0,off_004191,367
missingness,58,0.1580381471389645,0.8793103448275862,0.1206896551724138,1.0,off_004246,367
missingness,59,0.1607629427792915,0.8813559322033898,0.1186440677966101,1.0,off_004301,367
missingness,60,0.1634877384196185,0.8833333333333333,0.1166666666666666,1.0,off_004378,367
missingness,61,0.1662125340599455,0.8852459016393442,0.1147540983606557,1.0,off_004389,367
missingness,62,0.1689373297002724,0.8870967741935484,0.1129032258064516,1.0,off_004455,367
missingness,63,0.1716621253405994,0.8888888888888888,0.1111111111111111,1.0,off_004466,367
missingness,64,0.1743869209809264,0.890625,0.109375,1.0,off_004576,367
missingness,65,0.1771117166212534,0.8923076923076922,0.1076923076923077,1.0,off_004609,367
missingness,66,0.1798365122615803,0.8939393939393939,0.106060606060606,1.0,off_004642,367
missingness,67,0.1825613079019073,0.8955223880597015,0.1044776119402985,1.0,off_004708,367
missingness,68,0.1852861035422343,0.8970588235294118,0.1029411764705882,1.0,off_004774,367
missingness,69,0.1880108991825613,0.8985507246376812,0.1014492753623188,1.0,off_004840,367
missingness,70,0.1907356948228883,0.9,0.1,1.0,off_004917,367
missingness,71,0.1934604904632152,0.9014084507042254,0.0985915492957746,1.0,off_004983,367
missingness,72,0.1961852861035422,0.9027777777777778,0.0972222222222222,1.0,off_005104,367
missingness,73,0.1989100817438692,0.8904109589041096,0.1095890410958904,1.0,off_005115,367
missingness,74,0.2016348773841962,0.8918918918918919,0.1081081081081081,1.0,off_005357,367
missingness,75,0.2043596730245231,0.8933333333333333,0.1066666666666666,1.0,off_005412,367
missingness,76,0.2070844686648501,0.8947368421052632,0.1052631578947368,1.0,off_005467,367
missingness,77,0.2098092643051771,0.8961038961038961,0.1038961038961039,1.0,off_005533,367
missingness,78,0.2125340599455041,0.8974358974358975,0.1025641025641025,1.0,off_005544,367
missingness,79,0.215258855585831,0.8987341772151899,0.1012658227848101,1.0,off_005720,367
missingness,80,0.217983651226158,0.9,0.1,1.0,off_005984,367
missingness,81,0.220708446866485,0.9012345679012346,0.0987654320987654,1.0,off_006017,367
missingness,82,0.2234332425068119,0.902439024390244,0.0975609756097561,1.0,off_006039,367
missingness,83,0.2261580381471389,0.9036144578313252,0.0963855421686747,1.0,off_006061,367
missingness,84,0.2288828337874659,0.9047619047619048,0.0952380952380952,1.0,off_006193,367
missingness,85,0.2316076294277929,0.9058823529411764,0.0941176470588235,1.0,off_006237,367
missingness,86,0.2343324250681198,0.9069767441860466,0.0930232558139534,1.0,off_006369,367
missingness,87,0.2370572207084468,0.9080459770114944,0.0919540229885057,1.0,off_006501,367
missingness,88,0.2397820163487738,0.9090909090909092,0.0909090909090909,1.0,off_006644,367
missingness,89,0.2425068119891008,0.9101123595505618,0.0898876404494382,1.0,off_006710,367
missingness,90,0.2452316076294278,0.9111111111111112,0.0888888888888888,1.0,off_006875,367
missingness,91,0.2479564032697547,0.912087912087912,0.0879120879120879,1.0,off_006930,367
missingness,92,0.2506811989100817,0.9130434782608696,0.0869565217391304,1.0,off_006963,367
missingness,93,0.2534059945504087,0.913978494623656,0.086021505376344,1.0,off_006996,367
missingness,94,0.2561307901907357,0.9148936170212766,0.0851063829787234,1.0,off_007029,367
missingness,95,0.2588555858310626,0.9157894736842104,0.0842105263157894,1.0,off_007073,367
missingness,96,0.2615803814713896,0.9166666666666666,0.0833333333333333,1.0,off_007172,367
missingness,97,0.2643051771117166,0.9175257731958762,0.0824742268041237,1.0,off_007337,367
missingness,98,0.2670299727520436,0.9183673469387756,0.0816326530612244,1.0,off_007425,367
missingness,99,0.2697547683923705,0.9191919191919192,0.0808080808080808,1.0,off_007590,367
missingness,100,0.2724795640326976,0.92,0.08,1.0,off_007601,367
missingness,101,0.2752043596730245,0.9207920792079208,0.0792079207920792,1.0,off_007645,367
missingness,102,0.2779291553133515,0.9215686274509804,0.0784313725490196,1.0,off_007656,367
missingness,103,0.2806539509536784,0.9223300970873788,0.0776699029126213,1.0,off_007755,367
missingness,104,0.2833787465940054,0.9230769230769232,0.0769230769230769,1.0,off_007777,367
missingness,105,0.2861035422343324,0.923809523809524,0.0761904761904762,1.0,off_007821,367
missingness,106,0.2888283378746594,0.9245283018867924,0.0754716981132075,1.0,off_007909,367
missingness,107,0.2915531335149863,0.9158878504672896,0.0841121495327102,1.0,off_007942,367
missingness,108,0.2942779291553133,0.9166666666666666,0.0833333333333333,1.0,off_007997,367
missingness,109,0.2970027247956403,0.9174311926605504,0.0825688073394495,1.0,off_008030,367
missingness,110,0.2997275204359673,0.9181818181818182,0.0818181818181818,1.0,off_008041,367
missingness,111,0.3024523160762943,0.9189189189189187,0.081081081081081,1.0,off_008096,367
missingness,112,0.3051771117166212,0.9196428571428572,0.0803571428571428,1.0,off_008162,367
missingness,113,0.3079019073569482,0.9203539823008848,0.079646017699115,1.0,off_008250,367
missingness,114,0.3106267029972752,0.9210526315789472,0.0789473684210526,1.0,off_008294,367
missingness,115,0.3133514986376022,0.9217391304347826,0.0782608695652174,1.0,off_008404,367
missingness,116,0.3160762942779291,0.9224137931034484,0.0775862068965517,1.0,off_008437,367
missingness,117,0.3188010899182561,0.9230769230769232,0.0769230769230769,1.0,off_008459,367
missingness,118,0.3215258855585831,0.923728813559322,0.0762711864406779,1.0,off_008514,367
missingness,119,0.3242506811989101,0.9243697478991596,0.0756302521008403,1.0,off_008525,367
missingness,120,0.326975476839237,0.925,0.075,1.0,off_008580,367
missingness,121,0.329700272479564,0.9256198347107438,0.0743801652892562,1.0,off_008613,367
missingness,122,0.332425068119891,0.918032786885246,0.081967213114754,1.0,off_008646,367
missingness,123,0.335149863760218,0.91869918699187,0.08130081300813,1.0,off_008778,367
missingness,124,0.3378746594005449,0.9193548387096774,0.0806451612903225,1.0,off_008800,367
missingness,125,0.3405994550408719,0.92,0.08,1.0,off_008899,367
missingness,126,0.3433242506811989,0.9206349206349208,0.0793650793650793,1.0,off_008932,367
missingness,127,0.3460490463215259,0.9212598425196852,0.0787401574803149,1.0,off_008954,367
missingness,128,0.3487738419618528,0.921875,0.078125,1.0,off_008965,367
missingness,129,0.3514986376021798,0.9224806201550388,0.0775193798449612,1.0,off_008976,367
missingness,130,0.3542234332425068,0.9230769230769232,0.0769230769230769,1.0,off_009119,367
missingness,131,0.3569482288828338,0.9236641221374046,0.0763358778625954,1.0,off_009207,367
missingness,132,0.3596730245231607,0.9242424242424242,0.0757575757575757,1.0,off_009394,367
missingness,133,0.3623978201634877,0.924812030075188,0.075187969924812,1.0,off_009427,367
missingness,134,0.3651226158038147,0.9253731343283582,0.0746268656716417,1.0,off_009438,367
missingness,135,0.3678474114441417,0.925925925925926,0.074074074074074,1.0,off_009581,367
missingness,136,0.3705722070844686,0.9264705882352942,0.0735294117647058,1.0,off_009658,367
missingness,137,0.3732970027247956,0.927007299270073,0.072992700729927,1.0,off_009790,367
missingness,138,0.3760217983651226,0.927536231884058,0.072463768115942,1.0,off_009801,367
missingness,139,0.3787465940054496,0.9280575539568344,0.0719424460431654,1.0,off_009812,367
missingness,140,0.3814713896457766,0.9214285714285716,0.0785714285714285,1.0,off_009823,367
missingness,141,0.3841961852861035,0.9219858156028368,0.0780141843971631,1.0,off_010439,367
missingness,142,0.3869209809264305,0.9225352112676056,0.0774647887323943,1.0,off_010516,367
missingness,143,0.3896457765667575,0.9230769230769232,0.0769230769230769,1.0,off_010681,367
missingness,144,0.3923705722070845,0.9236111111111112,0.0763888888888889,1.0,off_010868,367
missingness,145,0.3950953678474114,0.9241379310344828,0.0758620689655172,1.0,off_011033,367
missingness,146,0.3978201634877384,0.9246575342465754,0.0753424657534246,1.0,off_011121,367
missingness,147,0.4005449591280653,0.9251700680272108,0.0748299319727891,1.0,off_011176,367
missingness,148,0.4032697547683924,0.9256756756756755,0.0743243243243243,1.0,off_011198,367
missingness,149,0.4059945504087193,0.9261744966442952,0.0738255033557047,1.0,off_011209,367
missingness,150,0.4087193460490463,0.9266666666666666,0.0733333333333333,1.0,off_011308,367
missingness,151,0.4114441416893733,0.9271523178807948,0.0728476821192053,1.0,off_011341,367
missingness,152,0.4141689373297003,0.9276315789473684,0.0723684210526315,1.0,off_011385,367
missingness,153,0.4168937329700272,0.9281045751633988,0.0718954248366013,1.0,off_011429,367
missingness,154,0.4196185286103542,0.9285714285714286,0.0714285714285714,1.0,off_011495,367
missingness,155,0.4223433242506812,0.9290322580645162,0.0709677419354838,1.0,off_011550,367
missingness,156,0.4250681198910082,0.9294871794871796,0.0705128205128205,1.0,off_011660,367
missingness,157,0.4277929155313351,0.929936305732484,0.0700636942675159,1.0,off_011682,367
missingness,158,0.4305177111716621,0.930379746835443,0.0696202531645569,1.0,off_011836,367
missingness,159,0.4332425068119891,0.9308176100628932,0.0691823899371069,1.0,off_011858,367
missingness,160,0.4359673024523161,0.93125,0.06875,1.0,off_011957,367
missingness,161,0.438692098092643,0.9316770186335404,0.0683229813664596,1.0,off_012012,367
missingness,162,0.44141689373297,0.9320987654320988,0.0679012345679012,1.0,off_012089,367
missingness,163,0.444141689373297,0.9325153374233128,0.0674846625766871,1.0,off_012133,367
missingness,164,0.4468664850136239,0.9329268292682926,0.0670731707317073,1.0,off_012221,367
missingness,165,0.4495912806539509,0.9333333333333332,0.0666666666666666,1.0,off_012386,367
missingness,166,0.4523160762942779,0.933734939759036,0.0662650602409638,1.0,off_012551,367
missingness,167,0.4550408719346049,0.934131736526946,0.0658682634730539,1.0,off_012595,367
missingness,168,0.4577656675749318,0.9345238095238096,0.0654761904761904,1.0,off_012727,367
missingness,169,0.4604904632152589,0.9289940828402368,0.0710059171597633,1.0,off_012903,367
missingness,170,0.4632152588555858,0.9294117647058824,0.0705882352941176,1.0,off_013002,367
missingness,171,0.4659400544959128,0.9298245614035088,0.0701754385964912,1.0,off_013090,367
missingness,172,0.4686648501362397,0.9302325581395348,0.0697674418604651,1.0,off_013178,367
missingness,173,0.4713896457765668,0.930635838150289,0.0693641618497109,1.0,off_013299,367
missingness,174,0.4741144414168937,0.9310344827586208,0.0689655172413793,1.0,off_013332,367
missingness,175,0.4768392370572207,0.9314285714285714,0.0685714285714285,1.0,off_013398,367
missingness,176,0.4795640326975476,0.931818181818182,0.0681818181818181,1.0,off_013519,367
missingness,177,0.4822888283378747,0.9322033898305084,0.0677966101694915,1.0,off_013596,367
missingness,178,0.4850136239782016,0.9325842696629214,0.0674157303370786,1.0,off_013684,367
missingness,179,0.4877384196185286,0.9329608938547486,0.0670391061452514,1.0,off_013794,367
missingness,180,0.4904632152588556,0.9277777777777778,0.0722222222222222,1.0,off_013926,367
missingness,181,0.4931880108991825,0.9281767955801103,0.0718232044198895,1.0,off_013937,367
missingness,182,0.4959128065395095,0.9285714285714286,0.0714285714285714,1.0,off_013959,367
missingness,183,0.4986376021798365,0.9289617486338798,0.0710382513661202,1.0,off_014036,367
missingness,184,0.5013623978201635,0.9293478260869564,0.0706521739130434,1.0,off_014278,367
missingness,185,0.5040871934604905,0.9297297297297298,0.0702702702702702,1.0,off_014443,367
missingness,186,0.5068119891008175,0.9247311827956988,0.075268817204301,1.0,off_014542,367
missingness,187,0.5095367847411444,0.9251336898395722,0.0748663101604278,1.0,off_014575,367
missingness,188,0.5122615803814714,0.925531914893617,0.0744680851063829,1.0,off_014751,367
missingness,189,0.5149863760217984,0.925925925925926,0.074074074074074,1.0,off_014817,367
missingness,190,0.5177111716621253,0.9263157894736842,0.0736842105263157,1.0,off_014905,367
missingness,191,0.5204359673024523,0.9267015706806284,0.0732984293193717,1.0,off_014916,367
missingness,192,0.5231607629427792,0.9270833333333334,0.0729166666666666,1.0,off_014938,367
missingness,193,0.5258855585831063,0.927461139896373,0.0725388601036269,1.0,off_014949,367
missingness,194,0.5286103542234333,0.9278350515463918,0.0721649484536082,1.0,off_014971,367
missingness,195,0.5313351498637602,0.9230769230769232,0.0769230769230769,1.0,off_015114,367
missingness,196,0.5340599455040872,0.923469387755102,0.0765306122448979,1.0,off_015125,367
missingness,197,0.5367847411444142,0.9238578680203046,0.0761421319796954,1.0,off_015147,367
missingness,198,0.5395095367847411,0.9191919191919192,0.0808080808080808,1.0,off_015191,367
missingness,199,0.5422343324250681,0.914572864321608,0.0854271356783919,1.0,off_015202,367
missingness,200,0.5449591280653951,0.91,0.09,1.0,off_015246,367
missingness,201,0.547683923705722,0.9104477611940298,0.0895522388059701,1.0,off_015345,367
missingness,202,0.5504087193460491,0.9108910891089108,0.0891089108910891,1.0,off_015367,367
missingness,203,0.553133514986376,0.9113300492610836,0.0886699507389162,1.0,off_015411,367
missingness,204,0.555858310626703,0.9117647058823528,0.088235294117647,1.0,off_015554,367
missingness,205,0.55858310626703,0.9121951219512195,0.0878048780487804,1.0,off_015565,367
missingness,206,0.5613079019073569,0.912621359223301,0.087378640776699,1.0,off_015598,367
missingness,207,0.5640326975476839,0.9130434782608696,0.0869565217391304,1.0,off_016016,367
missingness,208,0.5667574931880109,0.9134615384615384,0.0865384615384615,1.0,off_016192,367
missingness,209,0.5694822888283378,0.9138755980861244,0.0861244019138756,1.0,off_016368,367
missingness,210,0.5722070844686649,0.9142857142857144,0.0857142857142857,1.0,off_016423,367
missingness,211,0.5749318801089919,0.914691943127962,0.0853080568720379,1.0,off_016434,367
missingness,212,0.5776566757493188,0.9150943396226416,0.0849056603773584,1.0,off_016467,367
missingness,213,0.5803814713896458,0.9154929577464788,0.0845070422535211,1.0,off_016522,367
missingness,214,0.5831062670299727,0.9158878504672896,0.0841121495327102,1.0,off_016555,367
missingness,215,0.5858310626702997,0.916279069767442,0.0837209302325581,1.0,off_016610,367
missingness,216,0.5885558583106267,0.9166666666666666,0.0833333333333333,1.0,off_016907,367
missingness,217,0.5912806539509536,0.9170506912442395,0.0829493087557603,1.0,off_016918,367
missingness,218,0.5940054495912807,0.9174311926605504,0.0825688073394495,1.0,off_017094,367
missingness,219,0.5967302452316077,0.91324200913242,0.0867579908675799,1.0,off_017149,367
missingness,220,0.5994550408719346,0.9136363636363636,0.0863636363636363,1.0,off_017303,367
missingness,221,0.6021798365122616,0.9140271493212668,0.085972850678733,1.0,off_017358,367
missingness,222,0.6049046321525886,0.9144144144144144,0.0855855855855855,1.0,off_017490,367
missingness,223,0.6076294277929155,0.9147982062780268,0.085201793721973,1.0,off_017556,367
missingness,224,0.6103542234332425,0.9151785714285714,0.0848214285714285,1.0,off_017666,367
missingness,225,0.6130790190735694,0.9155555555555556,0.0844444444444444,1.0,off_017699,367
missingness,226,0.6158038147138964,0.915929203539823,0.084070796460177,1.0,off_017776,367
missingness,227,0.6185286103542235,0.9162995594713657,0.0837004405286343,1.0,off_017875,367
missingness,228,0.6212534059945504,0.9166666666666666,0.0833333333333333,1.0,off_017897,367
missingness,229,0.6239782016348774,0.9170305676855895,0.0829694323144104,1.0,off_017952,367
missingness,230,0.6267029972752044,0.917391304347826,0.0826086956521739,1.0,off_017996,367
missingness,231,0.6294277929155313,0.9177489177489178,0.0822510822510822,1.0,off_018062,367
missingness,232,0.6321525885558583,0.918103448275862,0.0818965517241379,1.0,off_018139,367
missingness,233,0.6348773841961853,0.9184549356223176,0.0815450643776824,1.0,off_018205,367
missingness,234,0.6376021798365122,0.9188034188034188,0.0811965811965812,1.0,off_018326,367
missingness,235,0.6403269754768393,0.9191489361702128,0.0808510638297872,1.0,off_018436,367
missingness,236,0.6430517711171662,0.9194915254237288,0.0805084745762711,1.0,off_018469,367
missingness,237,0.6457765667574932,0.919831223628692,0.080168776371308,1.0,off_018491,367
missingness,238,0.6485013623978202,0.9201680672268908,0.0798319327731092,1.0,off_018645,367
missingness,239,0.6512261580381471,0.9205020920502092,0.0794979079497908,1.0,off_018777,367
missingness,240,0.6539509536784741,0.9208333333333334,0.0791666666666666,1.0,off_018887,367
missingness,241,0.6566757493188011,0.9211618257261412,0.0788381742738589,1.0,off_018898,367
missingness,242,0.659400544959128,0.9214876033057852,0.0785123966942148,1.0,off_019008,367
missingness,243,0.662125340599455,0.9218106995884774,0.0781893004115226,1.0,off_019063,367
missingness,244,0.6648501362397821,0.9221311475409836,0.0778688524590164,1.0,off_019085,367
missingness,245,0.667574931880109,0.9224489795918368,0.0775510204081632,1.0,off_019151,367
missingness,246,0.670299727520436,0.9227642276422764,0.0772357723577235,1.0,off_019217,367
missingness,247,0.6730245231607629,0.9230769230769232,0.0769230769230769,1.0,off_019261,367
missingness,248,0.6757493188010899,0.9233870967741936,0.0766129032258064,1.0,off_019283,367
missingness,249,0.6784741144414169,0.9236947791164658,0.0763052208835341,1.0,off_019349,367
missingness,250,0.6811989100817438,0.924,0.076,1.0,off_019360,367
missingness,251,0.6839237057220708,0.9203187250996016,0.0796812749003984,1.0,off_019415,367
missingness,252,0.6866485013623979,0.9206349206349208,0.0793650793650793,1.0,off_019470,367
missingness,253,0.6893732970027248,0.9209486166007904,0.0790513833992094,1.0,off_019481,367
missingness,254,0.6920980926430518,0.9212598425196852,0.0787401574803149,1.0,off_019503,367
missingness,255,0.6948228882833788,0.9215686274509804,0.0784313725490196,1.0,off_019525,367
missingness,256,0.6975476839237057,0.91796875,0.08203125,1.0,off_019580,367
missingness,257,0.7002724795640327,0.9182879377431906,0.0817120622568093,1.0,off_019701,367
missingness,258,0.7029972752043597,0.9186046511627908,0.0813953488372093,1.0,off_019767,367
missingness,259,0.7057220708446866,0.915057915057915,0.0849420849420849,1.0,off_019899,367
missingness,260,0.7084468664850136,0.9153846153846154,0.0846153846153846,1.0,off_019943,367
missingness,261,0.7111716621253406,0.9157088122605364,0.0842911877394636,1.0,off_019987,367
missingness,262,0.7138964577656676,0.916030534351145,0.0839694656488549,1.0,off_019998,367
missingness,263,0.7166212534059946,0.9163498098859316,0.0836501901140684,1.0,off_020064,367
missingness,264,0.7193460490463215,0.9166666666666666,0.0833333333333333,1.0,off_020075,367
missingness,265,0.7220708446866485,0.9169811320754716,0.0830188679245283,1.0,off_020097,367
missingness,266,0.7247956403269755,0.9172932330827068,0.0827067669172932,1.0,off_020130,367
missingness,267,0.7275204359673024,0.9176029962546816,0.0823970037453183,1.0,off_020163,367
missingness,268,0.7302452316076294,0.917910447761194,0.0820895522388059,1.0,off_020174,367
missingness,269,0.7329700272479565,0.9182156133828996,0.0817843866171003,1.0,off_020229,367
missingness,270,0.7356948228882834,0.9185185185185184,0.0814814814814814,1.0,off_020284,367
missingness,271,0.7384196185286104,0.918819188191882,0.081180811808118,1.0,off_020537,367
missingness,272,0.7411444141689373,0.9191176470588236,0.0808823529411764,1.0,off_020570,367
missingness,273,0.7438692098092643,0.9157509157509156,0.0842490842490842,1.0,off_020592,367
missingness,274,0.7465940054495913,0.916058394160584,0.083941605839416,1.0,off_020614,367
missingness,275,0.7493188010899182,0.9163636363636364,0.0836363636363636,1.0,off_020680,367
missingness,276,0.7520435967302452,0.9166666666666666,0.0833333333333333,1.0,off_020790,367
missingness,277,0.7547683923705722,0.9169675090252708,0.0830324909747292,1.0,off_020889,367
missingness,278,0.7574931880108992,0.9172661870503596,0.0827338129496402,1.0,off_021153,367
missingness,279,0.7602179836512262,0.9175627240143368,0.082437275985663,1.0,off_021274,367
missingness,280,0.7629427792915532,0.9178571428571428,0.0821428571428571,1.0,off_021428,367
missingness,281,0.7656675749318801,0.9181494661921707,0.0818505338078291,1.0,off_021472,367
missingness,282,0.7683923705722071,0.9184397163120568,0.0815602836879432,1.0,off_021538,367
missingness,283,0.771117166212534,0.9187279151943464,0.0812720848056537,1.0,off_021714,367
missingness,284,0.773841961852861,0.9190140845070424,0.0809859154929577,1.0,off_021725,367
missingness,285,0.776566757493188,0.9192982456140352,0.0807017543859649,1.0,off_021857,367
missingness,286,0.779291553133515,0.9195804195804196,0.0804195804195804,1.0,off_021967,367
missingness,287,0.782016348773842,0.9198606271777005,0.0801393728222996,1.0,off_021989,367
missingness,288,0.784741144414169,0.9201388888888888,0.0798611111111111,1.0,off_022077,367
missingness,289,0.7874659400544959,0.9204152249134948,0.0795847750865051,1.0,off_022088,367
missingness,290,0.7901907356948229,0.9206896551724136,0.0793103448275862,1.0,off_022198,367
missingness,291,0.7929155313351499,0.9209621993127148,0.0790378006872852,1.0,off_022242,367
missingness,292,0.7956403269754768,0.9212328767123288,0.0787671232876712,1.0,off_022275,367
missingness,293,0.7983651226158038,0.9215017064846416,0.0784982935153583,1.0,off_022286,367
missingness,294,0.8010899182561307,0.9217687074829932,0.0782312925170068,1.0,off_022363,367
missingness,295,0.8038147138964578,0.9220338983050848,0.0779661016949152,1.0,off_022528,367
missingness,296,0.8065395095367848,0.9222972972972971,0.0777027027027027,1.0,off_022638,367
missingness,297,0.8092643051771117,0.9225589225589226,0.0774410774410774,1.0,off_022803,367
missingness,298,0.8119891008174387,0.9228187919463088,0.0771812080536912,1.0,off_022869,367
missingness,299,0.8147138964577657,0.9230769230769232,0.0769230769230769,1.0,off_023045,367
missingness,300,0.8174386920980926,0.9233333333333332,0.0766666666666666,1.0,off_023078,367
missingness,301,0.8201634877384196,0.9235880398671096,0.0764119601328903,1.0,off_023089,367
missingness,302,0.8228882833787466,0.923841059602649,0.076158940397351,1.0,off_023320,367
missingness,303,0.8256130790190735,0.924092409240924,0.0759075907590759,1.0,off_023408,367
missingness,304,0.8283378746594006,0.924342105263158,0.0756578947368421,1.0,off_023474,367
missingness,305,0.8310626702997275,0.9245901639344264,0.0754098360655737,1.0,off_023507,367
missingness,306,0.8337874659400545,0.9248366013071896,0.0751633986928104,1.0,off_023540,367
missingness,307,0.8365122615803815,0.9250814332247556,0.0749185667752443,1.0,off_023584,367
missingness,308,0.8392370572207084,0.9253246753246752,0.0746753246753246,1.0,off_023595,367
missingness,309,0.8419618528610354,0.9255663430420712,0.0744336569579288,1.0,off_023705,367
missingness,310,0.8446866485013624,0.9258064516129032,0.0741935483870967,1.0,off_023936,367
missingness,311,0.8474114441416893,0.9260450160771704,0.0739549839228295,1.0,off_023958,367
missingness,312,0.8501362397820164,0.9262820512820512,0.0737179487179487,1.0,off_023969,367
missingness,313,0.8528610354223434,0.926517571884984,0.0734824281150159,1.0,off_024079,367
missingness,314,0.8555858310626703,0.926751592356688,0.0732484076433121,1.0,off_024112,367
missingness,315,0.8583106267029973,0.926984126984127,0.073015873015873,1.0,off_024178,367
missingness,316,0.8610354223433242,0.9272151898734178,0.0727848101265822,1.0,off_024189,367
missingness,317,0.8637602179836512,0.9274447949526814,0.0725552050473186,1.0,off_024244,367
missingness,318,0.8664850136239782,0.9276729559748428,0.0723270440251572,1.0,off_024266,367
missingness,319,0.8692098092643051,0.927899686520376,0.0721003134796238,1.0,off_024343,367
missingness,320,0.8719346049046321,0.928125,0.071875,1.0,off_024387,367
missingness,321,0.8746594005449592,0.9283489096573208,0.0716510903426791,1.0,off_024420,367
missingness,322,0.8773841961852861,0.9285714285714286,0.0714285714285714,1.0,off_024431,367
missingness,323,0.8801089918256131,0.9287925696594428,0.0712074303405572,1.0,off_024574,367
missingness,324,0.8828337874659401,0.9290123456790124,0.0709876543209876,1.0,off_024618,367
missingness,325,0.885558583106267,0.9292307692307692,0.0707692307692307,1.0,off_024662,367
missingness,326,0.888283378746594,0.9294478527607362,0.0705521472392638,1.0,off_024673,367
missingness,327,0.8910081743869209,0.9296636085626911,0.0703363914373088,1.0,off_024684,367
missingness,328,0.8937329700272479,0.929878048780488,0.0701219512195122,1.0,off_024805,367
missingness,329,0.896457765667575,0.9300911854103344,0.0699088145896656,1.0,off_024838,367
missingness,330,0.8991825613079019,0.9303030303030304,0.0696969696969697,1.0,off_024893,367
missingness,331,0.9019073569482288,0.9305135951661632,0.0694864048338368,1.0,off_024948,367
missingness,332,0.904632152588556,0.927710843373494,0.072289156626506,1.0,off_025025,367
missingness,333,0.9073569482288828,0.927927927927928,0.072072072072072,1.0,off_025102,367
missingness,334,0.9100817438692098,0.9281437125748504,0.0718562874251497,1.0,off_025366,367
missingness,335,0.9128065395095368,0.928358208955224,0.0716417910447761,1.0,off_025388,367
missingness,336,0.9155313351498636,0.9285714285714286,0.0714285714285714,1.0,off_025399,367
missingness,337,0.9182561307901907,0.9287833827893176,0.0712166172106825,1.0,off_025564,367
missingness,338,0.9209809264305178,0.9289940828402368,0.0710059171597633,1.0,off_025597,367
missingness,339,0.9237057220708448,0.9292035398230089,0.0707964601769911,1.0,off_025619,367
missingness,340,0.9264305177111716,0.9294117647058824,0.0705882352941176,1.0,off_025630,367
missingness,341,0.9291553133514986,0.9296187683284456,0.0703812316715542,1.0,off_025696,367
missingness,342,0.9318801089918256,0.9298245614035088,0.0701754385964912,1.0,off_025729,367
missingness,343,0.9346049046321526,0.9271137026239068,0.0728862973760933,1.0,off_025806,367
missingness,344,0.9373297002724796,0.9273255813953488,0.0726744186046511,1.0,off_025817,367
missingness,345,0.9400544959128064,0.927536231884058,0.072463768115942,1.0,off_025883,367
missingness,346,0.9427792915531336,0.9277456647398844,0.0722543352601156,1.0,off_025960,367
missingness,347,0.9455040871934604,0.9279538904899136,0.0720461095100864,1.0,off_026015,367
missingness,348,0.9482288828337876,0.9281609195402298,0.0718390804597701,1.0,off_026037,367
missingness,349,0.9509536784741144,0.9283667621776504,0.0716332378223495,1.0,off_026125,367
missingness,350,0.9536784741144414,0.9285714285714286,0.0714285714285714,1.0,off_026213,367
missingness,351,0.9564032697547684,0.9287749287749288,0.0712250712250712,1.0,off_026224,367
missingness,352,0.9591280653950952,0.9289772727272728,0.0710227272727272,1.0,off_026312,367
missingness,353,0.9618528610354224,0.9291784702549576,0.0708215297450425,1.0,off_026334,367
missingness,354,0.9645776566757494,0.9293785310734464,0.0706214689265536,1.0,off_026356,367
missingness,355,0.9673024523160764,0.9295774647887324,0.0704225352112676,1.0,off_026378,367
missingness,356,0.9700272479564032,0.9297752808988764,0.0702247191011236,1.0,off_026400,367
missingness,357,0.9727520435967304,0.9299719887955182,0.0700280112044818,1.0,off_026455,367
missingness,358,0.9754768392370572,0.9301675977653632,0.0698324022346368,1.0,off_026466,367
missingness,359,0.9782016348773842,0.9303621169916434,0.0696378830083565,1.0,off_026499,367
missingness,360,0.9809264305177112,0.9305555555555556,0.0694444444444444,1.0,off_026642,367
missingness,361,0.983651226158038,0.9307479224376732,0.0692520775623268,1.0,off_026829,367
missingness,362,0.9863760217983653,0.9281767955801103,0.0718232044198895,1.0,off_026895,367
missingness,363,0.989100817438692,0.9283746556473828,0.071625344352617,1.0,off_026906,367
missingness,364,0.9918256130790192,0.9285714285714286,0.0714285714285714,1.0,off_026939,367
missingness,365,0.994550408719346,0.9287671232876712,0.0712328767123287,1.0,off_027159,367
missingness,366,0.997275204359673,0.9289617486338798,0.0710382513661202,1.0,off_027313,367
missingness,367,1.0,0.9291553133514986,0.0708446866485013,1.0,off_027412,367
nutrition,1,0.0006896551724137,1.0,0.0,1.0,off_000004,1450
nutrition,2,0.0013793103448275,1.0,0.0,1.0,off_000030,1450
nutrition,3,0.0020689655172413,1.0,0.0,1.0,off_000052,1450
nutrition,4,0.0027586206896551,1.0,0.0,1.0,off_000061,1450
nutrition,5,0.0034482758620689,1.0,0.0,1.0,off_000085,1450
nutrition,6,0.0041379310344827,1.0,0.0,1.0,off_000092,1450
nutrition,7,0.0048275862068965,1.0,0.0,1.0,off_000125,1450
nutrition,8,0.0055172413793103,1.0,0.0,1.0,off_000129,1450
nutrition,9,0.0062068965517241,1.0,0.0,1.0,off_000138,1450
nutrition,10,0.0068965517241379,1.0,0.0,1.0,off_000191,1450
nutrition,11,0.0075862068965517,1.0,0.0,1.0,off_000202,1450
nutrition,12,0.0082758620689655,1.0,0.0,1.0,off_000248,1450
nutrition,13,0.0089655172413793,1.0,0.0,1.0,off_000257,1450
nutrition,14,0.0096551724137931,1.0,0.0,1.0,off_000261,1450
nutrition,15,0.0103448275862068,1.0,0.0,1.0,off_000272,1450
nutrition,16,0.0110344827586206,1.0,0.0,1.0,off_000293,1450
nutrition,17,0.0117241379310344,1.0,0.0,1.0,off_000303,1450
nutrition,18,0.0124137931034482,1.0,0.0,1.0,off_000334,1450
nutrition,19,0.013103448275862,1.0,0.0,1.0,off_000347,1450
nutrition,20,0.0137931034482758,1.0,0.0,1.0,off_000356,1450
nutrition,21,0.0144827586206896,1.0,0.0,1.0,off_000359,1450
nutrition,22,0.0151724137931034,1.0,0.0,1.0,off_000403,1450
nutrition,23,0.0158620689655172,1.0,0.0,1.0,off_000414,1450
nutrition,24,0.016551724137931,1.0,0.0,1.0,off_000424,1450
nutrition,25,0.0172413793103448,1.0,0.0,1.0,off_000455,1450
nutrition,26,0.0179310344827586,1.0,0.0,1.0,off_000501,1450
nutrition,27,0.0186206896551724,1.0,0.0,1.0,off_000502,1450
nutrition,28,0.0193103448275862,1.0,0.0,1.0,off_000532,1450
nutrition,29,0.02,1.0,0.0,1.0,off_000565,1450
nutrition,30,0.0206896551724137,1.0,0.0,1.0,off_000567,1450
nutrition,31,0.0213793103448275,1.0,0.0,1.0,off_000580,1450
nutrition,32,0.0220689655172413,1.0,0.0,1.0,off_000612,1450
nutrition,33,0.0227586206896551,1.0,0.0,1.0,off_000624,1450
nutrition,34,0.0234482758620689,1.0,0.0,1.0,off_000655,1450
nutrition,35,0.0241379310344827,1.0,0.0,1.0,off_000677,1450
nutrition,36,0.0248275862068965,1.0,0.0,1.0,off_000700,1450
nutrition,37,0.0255172413793103,1.0,0.0,1.0,off_000701,1450
nutrition,38,0.0262068965517241,1.0,0.0,1.0,off_000733,1450
nutrition,39,0.0268965517241379,1.0,0.0,1.0,off_000778,1450
nutrition,40,0.0275862068965517,1.0,0.0,1.0,off_000820,1450
nutrition,41,0.0282758620689655,1.0,0.0,1.0,off_000842,1450
nutrition,42,0.0289655172413793,1.0,0.0,1.0,off_000877,1450
nutrition,43,0.0296551724137931,1.0,0.0,1.0,off_000906,1450
nutrition,44,0.0303448275862068,1.0,0.0,1.0,off_000928,1450
nutrition,45,0.0310344827586206,1.0,0.0,1.0,off_000965,1450
nutrition,46,0.0317241379310344,1.0,0.0,1.0,off_000972,1450
nutrition,47,0.0324137931034482,1.0,0.0,1.0,off_001038,1450
nutrition,48,0.033103448275862,1.0,0.0,1.0,off_001093,1450
nutrition,49,0.0337931034482758,1.0,0.0,1.0,off_001214,1450
nutrition,50,0.0344827586206896,1.0,0.0,1.0,off_001218,1450
nutrition,51,0.0351724137931034,1.0,0.0,1.0,off_001269,1450
nutrition,52,0.0358620689655172,1.0,0.0,1.0,off_001291,1450
nutrition,53,0.036551724137931,1.0,0.0,1.0,off_001295,1450
nutrition,54,0.0372413793103448,1.0,0.0,1.0,off_001313,1450
nutrition,55,0.0379310344827586,1.0,0.0,1.0,off_001338,1450
nutrition,56,0.0386206896551724,1.0,0.0,1.0,off_001359,1450
nutrition,57,0.0393103448275862,1.0,0.0,1.0,off_001370,1450
nutrition,58,0.04,1.0,0.0,1.0,off_001393,1450
nutrition,59,0.0406896551724137,1.0,0.0,1.0,off_001415,1450
nutrition,60,0.0413793103448275,1.0,0.0,1.0,off_001426,1450
nutrition,61,0.0420689655172413,1.0,0.0,1.0,off_001447,1450
nutrition,62,0.0427586206896551,1.0,0.0,1.0,off_001467,1450
nutrition,63,0.0434482758620689,1.0,0.0,1.0,off_001471,1450
nutrition,64,0.0441379310344827,1.0,0.0,1.0,off_001482,1450
nutrition,65,0.0448275862068965,1.0,0.0,1.0,off_001544,1450
nutrition,66,0.0455172413793103,1.0,0.0,1.0,off_001555,1450
nutrition,67,0.0462068965517241,1.0,0.0,1.0,off_001557,1450
nutrition,68,0.0468965517241379,1.0,0.0,1.0,off_001613,1450
nutrition,69,0.0475862068965517,1.0,0.0,1.0,off_001624,1450
nutrition,70,0.0482758620689655,1.0,0.0,1.0,off_001625,1450
nutrition,71,0.0489655172413793,1.0,0.0,1.0,off_001646,1450
nutrition,72,0.0496551724137931,1.0,0.0,1.0,off_001647,1450
nutrition,73,0.0503448275862069,1.0,0.0,1.0,off_001654,1450
nutrition,74,0.0510344827586206,1.0,0.0,1.0,off_001658,1450
nutrition,75,0.0517241379310344,1.0,0.0,1.0,off_001709,1450
nutrition,76,0.0524137931034482,1.0,0.0,1.0,off_001712,1450
nutrition,77,0.053103448275862,1.0,0.0,1.0,off_001733,1450
nutrition,78,0.0537931034482758,1.0,0.0,1.0,off_001745,1450
nutrition,79,0.0544827586206896,1.0,0.0,1.0,off_001756,1450
nutrition,80,0.0551724137931034,1.0,0.0,1.0,off_001764,1450
nutrition,81,0.0558620689655172,1.0,0.0,1.0,off_001789,1450
nutrition,82,0.056551724137931,1.0,0.0,1.0,off_001811,1450
nutrition,83,0.0572413793103448,1.0,0.0,1.0,off_001821,1450
nutrition,84,0.0579310344827586,1.0,0.0,1.0,off_001822,1450
nutrition,85,0.0586206896551724,1.0,0.0,1.0,off_001854,1450
nutrition,86,0.0593103448275862,1.0,0.0,1.0,off_001878,1450
nutrition,87,0.06,1.0,0.0,1.0,off_001918,1450
nutrition,88,0.0606896551724137,1.0,0.0,1.0,off_001944,1450
nutrition,89,0.0613793103448275,1.0,0.0,1.0,off_001955,1450
nutrition,90,0.0620689655172413,1.0,0.0,1.0,off_001964,1450
nutrition,91,0.0627586206896551,1.0,0.0,1.0,off_001986,1450
nutrition,92,0.0634482758620689,1.0,0.0,1.0,off_001995,1450
nutrition,93,0.0641379310344827,1.0,0.0,1.0,off_001998,1450
nutrition,94,0.0648275862068965,1.0,0.0,1.0,off_002008,1450
nutrition,95,0.0655172413793103,1.0,0.0,1.0,off_002031,1450
nutrition,96,0.0662068965517241,1.0,0.0,1.0,off_002061,1450
nutrition,97,0.0668965517241379,1.0,0.0,1.0,off_002094,1450
nutrition,98,0.0675862068965517,1.0,0.0,1.0,off_002142,1450
nutrition,99,0.0682758620689655,1.0,0.0,1.0,off_002153,1450
nutrition,100,0.0689655172413793,1.0,0.0,1.0,off_002163,1450
nutrition,101,0.0696551724137931,1.0,0.0,1.0,off_002182,1450
nutrition,102,0.0703448275862069,1.0,0.0,1.0,off_002185,1450
nutrition,103,0.0710344827586206,1.0,0.0,1.0,off_002204,1450
nutrition,104,0.0717241379310344,1.0,0.0,1.0,off_002248,1450
nutrition,105,0.0724137931034482,1.0,0.0,1.0,off_002281,1450
nutrition,106,0.073103448275862,1.0,0.0,1.0,off_002285,1450
nutrition,107,0.0737931034482758,1.0,0.0,1.0,off_002303,1450
nutrition,108,0.0744827586206896,1.0,0.0,1.0,off_002306,1450
nutrition,109,0.0751724137931034,1.0,0.0,1.0,off_002314,1450
nutrition,110,0.0758620689655172,1.0,0.0,1.0,off_002347,1450
nutrition,111,0.076551724137931,1.0,0.0,1.0,off_002373,1450
nutrition,112,0.0772413793103448,1.0,0.0,1.0,off_002437,1450
nutrition,113,0.0779310344827586,1.0,0.0,1.0,off_002490,1450
nutrition,114,0.0786206896551724,1.0,0.0,1.0,off_002505,1450
nutrition,115,0.0793103448275862,1.0,0.0,1.0,off_002514,1450
nutrition,116,0.08,1.0,0.0,1.0,off_002526,1450
nutrition,117,0.0806896551724137,1.0,0.0,1.0,off_002570,1450
nutrition,118,0.0813793103448275,1.0,0.0,1.0,off_002582,1450
nutrition,119,0.0820689655172413,1.0,0.0,1.0,off_002604,1450
nutrition,120,0.0827586206896551,1.0,0.0,1.0,off_002626,1450
nutrition,121,0.0834482758620689,1.0,0.0,1.0,off_002633,1450
nutrition,122,0.0841379310344827,1.0,0.0,1.0,off_002647,1450
nutrition,123,0.0848275862068965,1.0,0.0,1.0,off_002702,1450
nutrition,124,0.0855172413793103,1.0,0.0,1.0,off_002725,1450
nutrition,125,0.0862068965517241,1.0,0.0,1.0,off_002746,1450
nutrition,126,0.0868965517241379,1.0,0.0,1.0,off_002767,1450
nutrition,127,0.0875862068965517,1.0,0.0,1.0,off_002842,1450
nutrition,128,0.0882758620689655,1.0,0.0,1.0,off_002846,1450
nutrition,129,0.0889655172413793,1.0,0.0,1.0,off_002856,1450
nutrition,130,0.0896551724137931,1.0,0.0,1.0,off_002857,1450
nutrition,131,0.0903448275862068,1.0,0.0,1.0,off_002966,1450
nutrition,132,0.0910344827586207,1.0,0.0,1.0,off_002998,1450
nutrition,133,0.0917241379310344,1.0,0.0,1.0,off_002999,1450
nutrition,134,0.0924137931034482,1.0,0.0,1.0,off_003032,1450
nutrition,135,0.093103448275862,1.0,0.0,1.0,off_003040,1450
nutrition,136,0.0937931034482758,1.0,0.0,1.0,off_003076,1450
nutrition,137,0.0944827586206896,1.0,0.0,1.0,off_003097,1450
nutrition,138,0.0951724137931034,1.0,0.0,1.0,off_003117,1450
nutrition,139,0.0958620689655172,1.0,0.0,1.0,off_003154,1450
nutrition,140,0.096551724137931,1.0,0.0,1.0,off_003161,1450
nutrition,141,0.0972413793103448,1.0,0.0,1.0,off_003172,1450
nutrition,142,0.0979310344827586,1.0,0.0,1.0,off_003187,1450
nutrition,143,0.0986206896551724,1.0,0.0,1.0,off_003216,1450
nutrition,144,0.0993103448275862,1.0,0.0,1.0,off_003231,1450
nutrition,145,0.1,1.0,0.0,1.0,off_003271,1450
nutrition,146,0.1006896551724138,1.0,0.0,1.0,off_003274,1450
nutrition,147,0.1013793103448275,1.0,0.0,1.0,off_003293,1450
nutrition,148,0.1020689655172413,1.0,0.0,1.0,off_003295,1450
nutrition,149,0.1027586206896551,1.0,0.0,1.0,off_003348,1450
nutrition,150,0.1034482758620689,1.0,0.0,1.0,off_003428,1450
nutrition,151,0.1041379310344827,1.0,0.0,1.0,off_003495,1450
nutrition,152,0.1048275862068965,1.0,0.0,1.0,off_003515,1450
nutrition,153,0.1055172413793103,1.0,0.0,1.0,off_003526,1450
nutrition,154,0.1062068965517241,1.0,0.0,1.0,off_003527,1450
nutrition,155,0.1068965517241379,1.0,0.0,1.0,off_003549,1450
nutrition,156,0.1075862068965517,1.0,0.0,1.0,off_003579,1450
nutrition,157,0.1082758620689655,1.0,0.0,1.0,off_003614,1450
nutrition,158,0.1089655172413793,1.0,0.0,1.0,off_003678,1450
nutrition,159,0.1096551724137931,1.0,0.0,1.0,off_003713,1450
nutrition,160,0.1103448275862069,1.0,0.0,1.0,off_003744,1450
nutrition,161,0.1110344827586206,1.0,0.0,1.0,off_003758,1450
nutrition,162,0.1117241379310344,1.0,0.0,1.0,off_003802,1450
nutrition,163,0.1124137931034482,1.0,0.0,1.0,off_003810,1450
nutrition,164,0.113103448275862,1.0,0.0,1.0,off_003843,1450
nutrition,165,0.1137931034482758,1.0,0.0,1.0,off_003847,1450
nutrition,166,0.1144827586206896,1.0,0.0,1.0,off_003857,1450
nutrition,167,0.1151724137931034,1.0,0.0,1.0,off_003879,1450
nutrition,168,0.1158620689655172,1.0,0.0,1.0,off_003880,1450
nutrition,169,0.116551724137931,1.0,0.0,1.0,off_003920,1450
nutrition,170,0.1172413793103448,1.0,0.0,1.0,off_003934,1450
nutrition,171,0.1179310344827586,1.0,0.0,1.0,off_003990,1450
nutrition,172,0.1186206896551724,1.0,0.0,1.0,off_004032,1450
nutrition,173,0.1193103448275862,1.0,0.0,1.0,off_004052,1450
nutrition,174,0.12,1.0,0.0,1.0,off_004089,1450
nutrition,175,0.1206896551724138,1.0,0.0,1.0,off_004154,1450
nutrition,176,0.1213793103448275,1.0,0.0,1.0,off_004188,1450
nutrition,177,0.1220689655172413,1.0,0.0,1.0,off_004208,1450
nutrition,178,0.1227586206896551,1.0,0.0,1.0,off_004220,1450
nutrition,179,0.1234482758620689,1.0,0.0,1.0,off_004228,1450
nutrition,180,0.1241379310344827,1.0,0.0,1.0,off_004239,1450
nutrition,181,0.1248275862068965,1.0,0.0,1.0,off_004308,1450
nutrition,182,0.1255172413793103,1.0,0.0,1.0,off_004316,1450
nutrition,183,0.1262068965517241,1.0,0.0,1.0,off_004362,1450
nutrition,184,0.1268965517241379,1.0,0.0,1.0,off_004364,1450
nutrition,185,0.1275862068965517,1.0,0.0,1.0,off_004393,1450
nutrition,186,0.1282758620689655,1.0,0.0,1.0,off_004396,1450
nutrition,187,0.1289655172413793,1.0,0.0,1.0,off_004397,1450
nutrition,188,0.1296551724137931,1.0,0.0,1.0,off_004407,1450
nutrition,189,0.1303448275862068,1.0,0.0,1.0,off_004426,1450
nutrition,190,0.1310344827586207,1.0,0.0,1.0,off_004440,1450
nutrition,191,0.1317241379310345,1.0,0.0,1.0,off_004441,1450
nutrition,192,0.1324137931034482,1.0,0.0,1.0,off_004450,1450
nutrition,193,0.133103448275862,1.0,0.0,1.0,off_004485,1450
nutrition,194,0.1337931034482758,1.0,0.0,1.0,off_004503,1450
nutrition,195,0.1344827586206896,1.0,0.0,1.0,off_004505,1450
nutrition,196,0.1351724137931034,1.0,0.0,1.0,off_004514,1450
nutrition,197,0.1358620689655172,1.0,0.0,1.0,off_004516,1450
nutrition,198,0.136551724137931,1.0,0.0,1.0,off_004538,1450
nutrition,199,0.1372413793103448,1.0,0.0,1.0,off_004550,1450
nutrition,200,0.1379310344827586,1.0,0.0,1.0,off_004569,1450
nutrition,201,0.1386206896551724,1.0,0.0,1.0,off_004582,1450
nutrition,202,0.1393103448275862,1.0,0.0,1.0,off_004583,1450
nutrition,203,0.14,1.0,0.0,1.0,off_004584,1450
nutrition,204,0.1406896551724138,1.0,0.0,1.0,off_004613,1450
nutrition,205,0.1413793103448276,1.0,0.0,1.0,off_004637,1450
nutrition,206,0.1420689655172413,1.0,0.0,1.0,off_004649,1450
nutrition,207,0.1427586206896551,1.0,0.0,1.0,off_004659,1450
nutrition,208,0.1434482758620689,1.0,0.0,1.0,off_004672,1450
nutrition,209,0.1441379310344827,1.0,0.0,1.0,off_004701,1450
nutrition,210,0.1448275862068965,1.0,0.0,1.0,off_004771,1450
nutrition,211,0.1455172413793103,1.0,0.0,1.0,off_004822,1450
nutrition,212,0.1462068965517241,1.0,0.0,1.0,off_004833,1450
nutrition,213,0.1468965517241379,1.0,0.0,1.0,off_004836,1450
nutrition,214,0.1475862068965517,1.0,0.0,1.0,off_004910,1450
nutrition,215,0.1482758620689655,1.0,0.0,1.0,off_004921,1450
nutrition,216,0.1489655172413793,1.0,0.0,1.0,off_004932,1450
nutrition,217,0.1496551724137931,1.0,0.0,1.0,off_004968,1450
nutrition,218,0.1503448275862069,1.0,0.0,1.0,off_004990,1450
nutrition,219,0.1510344827586207,1.0,0.0,1.0,off_005045,1450
nutrition,220,0.1517241379310344,1.0,0.0,1.0,off_005079,1450
nutrition,221,0.1524137931034482,1.0,0.0,1.0,off_005089,1450
nutrition,222,0.153103448275862,1.0,0.0,1.0,off_005189,1450
nutrition,223,0.1537931034482758,1.0,0.0,1.0,off_005273,1450
nutrition,224,0.1544827586206896,1.0,0.0,1.0,off_005397,1450
nutrition,225,0.1551724137931034,1.0,0.0,1.0,off_005409,1450
nutrition,226,0.1558620689655172,1.0,0.0,1.0,off_005419,1450
nutrition,227,0.156551724137931,1.0,0.0,1.0,off_005474,1450
nutrition,228,0.1572413793103448,1.0,0.0,1.0,off_005485,1450
nutrition,229,0.1579310344827586,1.0,0.0,1.0,off_005495,1450
nutrition,230,0.1586206896551724,1.0,0.0,1.0,off_005574,1450
nutrition,231,0.1593103448275862,1.0,0.0,1.0,off_005596,1450
nutrition,232,0.16,1.0,0.0,1.0,off_005616,1450
nutrition,233,0.1606896551724138,1.0,0.0,1.0,off_005658,1450
nutrition,234,0.1613793103448275,1.0,0.0,1.0,off_005682,1450
nutrition,235,0.1620689655172413,1.0,0.0,1.0,off_005704,1450
nutrition,236,0.1627586206896551,1.0,0.0,1.0,off_005760,1450
nutrition,237,0.1634482758620689,1.0,0.0,1.0,off_005845,1450
nutrition,238,0.1641379310344827,1.0,0.0,1.0,off_005878,1450
nutrition,239,0.1648275862068965,1.0,0.0,1.0,off_005904,1450
nutrition,240,0.1655172413793103,1.0,0.0,1.0,off_005948,1450
nutrition,241,0.1662068965517241,1.0,0.0,1.0,off_005959,1450
nutrition,242,0.1668965517241379,1.0,0.0,1.0,off_005966,1450
nutrition,243,0.1675862068965517,1.0,0.0,1.0,off_005979,1450
nutrition,244,0.1682758620689655,1.0,0.0,1.0,off_006003,1450
nutrition,245,0.1689655172413793,1.0,0.0,1.0,off_006023,1450
nutrition,246,0.1696551724137931,1.0,0.0,1.0,off_006032,1450
nutrition,247,0.1703448275862069,1.0,0.0,1.0,off_006098,1450
nutrition,248,0.1710344827586206,1.0,0.0,1.0,off_006111,1450
nutrition,249,0.1717241379310344,1.0,0.0,1.0,off_006112,1450
nutrition,250,0.1724137931034483,1.0,0.0,1.0,off_006133,1450
nutrition,251,0.173103448275862,1.0,0.0,1.0,off_006166,1450
nutrition,252,0.1737931034482758,1.0,0.0,1.0,off_006178,1450
nutrition,253,0.1744827586206896,1.0,0.0,1.0,off_006222,1450
nutrition,254,0.1751724137931034,1.0,0.0,1.0,off_006298,1450
nutrition,255,0.1758620689655172,1.0,0.0,1.0,off_006311,1450
nutrition,256,0.176551724137931,1.0,0.0,1.0,off_006344,1450
nutrition,257,0.1772413793103448,1.0,0.0,1.0,off_006354,1450
nutrition,258,0.1779310344827586,1.0,0.0,1.0,off_006364,1450
nutrition,259,0.1786206896551724,1.0,0.0,1.0,off_006373,1450
nutrition,260,0.1793103448275862,1.0,0.0,1.0,off_006384,1450
nutrition,261,0.18,1.0,0.0,1.0,off_006388,1450
nutrition,262,0.1806896551724137,1.0,0.0,1.0,off_006406,1450
nutrition,263,0.1813793103448276,1.0,0.0,1.0,off_006410,1450
nutrition,264,0.1820689655172414,1.0,0.0,1.0,off_006420,1450
nutrition,265,0.1827586206896551,1.0,0.0,1.0,off_006430,1450
nutrition,266,0.1834482758620689,1.0,0.0,1.0,off_006461,1450
nutrition,267,0.1841379310344827,1.0,0.0,1.0,off_006518,1450
nutrition,268,0.1848275862068965,1.0,0.0,1.0,off_006519,1450
nutrition,269,0.1855172413793103,1.0,0.0,1.0,off_006562,1450
nutrition,270,0.1862068965517241,1.0,0.0,1.0,off_006604,1450
nutrition,271,0.1868965517241379,1.0,0.0,1.0,off_006626,1450
nutrition,272,0.1875862068965517,1.0,0.0,1.0,off_006629,1450
nutrition,273,0.1882758620689655,1.0,0.0,1.0,off_006648,1450
nutrition,274,0.1889655172413793,1.0,0.0,1.0,off_006705,1450
nutrition,275,0.1896551724137931,1.0,0.0,1.0,off_006772,1450
nutrition,276,0.1903448275862068,1.0,0.0,1.0,off_006793,1450
nutrition,277,0.1910344827586207,1.0,0.0,1.0,off_006802,1450
nutrition,278,0.1917241379310345,1.0,0.0,1.0,off_006868,1450
nutrition,279,0.1924137931034482,1.0,0.0,1.0,off_006904,1450
nutrition,280,0.193103448275862,1.0,0.0,1.0,off_006958,1450
nutrition,281,0.1937931034482758,1.0,0.0,1.0,off_007003,1450
nutrition,282,0.1944827586206896,1.0,0.0,1.0,off_007025,1450
nutrition,283,0.1951724137931034,1.0,0.0,1.0,off_007057,1450
nutrition,284,0.1958620689655172,1.0,0.0,1.0,off_007080,1450
nutrition,285,0.196551724137931,1.0,0.0,1.0,off_007081,1450
nutrition,286,0.1972413793103448,1.0,0.0,1.0,off_007123,1450
nutrition,287,0.1979310344827586,1.0,0.0,1.0,off_007145,1450
nutrition,288,0.1986206896551724,1.0,0.0,1.0,off_007158,1450
nutrition,289,0.1993103448275862,1.0,0.0,1.0,off_007179,1450
nutrition,290,0.2,1.0,0.0,1.0,off_007286,1450
nutrition,291,0.2006896551724138,1.0,0.0,1.0,off_007319,1450
nutrition,292,0.2013793103448276,1.0,0.0,1.0,off_007345,1450
nutrition,293,0.2020689655172413,1.0,0.0,1.0,off_007385,1450
nutrition,294,0.2027586206896551,1.0,0.0,1.0,off_007396,1450
nutrition,295,0.2034482758620689,1.0,0.0,1.0,off_007495,1450
nutrition,296,0.2041379310344827,1.0,0.0,1.0,off_007497,1450
nutrition,297,0.2048275862068965,1.0,0.0,1.0,off_007520,1450
nutrition,298,0.2055172413793103,1.0,0.0,1.0,off_007561,1450
nutrition,299,0.2062068965517241,1.0,0.0,1.0,off_007572,1450
nutrition,300,0.2068965517241379,1.0,0.0,1.0,off_007594,1450
nutrition,301,0.2075862068965517,1.0,0.0,1.0,off_007629,1450
nutrition,302,0.2082758620689655,1.0,0.0,1.0,off_007638,1450
nutrition,303,0.2089655172413793,1.0,0.0,1.0,off_007664,1450
nutrition,304,0.2096551724137931,1.0,0.0,1.0,off_007674,1450
nutrition,305,0.2103448275862069,1.0,0.0,1.0,off_007728,1450
nutrition,306,0.2110344827586207,1.0,0.0,1.0,off_007752,1450
nutrition,307,0.2117241379310344,1.0,0.0,1.0,off_007763,1450
nutrition,308,0.2124137931034482,1.0,0.0,1.0,off_007794,1450
nutrition,309,0.213103448275862,1.0,0.0,1.0,off_007796,1450
nutrition,310,0.2137931034482758,1.0,0.0,1.0,off_007816,1450
nutrition,311,0.2144827586206896,1.0,0.0,1.0,off_007828,1450
nutrition,312,0.2151724137931034,1.0,0.0,1.0,off_007883,1450
nutrition,313,0.2158620689655172,1.0,0.0,1.0,off_007905,1450
nutrition,314,0.216551724137931,1.0,0.0,1.0,off_007917,1450
nutrition,315,0.2172413793103448,1.0,0.0,1.0,off_007946,1450
nutrition,316,0.2179310344827586,1.0,0.0,1.0,off_007957,1450
nutrition,317,0.2186206896551724,1.0,0.0,1.0,off_007993,1450
nutrition,318,0.2193103448275862,1.0,0.0,1.0,off_008001,1450
nutrition,319,0.22,1.0,0.0,1.0,off_008004,1450
nutrition,320,0.2206896551724138,1.0,0.0,1.0,off_008034,1450
nutrition,321,0.2213793103448275,1.0,0.0,1.0,off_008071,1450
nutrition,322,0.2220689655172413,1.0,0.0,1.0,off_008111,1450
nutrition,323,0.2227586206896551,1.0,0.0,1.0,off_008122,1450
nutrition,324,0.2234482758620689,1.0,0.0,1.0,off_008169,1450
nutrition,325,0.2241379310344827,1.0,0.0,1.0,off_008192,1450
nutrition,326,0.2248275862068965,1.0,0.0,1.0,off_008199,1450
nutrition,327,0.2255172413793103,1.0,0.0,1.0,off_008201,1450
nutrition,328,0.2262068965517241,1.0,0.0,1.0,off_008276,1450
nutrition,329,0.2268965517241379,1.0,0.0,1.0,off_008291,1450
nutrition,330,0.2275862068965517,1.0,0.0,1.0,off_008311,1450
nutrition,331,0.2282758620689655,1.0,0.0,1.0,off_008312,1450
nutrition,332,0.2289655172413793,1.0,0.0,1.0,off_008313,1450
nutrition,333,0.2296551724137931,1.0,0.0,1.0,off_008322,1450
nutrition,334,0.2303448275862069,1.0,0.0,1.0,off_008386,1450
nutrition,335,0.2310344827586206,1.0,0.0,1.0,off_008434,1450
nutrition,336,0.2317241379310345,1.0,0.0,1.0,off_008487,1450
nutrition,337,0.2324137931034482,1.0,0.0,1.0,off_008499,1450
nutrition,338,0.233103448275862,1.0,0.0,1.0,off_008509,1450
nutrition,339,0.2337931034482758,1.0,0.0,1.0,off_008529,1450
nutrition,340,0.2344827586206896,1.0,0.0,1.0,off_008540,1450
nutrition,341,0.2351724137931034,1.0,0.0,1.0,off_008573,1450
nutrition,342,0.2358620689655172,1.0,0.0,1.0,off_008599,1450
nutrition,343,0.236551724137931,1.0,0.0,1.0,off_008631,1450
nutrition,344,0.2372413793103448,1.0,0.0,1.0,off_008639,1450
nutrition,345,0.2379310344827586,1.0,0.0,1.0,off_008641,1450
nutrition,346,0.2386206896551724,1.0,0.0,1.0,off_008664,1450
nutrition,347,0.2393103448275862,1.0,0.0,1.0,off_008674,1450
nutrition,348,0.24,1.0,0.0,1.0,off_008694,1450
nutrition,349,0.2406896551724137,1.0,0.0,1.0,off_008775,1450
nutrition,350,0.2413793103448276,1.0,0.0,1.0,off_008782,1450
nutrition,351,0.2420689655172413,1.0,0.0,1.0,off_008807,1450
nutrition,352,0.2427586206896551,1.0,0.0,1.0,off_008830,1450
nutrition,353,0.2434482758620689,1.0,0.0,1.0,off_008839,1450
nutrition,354,0.2441379310344827,1.0,0.0,1.0,off_008870,1450
nutrition,355,0.2448275862068965,1.0,0.0,1.0,off_008881,1450
nutrition,356,0.2455172413793103,1.0,0.0,1.0,off_008896,1450
nutrition,357,0.2462068965517241,1.0,0.0,1.0,off_008903,1450
nutrition,358,0.2468965517241379,1.0,0.0,1.0,off_009024,1450
nutrition,359,0.2475862068965517,1.0,0.0,1.0,off_009028,1450
nutrition,360,0.2482758620689655,1.0,0.0,1.0,off_009046,1450
nutrition,361,0.2489655172413793,1.0,0.0,1.0,off_009060,1450
nutrition,362,0.2496551724137931,1.0,0.0,1.0,off_009072,1450
nutrition,363,0.2503448275862069,1.0,0.0,1.0,off_009082,1450
nutrition,364,0.2510344827586206,1.0,0.0,1.0,off_009116,1450
nutrition,365,0.2517241379310345,1.0,0.0,1.0,off_009127,1450
nutrition,366,0.2524137931034483,1.0,0.0,1.0,off_009138,1450
nutrition,367,0.253103448275862,1.0,0.0,1.0,off_009148,1450
nutrition,368,0.2537931034482759,1.0,0.0,1.0,off_009158,1450
nutrition,369,0.2544827586206896,1.0,0.0,1.0,off_009192,1450
nutrition,370,0.2551724137931034,1.0,0.0,1.0,off_009233,1450
nutrition,371,0.2558620689655172,1.0,0.0,1.0,off_009244,1450
nutrition,372,0.256551724137931,1.0,0.0,1.0,off_009247,1450
nutrition,373,0.2572413793103448,1.0,0.0,1.0,off_009248,1450
nutrition,374,0.2579310344827586,1.0,0.0,1.0,off_009266,1450
nutrition,375,0.2586206896551724,1.0,0.0,1.0,off_009279,1450
nutrition,376,0.2593103448275862,1.0,0.0,1.0,off_009292,1450
nutrition,377,0.26,1.0,0.0,1.0,off_009313,1450
nutrition,378,0.2606896551724137,1.0,0.0,1.0,off_009334,1450
nutrition,379,0.2613793103448276,1.0,0.0,1.0,off_009400,1450
nutrition,380,0.2620689655172414,1.0,0.0,1.0,off_009508,1450
nutrition,381,0.2627586206896551,1.0,0.0,1.0,off_009610,1450
nutrition,382,0.263448275862069,1.0,0.0,1.0,off_009622,1450
nutrition,383,0.2641379310344827,1.0,0.0,1.0,off_009632,1450
nutrition,384,0.2648275862068965,1.0,0.0,1.0,off_009728,1450
nutrition,385,0.2655172413793103,1.0,0.0,1.0,off_009730,1450
nutrition,386,0.2662068965517241,1.0,0.0,1.0,off_009741,1450
nutrition,387,0.2668965517241379,1.0,0.0,1.0,off_009743,1450
nutrition,388,0.2675862068965517,1.0,0.0,1.0,off_009764,1450
nutrition,389,0.2682758620689655,1.0,0.0,1.0,off_009783,1450
nutrition,390,0.2689655172413793,1.0,0.0,1.0,off_009805,1450
nutrition,391,0.2696551724137931,1.0,0.0,1.0,off_009904,1450
nutrition,392,0.2703448275862068,1.0,0.0,1.0,off_009981,1450
nutrition,393,0.2710344827586207,1.0,0.0,1.0,off_009992,1450
nutrition,394,0.2717241379310345,1.0,0.0,1.0,off_010006,1450
nutrition,395,0.2724137931034482,1.0,0.0,1.0,off_010017,1450
nutrition,396,0.2731034482758621,1.0,0.0,1.0,off_010025,1450
nutrition,397,0.2737931034482758,1.0,0.0,1.0,off_010029,1450
nutrition,398,0.2744827586206896,1.0,0.0,1.0,off_010036,1450
nutrition,399,0.2751724137931034,1.0,0.0,1.0,off_010047,1450
nutrition,400,0.2758620689655172,1.0,0.0,1.0,off_010093,1450
nutrition,401,0.276551724137931,1.0,0.0,1.0,off_010127,1450
nutrition,402,0.2772413793103448,1.0,0.0,1.0,off_010168,1450
nutrition,403,0.2779310344827586,1.0,0.0,1.0,off_010181,1450
nutrition,404,0.2786206896551724,1.0,0.0,1.0,off_010238,1450
nutrition,405,0.2793103448275862,1.0,0.0,1.0,off_010245,1450
nutrition,406,0.28,1.0,0.0,1.0,off_010311,1450
nutrition,407,0.2806896551724138,1.0,0.0,1.0,off_010325,1450
nutrition,408,0.2813793103448276,1.0,0.0,1.0,off_010370,1450
nutrition,409,0.2820689655172413,1.0,0.0,1.0,off_010379,1450
nutrition,410,0.2827586206896552,1.0,0.0,1.0,off_010391,1450
nutrition,411,0.2834482758620689,1.0,0.0,1.0,off_010392,1450
nutrition,412,0.2841379310344827,1.0,0.0,1.0,off_010468,1450
nutrition,413,0.2848275862068966,1.0,0.0,1.0,off_010557,1450
nutrition,414,0.2855172413793103,1.0,0.0,1.0,off_010566,1450
nutrition,415,0.2862068965517241,1.0,0.0,1.0,off_010577,1450
nutrition,416,0.2868965517241379,1.0,0.0,1.0,off_010589,1450
nutrition,417,0.2875862068965517,1.0,0.0,1.0,off_010633,1450
nutrition,418,0.2882758620689655,1.0,0.0,1.0,off_010689,1450
nutrition,419,0.2889655172413793,1.0,0.0,1.0,off_010720,1450
nutrition,420,0.2896551724137931,1.0,0.0,1.0,off_010729,1450
nutrition,421,0.2903448275862069,1.0,0.0,1.0,off_010731,1450
nutrition,422,0.2910344827586207,1.0,0.0,1.0,off_010755,1450
nutrition,423,0.2917241379310344,1.0,0.0,1.0,off_010795,1450
nutrition,424,0.2924137931034483,1.0,0.0,1.0,off_010828,1450
nutrition,425,0.293103448275862,1.0,0.0,1.0,off_010853,1450
nutrition,426,0.2937931034482758,1.0,0.0,1.0,off_010875,1450
nutrition,427,0.2944827586206897,1.0,0.0,1.0,off_010938,1450
nutrition,428,0.2951724137931034,1.0,0.0,1.0,off_010984,1450
nutrition,429,0.2958620689655172,1.0,0.0,1.0,off_010986,1450
nutrition,430,0.296551724137931,1.0,0.0,1.0,off_011092,1450
nutrition,431,0.2972413793103448,1.0,0.0,1.0,off_011103,1450
nutrition,432,0.2979310344827586,1.0,0.0,1.0,off_011114,1450
nutrition,433,0.2986206896551724,1.0,0.0,1.0,off_011138,1450
nutrition,434,0.2993103448275862,1.0,0.0,1.0,off_011139,1450
nutrition,435,0.3,1.0,0.0,1.0,off_011169,1450
nutrition,436,0.3006896551724138,1.0,0.0,1.0,off_011173,1450
nutrition,437,0.3013793103448275,1.0,0.0,1.0,off_011194,1450
nutrition,438,0.3020689655172414,1.0,0.0,1.0,off_011206,1450
nutrition,439,0.3027586206896552,1.0,0.0,1.0,off_011213,1450
nutrition,440,0.3034482758620689,1.0,0.0,1.0,off_011235,1450
nutrition,441,0.3041379310344828,1.0,0.0,1.0,off_011248,1450
nutrition,442,0.3048275862068965,1.0,0.0,1.0,off_011257,1450
nutrition,443,0.3055172413793103,1.0,0.0,1.0,off_011290,1450
nutrition,444,0.3062068965517241,1.0,0.0,1.0,off_011304,1450
nutrition,445,0.3068965517241379,1.0,0.0,1.0,off_011334,1450
nutrition,446,0.3075862068965517,1.0,0.0,1.0,off_011356,1450
nutrition,447,0.3082758620689655,1.0,0.0,1.0,off_011433,1450
nutrition,448,0.3089655172413793,1.0,0.0,1.0,off_011447,1450
nutrition,449,0.3096551724137931,1.0,0.0,1.0,off_011448,1450
nutrition,450,0.3103448275862069,1.0,0.0,1.0,off_011455,1450
nutrition,451,0.3110344827586206,1.0,0.0,1.0,off_011554,1450
nutrition,452,0.3117241379310345,1.0,0.0,1.0,off_011601,1450
nutrition,453,0.3124137931034483,1.0,0.0,1.0,off_011602,1450
nutrition,454,0.313103448275862,1.0,0.0,1.0,off_011622,1450
nutrition,455,0.3137931034482759,1.0,0.0,1.0,off_011631,1450
nutrition,456,0.3144827586206896,1.0,0.0,1.0,off_011668,1450
nutrition,457,0.3151724137931034,1.0,0.0,1.0,off_011697,1450
nutrition,458,0.3158620689655172,1.0,0.0,1.0,off_011712,1450
nutrition,459,0.316551724137931,1.0,0.0,1.0,off_011719,1450
nutrition,460,0.3172413793103448,1.0,0.0,1.0,off_011754,1450
nutrition,461,0.3179310344827586,1.0,0.0,1.0,off_011755,1450
nutrition,462,0.3186206896551724,1.0,0.0,1.0,off_011774,1450
nutrition,463,0.3193103448275862,1.0,0.0,1.0,off_011778,1450
nutrition,464,0.32,1.0,0.0,1.0,off_011820,1450
nutrition,465,0.3206896551724137,1.0,0.0,1.0,off_011832,1450
nutrition,466,0.3213793103448276,1.0,0.0,1.0,off_011875,1450
nutrition,467,0.3220689655172414,1.0,0.0,1.0,off_011884,1450
nutrition,468,0.3227586206896551,1.0,0.0,1.0,off_011906,1450
nutrition,469,0.323448275862069,1.0,0.0,1.0,off_011961,1450
nutrition,470,0.3241379310344827,1.0,0.0,1.0,off_011963,1450
nutrition,471,0.3248275862068965,1.0,0.0,1.0,off_011983,1450
nutrition,472,0.3255172413793103,1.0,0.0,1.0,off_012027,1450
nutrition,473,0.3262068965517241,1.0,0.0,1.0,off_012093,1450
nutrition,474,0.3268965517241379,1.0,0.0,1.0,off_012095,1450
nutrition,475,0.3275862068965517,1.0,0.0,1.0,off_012118,1450
nutrition,476,0.3282758620689655,1.0,0.0,1.0,off_012159,1450
nutrition,477,0.3289655172413793,1.0,0.0,1.0,off_012163,1450
nutrition,478,0.3296551724137931,1.0,0.0,1.0,off_012183,1450
nutrition,479,0.3303448275862069,1.0,0.0,1.0,off_012192,1450
nutrition,480,0.3310344827586207,1.0,0.0,1.0,off_012195,1450
nutrition,481,0.3317241379310345,1.0,0.0,1.0,off_012269,1450
nutrition,482,0.3324137931034482,1.0,0.0,1.0,off_012282,1450
nutrition,483,0.3331034482758621,1.0,0.0,1.0,off_012324,1450
nutrition,484,0.3337931034482758,1.0,0.0,1.0,off_012327,1450
nutrition,485,0.3344827586206896,1.0,0.0,1.0,off_012371,1450
nutrition,486,0.3351724137931035,1.0,0.0,1.0,off_012403,1450
nutrition,487,0.3358620689655172,1.0,0.0,1.0,off_012493,1450
nutrition,488,0.336551724137931,1.0,0.0,1.0,off_012535,1450
nutrition,489,0.3372413793103448,1.0,0.0,1.0,off_012546,1450
nutrition,490,0.3379310344827586,1.0,0.0,1.0,off_012555,1450
nutrition,491,0.3386206896551724,1.0,0.0,1.0,off_012566,1450
nutrition,492,0.3393103448275862,1.0,0.0,1.0,off_012568,1450
nutrition,493,0.34,1.0,0.0,1.0,off_012636,1450
nutrition,494,0.3406896551724138,1.0,0.0,1.0,off_012689,1450
nutrition,495,0.3413793103448276,1.0,0.0,1.0,off_012701,1450
nutrition,496,0.3420689655172413,1.0,0.0,1.0,off_012723,1450
nutrition,497,0.3427586206896552,1.0,0.0,1.0,off_012735,1450
nutrition,498,0.3434482758620689,1.0,0.0,1.0,off_012744,1450
nutrition,499,0.3441379310344827,1.0,0.0,1.0,off_012764,1450
nutrition,500,0.3448275862068966,1.0,0.0,1.0,off_012766,1450
nutrition,501,0.3455172413793103,1.0,0.0,1.0,off_012777,1450
nutrition,502,0.3462068965517241,1.0,0.0,1.0,off_012830,1450
nutrition,503,0.3468965517241379,1.0,0.0,1.0,off_012852,1450
nutrition,504,0.3475862068965517,1.0,0.0,1.0,off_012855,1450
nutrition,505,0.3482758620689655,1.0,0.0,1.0,off_012863,1450
nutrition,506,0.3489655172413793,1.0,0.0,1.0,off_012885,1450
nutrition,507,0.3496551724137931,1.0,0.0,1.0,off_012889,1450
nutrition,508,0.3503448275862069,1.0,0.0,1.0,off_012918,1450
nutrition,509,0.3510344827586207,1.0,0.0,1.0,off_012943,1450
nutrition,510,0.3517241379310344,1.0,0.0,1.0,off_012965,1450
nutrition,511,0.3524137931034483,1.0,0.0,1.0,off_012966,1450
nutrition,512,0.353103448275862,1.0,0.0,1.0,off_012984,1450
nutrition,513,0.3537931034482758,1.0,0.0,1.0,off_013050,1450
nutrition,514,0.3544827586206897,1.0,0.0,1.0,off_013064,1450
nutrition,515,0.3551724137931034,1.0,0.0,1.0,off_013075,1450
nutrition,516,0.3558620689655172,1.0,0.0,1.0,off_013105,1450
nutrition,517,0.356551724137931,1.0,0.0,1.0,off_013116,1450
nutrition,518,0.3572413793103448,1.0,0.0,1.0,off_013119,1450
nutrition,519,0.3579310344827586,1.0,0.0,1.0,off_013173,1450
nutrition,520,0.3586206896551724,1.0,0.0,1.0,off_013175,1450
nutrition,521,0.3593103448275862,1.0,0.0,1.0,off_013237,1450
nutrition,522,0.36,1.0,0.0,1.0,off_013241,1450
nutrition,523,0.3606896551724138,1.0,0.0,1.0,off_013248,1450
nutrition,524,0.3613793103448275,1.0,0.0,1.0,off_013270,1450
nutrition,525,0.3620689655172414,1.0,0.0,1.0,off_013281,1450
nutrition,526,0.3627586206896552,1.0,0.0,1.0,off_013317,1450
nutrition,527,0.3634482758620689,1.0,0.0,1.0,off_013371,1450
nutrition,528,0.3641379310344828,1.0,0.0,1.0,off_013391,1450
nutrition,529,0.3648275862068965,1.0,0.0,1.0,off_013416,1450
nutrition,530,0.3655172413793103,1.0,0.0,1.0,off_013549,1450
nutrition,531,0.3662068965517241,1.0,0.0,1.0,off_013558,1450
nutrition,532,0.3668965517241379,1.0,0.0,1.0,off_013569,1450
nutrition,533,0.3675862068965517,1.0,0.0,1.0,off_013589,1450
nutrition,534,0.3682758620689655,1.0,0.0,1.0,off_013703,1450
nutrition,535,0.3689655172413793,1.0,0.0,1.0,off_013714,1450
nutrition,536,0.3696551724137931,1.0,0.0,1.0,off_013735,1450
nutrition,537,0.3703448275862069,1.0,0.0,1.0,off_013757,1450
nutrition,538,0.3710344827586206,1.0,0.0,1.0,off_013758,1450
nutrition,539,0.3717241379310345,1.0,0.0,1.0,off_013767,1450
nutrition,540,0.3724137931034483,1.0,0.0,1.0,off_013866,1450
nutrition,541,0.373103448275862,1.0,0.0,1.0,off_013888,1450
nutrition,542,0.3737931034482759,1.0,0.0,1.0,off_013900,1450
nutrition,543,0.3744827586206896,1.0,0.0,1.0,off_013932,1450
nutrition,544,0.3751724137931034,1.0,0.0,1.0,off_013974,1450
nutrition,545,0.3758620689655172,1.0,0.0,1.0,off_013976,1450
nutrition,546,0.376551724137931,1.0,0.0,1.0,off_013999,1450
nutrition,547,0.3772413793103448,1.0,0.0,1.0,off_014007,1450
nutrition,548,0.3779310344827586,1.0,0.0,1.0,off_014054,1450
nutrition,549,0.3786206896551724,1.0,0.0,1.0,off_014077,1450
nutrition,550,0.3793103448275862,1.0,0.0,1.0,off_014084,1450
nutrition,551,0.38,1.0,0.0,1.0,off_014087,1450
nutrition,552,0.3806896551724137,1.0,0.0,1.0,off_014095,1450
nutrition,553,0.3813793103448276,1.0,0.0,1.0,off_014109,1450
nutrition,554,0.3820689655172414,1.0,0.0,1.0,off_014139,1450
nutrition,555,0.3827586206896551,1.0,0.0,1.0,off_014161,1450
nutrition,556,0.383448275862069,1.0,0.0,1.0,off_014183,1450
nutrition,557,0.3841379310344827,1.0,0.0,1.0,off_014218,1450
nutrition,558,0.3848275862068965,1.0,0.0,1.0,off_014253,1450
nutrition,559,0.3855172413793103,1.0,0.0,1.0,off_014263,1450
nutrition,560,0.3862068965517241,1.0,0.0,1.0,off_014271,1450
nutrition,561,0.3868965517241379,1.0,0.0,1.0,off_014328,1450
nutrition,562,0.3875862068965517,1.0,0.0,1.0,off_014370,1450
nutrition,563,0.3882758620689655,1.0,0.0,1.0,off_014405,1450
nutrition,564,0.3889655172413793,1.0,0.0,1.0,off_014440,1450
nutrition,565,0.3896551724137931,1.0,0.0,1.0,off_014449,1450
nutrition,566,0.3903448275862069,1.0,0.0,1.0,off_014450,1450
nutrition,567,0.3910344827586207,1.0,0.0,1.0,off_014612,1450
nutrition,568,0.3917241379310345,1.0,0.0,1.0,off_014615,1450
nutrition,569,0.3924137931034482,1.0,0.0,1.0,off_014637,1450
nutrition,570,0.3931034482758621,1.0,0.0,1.0,off_014638,1450
nutrition,571,0.3937931034482758,1.0,0.0,1.0,off_014645,1450
nutrition,572,0.3944827586206896,1.0,0.0,1.0,off_014649,1450
nutrition,573,0.3951724137931034,1.0,0.0,1.0,off_014671,1450
nutrition,574,0.3958620689655172,1.0,0.0,1.0,off_014678,1450
nutrition,575,0.396551724137931,1.0,0.0,1.0,off_014703,1450
nutrition,576,0.3972413793103448,1.0,0.0,1.0,off_014704,1450
nutrition,577,0.3979310344827586,1.0,0.0,1.0,off_014747,1450
nutrition,578,0.3986206896551724,1.0,0.0,1.0,off_014810,1450
nutrition,579,0.3993103448275862,1.0,0.0,1.0,off_014814,1450
nutrition,580,0.4,1.0,0.0,1.0,off_014854,1450
nutrition,581,0.4006896551724138,1.0,0.0,1.0,off_014856,1450
nutrition,582,0.4013793103448276,1.0,0.0,1.0,off_014890,1450
nutrition,583,0.4020689655172413,1.0,0.0,1.0,off_014912,1450
nutrition,584,0.4027586206896552,1.0,0.0,1.0,off_014978,1450
nutrition,585,0.4034482758620689,1.0,0.0,1.0,off_015008,1450
nutrition,586,0.4041379310344827,1.0,0.0,1.0,off_015034,1450
nutrition,587,0.4048275862068966,1.0,0.0,1.0,off_015063,1450
nutrition,588,0.4055172413793103,1.0,0.0,1.0,off_015133,1450
nutrition,589,0.4062068965517241,1.0,0.0,1.0,off_015153,1450
nutrition,590,0.4068965517241379,1.0,0.0,1.0,off_015154,1450
nutrition,591,0.4075862068965517,1.0,0.0,1.0,off_015173,1450
nutrition,592,0.4082758620689655,1.0,0.0,1.0,off_015176,1450
nutrition,593,0.4089655172413793,1.0,0.0,1.0,off_015206,1450
nutrition,594,0.4096551724137931,1.0,0.0,1.0,off_015231,1450
nutrition,595,0.4103448275862069,1.0,0.0,1.0,off_015308,1450
nutrition,596,0.4110344827586207,1.0,0.0,1.0,off_015316,1450
nutrition,597,0.4117241379310344,1.0,0.0,1.0,off_015327,1450
nutrition,598,0.4124137931034483,1.0,0.0,1.0,off_015329,1450
nutrition,599,0.4131034482758621,1.0,0.0,1.0,off_015331,1450
nutrition,600,0.4137931034482758,1.0,0.0,1.0,off_015338,1450
nutrition,601,0.4144827586206897,1.0,0.0,1.0,off_015351,1450
nutrition,602,0.4151724137931034,1.0,0.0,1.0,off_015364,1450
nutrition,603,0.4158620689655172,1.0,0.0,1.0,off_015396,1450
nutrition,604,0.416551724137931,1.0,0.0,1.0,off_015406,1450
nutrition,605,0.4172413793103448,1.0,0.0,1.0,off_015448,1450
nutrition,606,0.4179310344827586,1.0,0.0,1.0,off_015451,1450
nutrition,607,0.4186206896551724,1.0,0.0,1.0,off_015459,1450
nutrition,608,0.4193103448275862,1.0,0.0,1.0,off_015503,1450
nutrition,609,0.42,1.0,0.0,1.0,off_015573,1450
nutrition,610,0.4206896551724138,1.0,0.0,1.0,off_015580,1450
nutrition,611,0.4213793103448275,1.0,0.0,1.0,off_015583,1450
nutrition,612,0.4220689655172414,1.0,0.0,1.0,off_015591,1450
nutrition,613,0.4227586206896552,1.0,0.0,1.0,off_015716,1450
nutrition,614,0.4234482758620689,1.0,0.0,1.0,off_015771,1450
nutrition,615,0.4241379310344828,1.0,0.0,1.0,off_015792,1450
nutrition,616,0.4248275862068965,1.0,0.0,1.0,off_015800,1450
nutrition,617,0.4255172413793103,1.0,0.0,1.0,off_015814,1450
nutrition,618,0.4262068965517241,1.0,0.0,1.0,off_015846,1450
nutrition,619,0.4268965517241379,1.0,0.0,1.0,off_015848,1450
nutrition,620,0.4275862068965517,1.0,0.0,1.0,off_015912,1450
nutrition,621,0.4282758620689655,1.0,0.0,1.0,off_015978,1450
nutrition,622,0.4289655172413793,1.0,0.0,1.0,off_016024,1450
nutrition,623,0.4296551724137931,1.0,0.0,1.0,off_016044,1450
nutrition,624,0.4303448275862069,1.0,0.0,1.0,off_016057,1450
nutrition,625,0.4310344827586206,1.0,0.0,1.0,off_016090,1450
nutrition,626,0.4317241379310345,1.0,0.0,1.0,off_016163,1450
nutrition,627,0.4324137931034483,1.0,0.0,1.0,off_016166,1450
nutrition,628,0.433103448275862,1.0,0.0,1.0,off_016176,1450
nutrition,629,0.4337931034482759,1.0,0.0,1.0,off_016189,1450
nutrition,630,0.4344827586206896,1.0,0.0,1.0,off_016218,1450
nutrition,631,0.4351724137931034,1.0,0.0,1.0,off_016222,1450
nutrition,632,0.4358620689655172,1.0,0.0,1.0,off_016275,1450
nutrition,633,0.436551724137931,1.0,0.0,1.0,off_016284,1450
nutrition,634,0.4372413793103448,1.0,0.0,1.0,off_016350,1450
nutrition,635,0.4379310344827586,1.0,0.0,1.0,off_016394,1450
nutrition,636,0.4386206896551724,1.0,0.0,1.0,off_016462,1450
nutrition,637,0.4393103448275862,1.0,0.0,1.0,off_016495,1450
nutrition,638,0.44,1.0,0.0,1.0,off_016515,1450
nutrition,639,0.4406896551724138,1.0,0.0,1.0,off_016526,1450
nutrition,640,0.4413793103448276,1.0,0.0,1.0,off_016529,1450
nutrition,641,0.4420689655172414,1.0,0.0,1.0,off_016541,1450
nutrition,642,0.4427586206896551,1.0,0.0,1.0,off_016573,1450
nutrition,643,0.443448275862069,1.0,0.0,1.0,off_016647,1450
nutrition,644,0.4441379310344827,1.0,0.0,1.0,off_016673,1450
nutrition,645,0.4448275862068965,1.0,0.0,1.0,off_016702,1450
nutrition,646,0.4455172413793103,1.0,0.0,1.0,off_016715,1450
nutrition,647,0.4462068965517241,1.0,0.0,1.0,off_016757,1450
nutrition,648,0.4468965517241379,1.0,0.0,1.0,off_016793,1450
nutrition,649,0.4475862068965517,1.0,0.0,1.0,off_016845,1450
nutrition,650,0.4482758620689655,1.0,0.0,1.0,off_016878,1450
nutrition,651,0.4489655172413793,1.0,0.0,1.0,off_016944,1450
nutrition,652,0.4496551724137931,1.0,0.0,1.0,off_016968,1450
nutrition,653,0.4503448275862069,1.0,0.0,1.0,off_016979,1450
nutrition,654,0.4510344827586207,1.0,0.0,1.0,off_016981,1450
nutrition,655,0.4517241379310345,1.0,0.0,1.0,off_016999,1450
nutrition,656,0.4524137931034482,1.0,0.0,1.0,off_017002,1450
nutrition,657,0.4531034482758621,1.0,0.0,1.0,off_017012,1450
nutrition,658,0.4537931034482758,1.0,0.0,1.0,off_017024,1450
nutrition,659,0.4544827586206896,1.0,0.0,1.0,off_017054,1450
nutrition,660,0.4551724137931034,1.0,0.0,1.0,off_017056,1450
nutrition,661,0.4558620689655172,1.0,0.0,1.0,off_017120,1450
nutrition,662,0.456551724137931,1.0,0.0,1.0,off_017153,1450
nutrition,663,0.4572413793103448,1.0,0.0,1.0,off_017167,1450
nutrition,664,0.4579310344827586,1.0,0.0,1.0,off_017168,1450
nutrition,665,0.4586206896551724,1.0,0.0,1.0,off_017199,1450
nutrition,666,0.4593103448275862,1.0,0.0,1.0,off_017210,1450
nutrition,667,0.46,1.0,0.0,1.0,off_017243,1450
nutrition,668,0.4606896551724138,1.0,0.0,1.0,off_017288,1450
nutrition,669,0.4613793103448276,1.0,0.0,1.0,off_017310,1450
nutrition,670,0.4620689655172413,1.0,0.0,1.0,off_017340,1450
nutrition,671,0.4627586206896552,1.0,0.0,1.0,off_017362,1450
nutrition,672,0.463448275862069,1.0,0.0,1.0,off_017454,1450
nutrition,673,0.4641379310344827,1.0,0.0,1.0,off_017538,1450
nutrition,674,0.4648275862068965,1.0,0.0,1.0,off_017596,1450
nutrition,675,0.4655172413793103,1.0,0.0,1.0,off_017607,1450
nutrition,676,0.4662068965517241,1.0,0.0,1.0,off_017617,1450
nutrition,677,0.4668965517241379,1.0,0.0,1.0,off_017629,1450
nutrition,678,0.4675862068965517,1.0,0.0,1.0,off_017637,1450
nutrition,679,0.4682758620689655,1.0,0.0,1.0,off_017641,1450
nutrition,680,0.4689655172413793,1.0,0.0,1.0,off_017674,1450
nutrition,681,0.4696551724137931,1.0,0.0,1.0,off_017758,1450
nutrition,682,0.4703448275862069,1.0,0.0,1.0,off_017772,1450
nutrition,683,0.4710344827586207,1.0,0.0,1.0,off_017791,1450
nutrition,684,0.4717241379310344,1.0,0.0,1.0,off_017794,1450
nutrition,685,0.4724137931034483,1.0,0.0,1.0,off_017839,1450
nutrition,686,0.4731034482758621,1.0,0.0,1.0,off_017872,1450
nutrition,687,0.4737931034482758,1.0,0.0,1.0,off_017892,1450
nutrition,688,0.4744827586206896,1.0,0.0,1.0,off_017901,1450
nutrition,689,0.4751724137931034,1.0,0.0,1.0,off_017936,1450
nutrition,690,0.4758620689655172,1.0,0.0,1.0,off_017938,1450
nutrition,691,0.476551724137931,1.0,0.0,1.0,off_017945,1450
nutrition,692,0.4772413793103448,1.0,0.0,1.0,off_017947,1450
nutrition,693,0.4779310344827586,1.0,0.0,1.0,off_017969,1450
nutrition,694,0.4786206896551724,1.0,0.0,1.0,off_017982,1450
nutrition,695,0.4793103448275862,1.0,0.0,1.0,off_018022,1450
nutrition,696,0.48,1.0,0.0,1.0,off_018059,1450
nutrition,697,0.4806896551724138,1.0,0.0,1.0,off_018066,1450
nutrition,698,0.4813793103448275,1.0,0.0,1.0,off_018103,1450
nutrition,699,0.4820689655172414,1.0,0.0,1.0,off_018154,1450
nutrition,700,0.4827586206896552,1.0,0.0,1.0,off_018244,1450
nutrition,701,0.4834482758620689,1.0,0.0,1.0,off_018266,1450
nutrition,702,0.4841379310344827,1.0,0.0,1.0,off_018279,1450
nutrition,703,0.4848275862068965,1.0,0.0,1.0,off_018297,1450
nutrition,704,0.4855172413793103,1.0,0.0,1.0,off_018308,1450
nutrition,705,0.4862068965517241,1.0,0.0,1.0,off_018354,1450
nutrition,706,0.4868965517241379,1.0,0.0,1.0,off_018385,1450
nutrition,707,0.4875862068965517,1.0,0.0,1.0,off_018407,1450
nutrition,708,0.4882758620689655,1.0,0.0,1.0,off_018420,1450
nutrition,709,0.4889655172413793,1.0,0.0,1.0,off_018476,1450
nutrition,710,0.4896551724137931,1.0,0.0,1.0,off_018520,1450
nutrition,711,0.4903448275862069,1.0,0.0,1.0,off_018564,1450
nutrition,712,0.4910344827586207,1.0,0.0,1.0,off_018572,1450
nutrition,713,0.4917241379310345,1.0,0.0,1.0,off_018640,1450
nutrition,714,0.4924137931034483,1.0,0.0,1.0,off_018649,1450
nutrition,715,0.493103448275862,1.0,0.0,1.0,off_018660,1450
nutrition,716,0.4937931034482758,1.0,0.0,1.0,off_018663,1450
nutrition,717,0.4944827586206896,1.0,0.0,1.0,off_018704,1450
nutrition,718,0.4951724137931034,1.0,0.0,1.0,off_018726,1450
nutrition,719,0.4958620689655172,1.0,0.0,1.0,off_018763,1450
nutrition,720,0.496551724137931,1.0,0.0,1.0,off_018849,1450
nutrition,721,0.4972413793103448,1.0,0.0,1.0,off_018862,1450
nutrition,722,0.4979310344827586,1.0,0.0,1.0,off_018891,1450
nutrition,723,0.4986206896551724,1.0,0.0,1.0,off_018913,1450
nutrition,724,0.4993103448275862,1.0,0.0,1.0,off_018935,1450
nutrition,725,0.5,1.0,0.0,1.0,off_018957,1450
nutrition,726,0.5006896551724138,1.0,0.0,1.0,off_019025,1450
nutrition,727,0.5013793103448276,1.0,0.0,1.0,off_019026,1450
nutrition,728,0.5020689655172413,1.0,0.0,1.0,off_019126,1450
nutrition,729,0.5027586206896552,1.0,0.0,1.0,off_019170,1450
nutrition,730,0.503448275862069,1.0,0.0,1.0,off_019199,1450
nutrition,731,0.5041379310344828,1.0,0.0,1.0,off_019221,1450
nutrition,732,0.5048275862068966,1.0,0.0,1.0,off_019232,1450
nutrition,733,0.5055172413793103,1.0,0.0,1.0,off_019246,1450
nutrition,734,0.5062068965517241,1.0,0.0,1.0,off_019302,1450
nutrition,735,0.506896551724138,1.0,0.0,1.0,off_019320,1450
nutrition,736,0.5075862068965518,1.0,0.0,1.0,off_019366,1450
nutrition,737,0.5082758620689655,1.0,0.0,1.0,off_019368,1450
nutrition,738,0.5089655172413793,1.0,0.0,1.0,off_019401,1450
nutrition,739,0.5096551724137931,1.0,0.0,1.0,off_019408,1450
nutrition,740,0.5103448275862069,1.0,0.0,1.0,off_019423,1450
nutrition,741,0.5110344827586207,1.0,0.0,1.0,off_019444,1450
nutrition,742,0.5117241379310344,1.0,0.0,1.0,off_019445,1450
nutrition,743,0.5124137931034483,1.0,0.0,1.0,off_019531,1450
nutrition,744,0.5131034482758621,1.0,0.0,1.0,off_019562,1450
nutrition,745,0.5137931034482759,1.0,0.0,1.0,off_019610,1450
nutrition,746,0.5144827586206897,1.0,0.0,1.0,off_019654,1450
nutrition,747,0.5151724137931034,1.0,0.0,1.0,off_019696,1450
nutrition,748,0.5158620689655172,1.0,0.0,1.0,off_019742,1450
nutrition,749,0.516551724137931,1.0,0.0,1.0,off_019771,1450
nutrition,750,0.5172413793103449,1.0,0.0,1.0,off_019797,1450
nutrition,751,0.5179310344827586,1.0,0.0,1.0,off_019807,1450
nutrition,752,0.5186206896551724,1.0,0.0,1.0,off_019837,1450
nutrition,753,0.5193103448275862,1.0,0.0,1.0,off_019839,1450
nutrition,754,0.52,1.0,0.0,1.0,off_019872,1450
nutrition,755,0.5206896551724138,1.0,0.0,1.0,off_020049,1450
nutrition,756,0.5213793103448275,1.0,0.0,1.0,off_020060,1450
nutrition,757,0.5220689655172414,1.0,0.0,1.0,off_020061,1450
nutrition,758,0.5227586206896552,1.0,0.0,1.0,off_020101,1450
nutrition,759,0.523448275862069,1.0,0.0,1.0,off_020134,1450
nutrition,760,0.5241379310344828,1.0,0.0,1.0,off_020270,1450
nutrition,761,0.5248275862068965,1.0,0.0,1.0,off_020277,1450
nutrition,762,0.5255172413793103,1.0,0.0,1.0,off_020314,1450
nutrition,763,0.5262068965517241,1.0,0.0,1.0,off_020321,1450
nutrition,764,0.526896551724138,1.0,0.0,1.0,off_020324,1450
nutrition,765,0.5275862068965518,1.0,0.0,1.0,off_020356,1450
nutrition,766,0.5282758620689655,1.0,0.0,1.0,off_020357,1450
nutrition,767,0.5289655172413793,1.0,0.0,1.0,off_020376,1450
nutrition,768,0.5296551724137931,1.0,0.0,1.0,off_020409,1450
nutrition,769,0.5303448275862069,1.0,0.0,1.0,off_020412,1450
nutrition,770,0.5310344827586206,1.0,0.0,1.0,off_020444,1450
nutrition,771,0.5317241379310345,1.0,0.0,1.0,off_020445,1450
nutrition,772,0.5324137931034483,1.0,0.0,1.0,off_020477,1450
nutrition,773,0.5331034482758621,1.0,0.0,1.0,off_020519,1450
nutrition,774,0.5337931034482759,1.0,0.0,1.0,off_020521,1450
nutrition,775,0.5344827586206896,1.0,0.0,1.0,off_020530,1450
nutrition,776,0.5351724137931034,1.0,0.0,1.0,off_020555,1450
nutrition,777,0.5358620689655172,1.0,0.0,1.0,off_020578,1450
nutrition,778,0.5365517241379311,1.0,0.0,1.0,off_020618,1450
nutrition,779,0.5372413793103449,1.0,0.0,1.0,off_020621,1450
nutrition,780,0.5379310344827586,1.0,0.0,1.0,off_020662,1450
nutrition,781,0.5386206896551724,1.0,0.0,1.0,off_020673,1450
nutrition,782,0.5393103448275862,1.0,0.0,1.0,off_020686,1450
nutrition,783,0.54,1.0,0.0,1.0,off_020699,1450
nutrition,784,0.5406896551724137,1.0,0.0,1.0,off_020765,1450
nutrition,785,0.5413793103448276,1.0,0.0,1.0,off_020774,1450
nutrition,786,0.5420689655172414,1.0,0.0,1.0,off_020818,1450
nutrition,787,0.5427586206896552,1.0,0.0,1.0,off_020860,1450
nutrition,788,0.543448275862069,1.0,0.0,1.0,off_020882,1450
nutrition,789,0.5441379310344827,1.0,0.0,1.0,off_020939,1450
nutrition,790,0.5448275862068965,1.0,0.0,1.0,off_020959,1450
nutrition,791,0.5455172413793103,1.0,0.0,1.0,off_020992,1450
nutrition,792,0.5462068965517242,1.0,0.0,1.0,off_020995,1450
nutrition,793,0.546896551724138,1.0,0.0,1.0,off_020996,1450
nutrition,794,0.5475862068965517,1.0,0.0,1.0,off_021038,1450
nutrition,795,0.5482758620689655,1.0,0.0,1.0,off_021062,1450
nutrition,796,0.5489655172413793,1.0,0.0,1.0,off_021071,1450
nutrition,797,0.5496551724137931,1.0,0.0,1.0,off_021082,1450
nutrition,798,0.5503448275862068,1.0,0.0,1.0,off_021146,1450
nutrition,799,0.5510344827586207,1.0,0.0,1.0,off_021203,1450
nutrition,800,0.5517241379310345,1.0,0.0,1.0,off_021282,1450
nutrition,801,0.5524137931034483,1.0,0.0,1.0,off_021335,1450
nutrition,802,0.5531034482758621,1.0,0.0,1.0,off_021401,1450
nutrition,803,0.5537931034482758,1.0,0.0,1.0,off_021425,1450
nutrition,804,0.5544827586206896,1.0,0.0,1.0,off_021434,1450
nutrition,805,0.5551724137931034,1.0,0.0,1.0,off_021458,1450
nutrition,806,0.5558620689655173,1.0,0.0,1.0,off_021469,1450
nutrition,807,0.5565517241379311,1.0,0.0,1.0,off_021502,1450
nutrition,808,0.5572413793103448,1.0,0.0,1.0,off_021511,1450
nutrition,809,0.5579310344827586,1.0,0.0,1.0,off_021546,1450
nutrition,810,0.5586206896551724,1.0,0.0,1.0,off_021557,1450
nutrition,811,0.5593103448275862,1.0,0.0,1.0,off_021567,1450
nutrition,812,0.56,1.0,0.0,1.0,off_021619,1450
nutrition,813,0.5606896551724138,1.0,0.0,1.0,off_021630,1450
nutrition,814,0.5613793103448276,1.0,0.0,1.0,off_021643,1450
nutrition,815,0.5620689655172414,1.0,0.0,1.0,off_021652,1450
nutrition,816,0.5627586206896552,1.0,0.0,1.0,off_021666,1450
nutrition,817,0.5634482758620689,1.0,0.0,1.0,off_021667,1450
nutrition,818,0.5641379310344827,1.0,0.0,1.0,off_021743,1450
nutrition,819,0.5648275862068965,1.0,0.0,1.0,off_021753,1450
nutrition,820,0.5655172413793104,1.0,0.0,1.0,off_021755,1450
nutrition,821,0.5662068965517242,1.0,0.0,1.0,off_021830,1450
nutrition,822,0.5668965517241379,1.0,0.0,1.0,off_021942,1450
nutrition,823,0.5675862068965517,1.0,0.0,1.0,off_022059,1450
nutrition,824,0.5682758620689655,1.0,0.0,1.0,off_022070,1450
nutrition,825,0.5689655172413793,1.0,0.0,1.0,off_022084,1450
nutrition,826,0.5696551724137932,1.0,0.0,1.0,off_022151,1450
nutrition,827,0.5703448275862069,1.0,0.0,1.0,off_022169,1450
nutrition,828,0.5710344827586207,1.0,0.0,1.0,off_022180,1450
nutrition,829,0.5717241379310345,1.0,0.0,1.0,off_022194,1450
nutrition,830,0.5724137931034483,1.0,0.0,1.0,off_022314,1450
nutrition,831,0.573103448275862,1.0,0.0,1.0,off_022360,1450
nutrition,832,0.5737931034482758,1.0,0.0,1.0,off_022378,1450
nutrition,833,0.5744827586206896,1.0,0.0,1.0,off_022413,1450
nutrition,834,0.5751724137931035,1.0,0.0,1.0,off_022490,1450
nutrition,835,0.5758620689655173,1.0,0.0,1.0,off_022491,1450
nutrition,836,0.576551724137931,1.0,0.0,1.0,off_022514,1450
nutrition,837,0.5772413793103448,1.0,0.0,1.0,off_022532,1450
nutrition,838,0.5779310344827586,1.0,0.0,1.0,off_022535,1450
nutrition,839,0.5786206896551724,1.0,0.0,1.0,off_022554,1450
nutrition,840,0.5793103448275863,1.0,0.0,1.0,off_022565,1450
nutrition,841,0.58,1.0,0.0,1.0,off_022733,1450
nutrition,842,0.5806896551724138,1.0,0.0,1.0,off_022765,1450
nutrition,843,0.5813793103448276,1.0,0.0,1.0,off_022844,1450
nutrition,844,0.5820689655172414,1.0,0.0,1.0,off_022895,1450
nutrition,845,0.5827586206896552,1.0,0.0,1.0,off_022908,1450
nutrition,846,0.5834482758620689,1.0,0.0,1.0,off_022921,1450
nutrition,847,0.5841379310344827,1.0,0.0,1.0,off_022943,1450
nutrition,848,0.5848275862068966,1.0,0.0,1.0,off_022994,1450
nutrition,849,0.5855172413793104,1.0,0.0,1.0,off_022998,1450
nutrition,850,0.5862068965517241,1.0,0.0,1.0,off_023029,1450
nutrition,851,0.5868965517241379,1.0,0.0,1.0,off_023030,1450
nutrition,852,0.5875862068965517,1.0,0.0,1.0,off_023031,1450
nutrition,853,0.5882758620689655,1.0,0.0,1.0,off_023053,1450
nutrition,854,0.5889655172413794,1.0,0.0,1.0,off_023104,1450
nutrition,855,0.5896551724137931,1.0,0.0,1.0,off_023174,1450
nutrition,856,0.5903448275862069,1.0,0.0,1.0,off_023205,1450
nutrition,857,0.5910344827586207,1.0,0.0,1.0,off_023214,1450
nutrition,858,0.5917241379310345,1.0,0.0,1.0,off_023361,1450
nutrition,859,0.5924137931034483,1.0,0.0,1.0,off_023368,1450
nutrition,860,0.593103448275862,1.0,0.0,1.0,off_023372,1450
nutrition,861,0.5937931034482758,1.0,0.0,1.0,off_023382,1450
nutrition,862,0.5944827586206897,1.0,0.0,1.0,off_023438,1450
nutrition,863,0.5951724137931035,1.0,0.0,1.0,off_023445,1450
nutrition,864,0.5958620689655172,1.0,0.0,1.0,off_023478,1450
nutrition,865,0.596551724137931,1.0,0.0,1.0,off_023482,1450
nutrition,866,0.5972413793103448,1.0,0.0,1.0,off_023492,1450
nutrition,867,0.5979310344827586,1.0,0.0,1.0,off_023500,1450
nutrition,868,0.5986206896551725,1.0,0.0,1.0,off_023558,1450
nutrition,869,0.5993103448275862,1.0,0.0,1.0,off_023569,1450
nutrition,870,0.6,1.0,0.0,1.0,off_023613,1450
nutrition,871,0.6006896551724138,1.0,0.0,1.0,off_023654,1450
nutrition,872,0.6013793103448276,1.0,0.0,1.0,off_023679,1450
nutrition,873,0.6020689655172414,1.0,0.0,1.0,off_023687,1450
nutrition,874,0.6027586206896551,1.0,0.0,1.0,off_023709,1450
nutrition,875,0.603448275862069,1.0,0.0,1.0,off_023766,1450
nutrition,876,0.6041379310344828,1.0,0.0,1.0,off_023775,1450
nutrition,877,0.6048275862068966,1.0,0.0,1.0,off_023789,1450
nutrition,878,0.6055172413793104,1.0,0.0,1.0,off_023808,1450
nutrition,879,0.6062068965517241,1.0,0.0,1.0,off_023921,1450
nutrition,880,0.6068965517241379,1.0,0.0,1.0,off_023922,1450
nutrition,881,0.6075862068965517,1.0,0.0,1.0,off_023953,1450
nutrition,882,0.6082758620689656,1.0,0.0,1.0,off_024028,1450
nutrition,883,0.6089655172413793,1.0,0.0,1.0,off_024052,1450
nutrition,884,0.6096551724137931,1.0,0.0,1.0,off_024065,1450
nutrition,885,0.6103448275862069,1.0,0.0,1.0,off_024075,1450
nutrition,886,0.6110344827586207,1.0,0.0,1.0,off_024083,1450
nutrition,887,0.6117241379310345,1.0,0.0,1.0,off_024140,1450
nutrition,888,0.6124137931034482,1.0,0.0,1.0,off_024152,1450
nutrition,889,0.613103448275862,1.0,0.0,1.0,off_024182,1450
nutrition,890,0.6137931034482759,1.0,0.0,1.0,off_024185,1450
nutrition,891,0.6144827586206897,1.0,0.0,1.0,off_024230,1450
nutrition,892,0.6151724137931035,1.0,0.0,1.0,off_024262,1450
nutrition,893,0.6158620689655172,1.0,0.0,1.0,off_024305,1450
nutrition,894,0.616551724137931,1.0,0.0,1.0,off_024306,1450
nutrition,895,0.6172413793103448,1.0,0.0,1.0,off_024325,1450
nutrition,896,0.6179310344827587,1.0,0.0,1.0,off_024339,1450
nutrition,897,0.6186206896551724,1.0,0.0,1.0,off_024340,1450
nutrition,898,0.6193103448275862,1.0,0.0,1.0,off_024380,1450
nutrition,899,0.62,1.0,0.0,1.0,off_024435,1450
nutrition,900,0.6206896551724138,1.0,0.0,1.0,off_024470,1450
nutrition,901,0.6213793103448276,1.0,0.0,1.0,off_024482,1450
nutrition,902,0.6220689655172413,1.0,0.0,1.0,off_024525,1450
nutrition,903,0.6227586206896552,1.0,0.0,1.0,off_024549,1450
nutrition,904,0.623448275862069,1.0,0.0,1.0,off_024559,1450
nutrition,905,0.6241379310344828,1.0,0.0,1.0,off_024571,1450
nutrition,906,0.6248275862068966,1.0,0.0,1.0,off_024658,1450
nutrition,907,0.6255172413793103,1.0,0.0,1.0,off_024713,1450
nutrition,908,0.6262068965517241,1.0,0.0,1.0,off_024714,1450
nutrition,909,0.6268965517241379,1.0,0.0,1.0,off_024723,1450
nutrition,910,0.6275862068965518,1.0,0.0,1.0,off_024822,1450
nutrition,911,0.6282758620689655,1.0,0.0,1.0,off_024879,1450
nutrition,912,0.6289655172413793,1.0,0.0,1.0,off_024908,1450
nutrition,913,0.6296551724137931,1.0,0.0,1.0,off_024921,1450
nutrition,914,0.6303448275862069,1.0,0.0,1.0,off_024945,1450
nutrition,915,0.6310344827586207,1.0,0.0,1.0,off_025018,1450
nutrition,916,0.6317241379310344,1.0,0.0,1.0,off_025029,1450
nutrition,917,0.6324137931034483,1.0,0.0,1.0,off_025054,1450
nutrition,918,0.6331034482758621,1.0,0.0,1.0,off_025062,1450
nutrition,919,0.6337931034482759,1.0,0.0,1.0,off_025110,1450
nutrition,920,0.6344827586206897,1.0,0.0,1.0,off_025131,1450
nutrition,921,0.6351724137931034,1.0,0.0,1.0,off_025132,1450
nutrition,922,0.6358620689655172,1.0,0.0,1.0,off_025154,1450
nutrition,923,0.636551724137931,1.0,0.0,1.0,off_025186,1450
nutrition,924,0.6372413793103449,1.0,0.0,1.0,off_025208,1450
nutrition,925,0.6379310344827587,1.0,0.0,1.0,off_025326,1450
nutrition,926,0.6386206896551724,1.0,0.0,1.0,off_025469,1450
nutrition,927,0.6393103448275862,1.0,0.0,1.0,off_025473,1450
nutrition,928,0.64,1.0,0.0,1.0,off_025495,1450
nutrition,929,0.6406896551724138,1.0,0.0,1.0,off_025513,1450
nutrition,930,0.6413793103448275,1.0,0.0,1.0,off_025535,1450
nutrition,931,0.6420689655172414,1.0,0.0,1.0,off_025537,1450
nutrition,932,0.6427586206896552,1.0,0.0,1.0,off_025559,1450
nutrition,933,0.643448275862069,1.0,0.0,1.0,off_025579,1450
nutrition,934,0.6441379310344828,1.0,0.0,1.0,off_025594,1450
nutrition,935,0.6448275862068965,1.0,0.0,1.0,off_025604,1450
nutrition,936,0.6455172413793103,1.0,0.0,1.0,off_025670,1450
nutrition,937,0.6462068965517241,1.0,0.0,1.0,off_025671,1450
nutrition,938,0.646896551724138,1.0,0.0,1.0,off_025704,1450
nutrition,939,0.6475862068965518,1.0,0.0,1.0,off_025744,1450
nutrition,940,0.6482758620689655,1.0,0.0,1.0,off_025854,1450
nutrition,941,0.6489655172413793,1.0,0.0,1.0,off_025868,1450
nutrition,942,0.6496551724137931,1.0,0.0,1.0,off_025869,1450
nutrition,943,0.6503448275862069,1.0,0.0,1.0,off_025878,1450
nutrition,944,0.6510344827586206,1.0,0.0,1.0,off_025900,1450
nutrition,945,0.6517241379310345,1.0,0.0,1.0,off_025912,1450
nutrition,946,0.6524137931034483,1.0,0.0,1.0,off_025935,1450
nutrition,947,0.6531034482758621,1.0,0.0,1.0,off_025986,1450
nutrition,948,0.6537931034482759,1.0,0.0,1.0,off_026019,1450
nutrition,949,0.6544827586206896,1.0,0.0,1.0,off_026030,1450
nutrition,950,0.6551724137931034,1.0,0.0,1.0,off_026098,1450
nutrition,951,0.6558620689655172,1.0,0.0,1.0,off_026118,1450
nutrition,952,0.6565517241379311,1.0,0.0,1.0,off_026122,1450
nutrition,953,0.6572413793103449,1.0,0.0,1.0,off_026129,1450
nutrition,954,0.6579310344827586,1.0,0.0,1.0,off_026162,1450
nutrition,955,0.6586206896551724,1.0,0.0,1.0,off_026165,1450
nutrition,956,0.6593103448275862,1.0,0.0,1.0,off_026173,1450
nutrition,957,0.66,1.0,0.0,1.0,off_026187,1450
nutrition,958,0.6606896551724138,1.0,0.0,1.0,off_026195,1450
nutrition,959,0.6613793103448276,1.0,0.0,1.0,off_026199,1450
nutrition,960,0.6620689655172414,1.0,0.0,1.0,off_026208,1450
nutrition,961,0.6627586206896552,1.0,0.0,1.0,off_026242,1450
nutrition,962,0.663448275862069,1.0,0.0,1.0,off_026253,1450
nutrition,963,0.6641379310344827,1.0,0.0,1.0,off_026272,1450
nutrition,964,0.6648275862068965,1.0,0.0,1.0,off_026286,1450
nutrition,965,0.6655172413793103,1.0,0.0,1.0,off_026294,1450
nutrition,966,0.6662068965517242,1.0,0.0,1.0,off_026296,1450
nutrition,967,0.666896551724138,1.0,0.0,1.0,off_026404,1450
nutrition,968,0.6675862068965517,1.0,0.0,1.0,off_026415,1450
nutrition,969,0.6682758620689655,1.0,0.0,1.0,off_026418,1450
nutrition,970,0.6689655172413793,1.0,0.0,1.0,off_026440,1450
nutrition,971,0.6696551724137931,1.0,0.0,1.0,off_026451,1450
nutrition,972,0.670344827586207,1.0,0.0,1.0,off_026483,1450
nutrition,973,0.6710344827586207,1.0,0.0,1.0,off_026496,1450
nutrition,974,0.6717241379310345,1.0,0.0,1.0,off_026516,1450
nutrition,975,0.6724137931034483,1.0,0.0,1.0,off_026562,1450
nutrition,976,0.6731034482758621,1.0,0.0,1.0,off_026591,1450
nutrition,977,0.6737931034482758,1.0,0.0,1.0,off_026681,1450
nutrition,978,0.6744827586206896,1.0,0.0,1.0,off_026704,1450
nutrition,979,0.6751724137931034,1.0,0.0,1.0,off_026705,1450
nutrition,980,0.6758620689655173,1.0,0.0,1.0,off_026811,1450
nutrition,981,0.6765517241379311,1.0,0.0,1.0,off_026815,1450
nutrition,982,0.6772413793103448,1.0,0.0,1.0,off_026844,1450
nutrition,983,0.6779310344827586,1.0,0.0,1.0,off_026857,1450
nutrition,984,0.6786206896551724,1.0,0.0,1.0,off_026921,1450
nutrition,985,0.6793103448275862,1.0,0.0,1.0,off_026943,1450
nutrition,986,0.68,1.0,0.0,1.0,off_026947,1450
nutrition,987,0.6806896551724138,1.0,0.0,1.0,off_026968,1450
nutrition,988,0.6813793103448276,1.0,0.0,1.0,off_027000,1450
nutrition,989,0.6820689655172414,1.0,0.0,1.0,off_027011,1450
nutrition,990,0.6827586206896552,1.0,0.0,1.0,off_027013,1450
nutrition,991,0.6834482758620689,1.0,0.0,1.0,off_027053,1450
nutrition,992,0.6841379310344827,1.0,0.0,1.0,off_027064,1450
nutrition,993,0.6848275862068965,1.0,0.0,1.0,off_027066,1450
nutrition,994,0.6855172413793104,1.0,0.0,1.0,off_027110,1450
nutrition,995,0.6862068965517242,1.0,0.0,1.0,off_027130,1450
nutrition,996,0.6868965517241379,1.0,0.0,1.0,off_027143,1450
nutrition,997,0.6875862068965517,1.0,0.0,1.0,off_027152,1450
nutrition,998,0.6882758620689655,1.0,0.0,1.0,off_027177,1450
nutrition,999,0.6889655172413793,1.0,0.0,1.0,off_027251,1450
nutrition,1000,0.6896551724137931,1.0,0.0,1.0,off_027273,1450
nutrition,1001,0.6903448275862069,1.0,0.0,1.0,off_027276,1450
nutrition,1002,0.6910344827586207,1.0,0.0,1.0,off_027319,1450
nutrition,1003,0.6917241379310345,1.0,0.0,1.0,off_027352,1450
nutrition,1004,0.6924137931034483,1.0,0.0,1.0,off_027364,1450
nutrition,1005,0.6931034482758621,1.0,0.0,1.0,off_027386,1450
nutrition,1006,0.6937931034482758,1.0,0.0,1.0,off_027408,1450
nutrition,1007,0.6944827586206896,1.0,0.0,1.0,off_027419,1450
nutrition,1008,0.6951724137931035,1.0,0.0,1.0,off_027441,1450
nutrition,1009,0.6958620689655173,1.0,0.0,1.0,off_027471,1450
sustainability,1,0.0009624639076034,1.0,0.0,1.0,off_000126,1039
sustainability,2,0.0019249278152069,1.0,0.0,1.0,off_000137,1039
sustainability,3,0.0028873917228103,1.0,0.0,1.0,off_000148,1039
sustainability,4,0.0038498556304138,1.0,0.0,1.0,off_000236,1039
sustainability,5,0.0048123195380173,1.0,0.0,1.0,off_000317,1039
sustainability,6,0.0057747834456207,1.0,0.0,1.0,off_000329,1039
sustainability,7,0.0067372473532242,0.8571428571428572,0.1428571428571428,1.0,off_000417,1039
sustainability,8,0.0076997112608277,0.875,0.125,1.0,off_000460,1039
sustainability,9,0.0086621751684311,0.8888888888888888,0.1111111111111111,1.0,off_000489,1039
sustainability,10,0.0096246390760346,0.9,0.1,1.0,off_000533,1039
sustainability,11,0.0105871029836381,0.8181818181818181,0.1818181818181818,1.0,off_000637,1039
sustainability,12,0.0115495668912415,0.8333333333333334,0.1666666666666666,1.0,off_000676,1039
sustainability,13,0.012512030798845,0.8461538461538461,0.1538461538461538,1.0,off_000725,1039
sustainability,14,0.0134744947064485,0.8571428571428572,0.1428571428571428,1.0,off_000885,1039
sustainability,15,0.0144369586140519,0.8666666666666667,0.1333333333333333,1.0,off_000940,1039
sustainability,16,0.0153994225216554,0.875,0.125,1.0,off_001017,1039
sustainability,17,0.0163618864292589,0.8823529411764706,0.1176470588235294,1.0,off_001072,1039
sustainability,18,0.0173243503368623,0.8888888888888888,0.1111111111111111,1.0,off_001127,1039
sustainability,19,0.0182868142444658,0.8947368421052632,0.1052631578947368,1.0,off_001153,1039
sustainability,20,0.0192492781520692,0.9,0.1,1.0,off_001248,1039
sustainability,21,0.0202117420596727,0.9047619047619048,0.0952380952380952,1.0,off_001347,1039
sustainability,22,0.0211742059672762,0.8636363636363636,0.1363636363636363,1.0,off_001374,1039
sustainability,23,0.0221366698748796,0.8695652173913043,0.1304347826086956,1.0,off_001407,1039
sustainability,24,0.0230991337824831,0.875,0.125,1.0,off_001825,1039
sustainability,25,0.0240615976900866,0.84,0.16,1.0,off_001847,1039
sustainability,26,0.02502406159769,0.8461538461538461,0.1538461538461538,1.0,off_001857,1039
sustainability,27,0.0259865255052935,0.8148148148148149,0.1851851851851851,1.0,off_001968,1039
sustainability,28,0.026948989412897,0.8214285714285714,0.1785714285714285,1.0,off_002029,1039
sustainability,29,0.0279114533205004,0.7931034482758621,0.2068965517241379,1.0,off_002122,1039
sustainability,30,0.0288739172281039,0.8,0.2,1.0,off_002238,1039
sustainability,31,0.0298363811357074,0.8064516129032258,0.1935483870967742,1.0,off_002293,1039
sustainability,32,0.0307988450433108,0.8125,0.1875,1.0,off_002304,1039
sustainability,33,0.0317613089509143,0.8181818181818181,0.1818181818181818,1.0,off_002331,1039
sustainability,34,0.0327237728585178,0.8235294117647058,0.1764705882352941,1.0,off_002342,1039
sustainability,35,0.0336862367661212,0.8285714285714285,0.1714285714285714,1.0,off_002392,1039
sustainability,36,0.0346487006737247,0.8333333333333334,0.1666666666666666,1.0,off_002579,1039
sustainability,37,0.0356111645813282,0.8378378378378378,0.1621621621621621,1.0,off_002583,1039
sustainability,38,0.0365736284889316,0.8421052631578947,0.1578947368421052,1.0,off_002623,1039
sustainability,39,0.0375360923965351,0.8461538461538461,0.1538461538461538,1.0,off_002645,1039
sustainability,40,0.0384985563041385,0.85,0.15,1.0,off_002711,1039
sustainability,41,0.039461020211742,0.8536585365853658,0.1463414634146341,1.0,off_002722,1039
sustainability,42,0.0404234841193455,0.8333333333333334,0.1666666666666666,1.0,off_002738,1039
sustainability,43,0.0413859480269489,0.8372093023255813,0.1627906976744186,1.0,off_002814,1039
sustainability,44,0.0423484119345524,0.8409090909090909,0.1590909090909091,1.0,off_002836,1039
sustainability,45,0.0433108758421559,0.8444444444444444,0.1555555555555555,1.0,off_002876,1039
sustainability,46,0.0442733397497593,0.8478260869565217,0.1521739130434782,1.0,off_002887,1039
sustainability,47,0.0452358036573628,0.851063829787234,0.1489361702127659,1.0,off_002931,1039
sustainability,48,0.0461982675649663,0.8541666666666666,0.1458333333333333,1.0,off_002958,1039
sustainability,49,0.0471607314725697,0.8571428571428572,0.1428571428571428,1.0,off_003085,1039
sustainability,50,0.0481231953801732,0.86,0.14,1.0,off_003156,1039
sustainability,51,0.0490856592877767,0.8627450980392157,0.1372549019607843,1.0,off_003316,1039
sustainability,52,0.0500481231953801,0.8653846153846154,0.1346153846153846,1.0,off_003376,1039
sustainability,53,0.0510105871029836,0.8679245283018868,0.1320754716981132,1.0,off_003448,1039
sustainability,54,0.0519730510105871,0.8703703703703703,0.1296296296296296,1.0,off_003486,1039
sustainability,55,0.0529355149181905,0.8727272727272728,0.1272727272727272,1.0,off_003540,1039
sustainability,56,0.053897978825794,0.8571428571428572,0.1428571428571428,1.0,off_003552,1039
sustainability,57,0.0548604427333975,0.8421052631578947,0.1578947368421052,1.0,off_003640,1039
sustainability,58,0.0558229066410009,0.8448275862068966,0.1551724137931034,1.0,off_003672,1039
sustainability,59,0.0567853705486044,0.847457627118644,0.1525423728813559,1.0,off_003705,1039
sustainability,60,0.0577478344562078,0.85,0.15,1.0,off_003771,1039
sustainability,61,0.0587102983638113,0.8524590163934427,0.1475409836065573,1.0,off_003859,1039
sustainability,62,0.0596727622714148,0.8548387096774194,0.1451612903225806,1.0,off_003947,1039
sustainability,63,0.0606352261790182,0.8571428571428572,0.1428571428571428,1.0,off_004069,1039
sustainability,64,0.0615976900866217,0.859375,0.140625,1.0,off_004185,1039
sustainability,65,0.0625601539942252,0.8615384615384616,0.1384615384615384,1.0,off_004207,1039
sustainability,66,0.0635226179018286,0.8636363636363636,0.1363636363636363,1.0,off_004409,1039
sustainability,67,0.0644850818094321,0.8656716417910448,0.1343283582089552,1.0,off_004454,1039
sustainability,68,0.0654475457170356,0.8676470588235294,0.1323529411764706,1.0,off_004537,1039
sustainability,69,0.066410009624639,0.8695652173913043,0.1304347826086956,1.0,off_004570,1039
sustainability,70,0.0673724735322425,0.8571428571428572,0.1428571428571428,1.0,off_004608,1039
sustainability,71,0.068334937439846,0.8591549295774648,0.1408450704225352,1.0,off_004625,1039
sustainability,72,0.0692974013474494,0.8611111111111112,0.1388888888888889,1.0,off_004762,1039
sustainability,73,0.0702598652550529,0.8493150684931507,0.1506849315068493,1.0,off_004828,1039
sustainability,74,0.0712223291626564,0.8513513513513513,0.1486486486486486,1.0,off_004838,1039
sustainability,75,0.0721847930702598,0.8533333333333333,0.1466666666666666,1.0,off_004999,1039
sustainability,76,0.0731472569778633,0.8552631578947368,0.1447368421052631,1.0,off_005015,1039
sustainability,77,0.0741097208854668,0.8571428571428572,0.1428571428571428,1.0,off_005021,1039
sustainability,78,0.0750721847930702,0.858974358974359,0.141025641025641,1.0,off_005109,1039
sustainability,79,0.0760346487006737,0.8607594936708861,0.1392405063291139,1.0,off_005279,1039
sustainability,80,0.0769971126082771,0.85,0.15,1.0,off_005301,1039
sustainability,81,0.0779595765158806,0.8395061728395061,0.1604938271604938,1.0,off_005323,1039
sustainability,82,0.0789220404234841,0.8414634146341463,0.1585365853658536,1.0,off_005367,1039
sustainability,83,0.0798845043310875,0.8433734939759037,0.1566265060240964,1.0,off_005472,1039
sustainability,84,0.080846968238691,0.8452380952380952,0.1547619047619047,1.0,off_005615,1039
sustainability,85,0.0818094321462945,0.8470588235294118,0.1529411764705882,1.0,off_005784,1039
sustainability,86,0.0827718960538979,0.8488372093023255,0.1511627906976744,1.0,off_005802,1039
sustainability,87,0.0837343599615014,0.8505747126436781,0.1494252873563218,1.0,off_005850,1039
sustainability,88,0.0846968238691049,0.8522727272727273,0.1477272727272727,1.0,off_005906,1039
sustainability,89,0.0856592877767083,0.8539325842696629,0.146067415730337,1.0,off_005956,1039
sustainability,90,0.0866217516843118,0.8555555555555556,0.1444444444444444,1.0,off_006099,1039
sustainability,91,0.0875842155919153,0.8571428571428572,0.1428571428571428,1.0,off_006121,1039
sustainability,92,0.0885466794995187,0.8478260869565217,0.1521739130434782,1.0,off_006159,1039
sustainability,93,0.0895091434071222,0.8387096774193549,0.1612903225806451,1.0,off_006170,1039
sustainability,94,0.0904716073147257,0.8404255319148937,0.1595744680851064,1.0,off_006275,1039
sustainability,95,0.0914340712223291,0.8421052631578947,0.1578947368421052,1.0,off_006554,1039
sustainability,96,0.0923965351299326,0.84375,0.15625,1.0,off_006561,1039
sustainability,97,0.0933589990375361,0.8350515463917526,0.1649484536082474,1.0,off_006654,1039
sustainability,98,0.0943214629451395,0.8367346938775511,0.1632653061224489,1.0,off_006664,1039
sustainability,99,0.095283926852743,0.8383838383838383,0.1616161616161616,1.0,off_006873,1039
sustainability,100,0.0962463907603464,0.84,0.16,1.0,off_006891,1039
sustainability,101,0.0972088546679499,0.8415841584158416,0.1584158415841584,1.0,off_006902,1039
sustainability,102,0.0981713185755534,0.8431372549019608,0.1568627450980392,1.0,off_007001,1039
sustainability,103,0.0991337824831568,0.8446601941747574,0.1553398058252427,1.0,off_007017,1039
sustainability,104,0.1000962463907603,0.8461538461538461,0.1538461538461538,1.0,off_007155,1039
sustainability,105,0.1010587102983638,0.8476190476190476,0.1523809523809524,1.0,off_007214,1039
sustainability,106,0.1020211742059672,0.8490566037735849,0.1509433962264151,1.0,off_007467,1039
sustainability,107,0.1029836381135707,0.8504672897196262,0.1495327102803738,1.0,off_007633,1039
sustainability,108,0.1039461020211742,0.8425925925925926,0.1574074074074074,1.0,off_007655,1039
sustainability,109,0.1049085659287776,0.8440366972477065,0.1559633027522936,1.0,off_007870,1039
sustainability,110,0.1058710298363811,0.8363636363636364,0.1636363636363636,1.0,off_007886,1039
sustainability,111,0.1068334937439846,0.8378378378378378,0.1621621621621621,1.0,off_007907,1039
sustainability,112,0.107795957651588,0.8392857142857143,0.1607142857142857,1.0,off_007925,1039
sustainability,113,0.1087584215591915,0.8407079646017699,0.1592920353982301,1.0,off_007974,1039
sustainability,114,0.109720885466795,0.8421052631578947,0.1578947368421052,1.0,off_008002,1039
sustainability,115,0.1106833493743984,0.8434782608695652,0.1565217391304348,1.0,off_008079,1039
sustainability,116,0.1116458132820019,0.8448275862068966,0.1551724137931034,1.0,off_008271,1039
sustainability,117,0.1126082771896054,0.8461538461538461,0.1538461538461538,1.0,off_008365,1039
sustainability,118,0.1135707410972088,0.847457627118644,0.1525423728813559,1.0,off_008508,1039
sustainability,119,0.1145332050048123,0.8487394957983193,0.1512605042016806,1.0,off_008512,1039
sustainability,120,0.1154956689124157,0.8416666666666667,0.1583333333333333,1.0,off_008590,1039
sustainability,121,0.1164581328200192,0.8347107438016529,0.1652892561983471,1.0,off_008634,1039
sustainability,122,0.1174205967276227,0.8360655737704918,0.1639344262295081,1.0,off_008640,1039
sustainability,123,0.1183830606352261,0.8292682926829268,0.1707317073170731,1.0,off_008722,1039
sustainability,124,0.1193455245428296,0.8306451612903226,0.1693548387096774,1.0,off_008871,1039
sustainability,125,0.1203079884504331,0.832,0.168,1.0,off_008915,1039
sustainability,126,0.1212704523580365,0.8333333333333334,0.1666666666666666,1.0,off_008985,1039
sustainability,127,0.12223291626564,0.8346456692913385,0.1653543307086614,1.0,off_009007,1039
sustainability,128,0.1231953801732435,0.828125,0.171875,1.0,off_009206,1039
sustainability,129,0.1241578440808469,0.8294573643410853,0.1705426356589147,1.0,off_009289,1039
sustainability,130,0.1251203079884504,0.8307692307692307,0.1692307692307692,1.0,off_009333,1039
sustainability,131,0.1260827718960539,0.83206106870229,0.1679389312977099,1.0,off_009410,1039
sustainability,132,0.1270452358036573,0.8333333333333334,0.1666666666666666,1.0,off_009487,1039
sustainability,133,0.1280076997112608,0.8345864661654135,0.1654135338345864,1.0,off_009597,1039
sustainability,134,0.1289701636188643,0.835820895522388,0.1641791044776119,1.0,off_009641,1039
sustainability,135,0.1299326275264677,0.837037037037037,0.1629629629629629,1.0,off_009674,1039
sustainability,136,0.1308950914340712,0.8382352941176471,0.1617647058823529,1.0,off_009865,1039
sustainability,137,0.1318575553416746,0.8394160583941606,0.1605839416058394,1.0,off_009910,1039
sustainability,138,0.1328200192492781,0.8405797101449275,0.1594202898550724,1.0,off_009931,1039
sustainability,139,0.1337824831568816,0.841726618705036,0.158273381294964,1.0,off_010030,1039
sustainability,140,0.1347449470644851,0.8428571428571429,0.1571428571428571,1.0,off_010136,1039
sustainability,141,0.1357074109720885,0.8368794326241135,0.1631205673758865,1.0,off_010152,1039
sustainability,142,0.136669874879692,0.8380281690140845,0.1619718309859155,1.0,off_010184,1039
sustainability,143,0.1376323387872954,0.8391608391608392,0.1608391608391608,1.0,off_010251,1039
sustainability,144,0.1385948026948989,0.8402777777777778,0.1597222222222222,1.0,off_010389,1039
sustainability,145,0.1395572666025024,0.8344827586206897,0.1655172413793103,1.0,off_010460,1039
sustainability,146,0.1405197305101058,0.8287671232876712,0.1712328767123287,1.0,off_010570,1039
sustainability,147,0.1414821944177093,0.8299319727891157,0.1700680272108843,1.0,off_010603,1039
sustainability,148,0.1424446583253128,0.8310810810810811,0.1689189189189189,1.0,off_010631,1039
sustainability,149,0.1434071222329162,0.8322147651006712,0.1677852348993288,1.0,off_010686,1039
sustainability,150,0.1443695861405197,0.8266666666666667,0.1733333333333333,1.0,off_010713,1039
sustainability,151,0.1453320500481232,0.8278145695364238,0.1721854304635761,1.0,off_010741,1039
sustainability,152,0.1462945139557266,0.8289473684210527,0.1710526315789473,1.0,off_010779,1039
sustainability,153,0.1472569778633301,0.8300653594771241,0.1699346405228758,1.0,off_010790,1039
sustainability,154,0.1482194417709336,0.8246753246753247,0.1753246753246753,1.0,off_010812,1039
sustainability,155,0.149181905678537,0.8258064516129032,0.1741935483870967,1.0,off_010862,1039
sustainability,156,0.1501443695861405,0.8205128205128205,0.1794871794871795,1.0,off_011153,1039
sustainability,157,0.1511068334937439,0.821656050955414,0.1783439490445859,1.0,off_011181,1039
sustainability,158,0.1520692974013474,0.8227848101265822,0.1772151898734177,1.0,off_011269,1039
sustainability,159,0.1530317613089509,0.8238993710691824,0.1761006289308176,1.0,off_011390,1039
sustainability,160,0.1539942252165543,0.825,0.175,1.0,off_011427,1039
sustainability,161,0.1549566891241578,0.8260869565217391,0.1739130434782608,1.0,off_011434,1039
sustainability,162,0.1559191530317613,0.8271604938271605,0.1728395061728395,1.0,off_011515,1039
sustainability,163,0.1568816169393647,0.8282208588957055,0.1717791411042944,1.0,off_011581,1039
sustainability,164,0.1578440808469682,0.8292682926829268,0.1707317073170731,1.0,off_011725,1039
sustainability,165,0.1588065447545717,0.8242424242424242,0.1757575757575757,1.0,off_011758,1039
sustainability,166,0.1597690086621751,0.8253012048192772,0.1746987951807229,1.0,off_011786,1039
sustainability,167,0.1607314725697786,0.8263473053892215,0.1736526946107784,1.0,off_011863,1039
sustainability,168,0.1616939364773821,0.8273809523809523,0.1726190476190476,1.0,off_011951,1039
sustainability,169,0.1626564003849855,0.8224852071005917,0.1775147928994082,1.0,off_012088,1039
sustainability,170,0.163618864292589,0.8235294117647058,0.1764705882352941,1.0,off_012253,1039
sustainability,171,0.1645813282001925,0.8245614035087719,0.175438596491228,1.0,off_012358,1039
sustainability,172,0.1655437921077959,0.8197674418604651,0.1802325581395348,1.0,off_012385,1039
sustainability,173,0.1665062560153994,0.8208092485549133,0.1791907514450867,1.0,off_012402,1039
sustainability,174,0.1674687199230028,0.8218390804597702,0.1781609195402299,1.0,off_012428,1039
sustainability,175,0.1684311838306063,0.8171428571428572,0.1828571428571428,1.0,off_012528,1039
sustainability,176,0.1693936477382098,0.8181818181818181,0.1818181818181818,1.0,off_012534,1039
sustainability,177,0.1703561116458132,0.8135593220338984,0.1864406779661017,1.0,off_012561,1039
sustainability,178,0.1713185755534167,0.8089887640449438,0.1910112359550561,1.0,off_012605,1039
sustainability,179,0.1722810394610202,0.8100558659217877,0.1899441340782122,1.0,off_012758,1039
sustainability,180,0.1732435033686236,0.8055555555555556,0.1944444444444444,1.0,off_012803,1039
sustainability,181,0.1742059672762271,0.8066298342541436,0.1933701657458563,1.0,off_012820,1039
sustainability,182,0.1751684311838306,0.8076923076923077,0.1923076923076923,1.0,off_012853,1039
sustainability,183,0.176130895091434,0.8087431693989071,0.1912568306010929,1.0,off_012979,1039
sustainability,184,0.1770933589990375,0.8043478260869565,0.1956521739130435,1.0,off_012990,1039
sustainability,185,0.178055822906641,0.8,0.2,1.0,off_013155,1039
sustainability,186,0.1790182868142444,0.8010752688172043,0.1989247311827957,1.0,off_013194,1039
sustainability,187,0.1799807507218479,0.8021390374331551,0.1978609625668449,1.0,off_013209,1039
sustainability,188,0.1809432146294514,0.8031914893617021,0.1968085106382978,1.0,off_013265,1039
sustainability,189,0.1819056785370548,0.798941798941799,0.201058201058201,1.0,off_013430,1039
sustainability,190,0.1828681424446583,0.8,0.2,1.0,off_013550,1039
sustainability,191,0.1838306063522617,0.8010471204188482,0.1989528795811518,1.0,off_013777,1039
sustainability,192,0.1847930702598652,0.8020833333333334,0.1979166666666666,1.0,off_013821,1039
sustainability,193,0.1857555341674687,0.8031088082901554,0.1968911917098445,1.0,off_013854,1039
sustainability,194,0.1867179980750722,0.8041237113402062,0.1958762886597938,1.0,off_013975,1039
sustainability,195,0.1876804619826756,0.8,0.2,1.0,off_014002,1039
sustainability,196,0.1886429258902791,0.8010204081632653,0.1989795918367347,1.0,off_014107,1039
sustainability,197,0.1896053897978825,0.8020304568527918,0.1979695431472081,1.0,off_014199,1039
sustainability,198,0.190567853705486,0.797979797979798,0.202020202020202,1.0,off_014211,1039
sustainability,199,0.1915303176130895,0.7989949748743719,0.2010050251256281,1.0,off_014327,1039
sustainability,200,0.1924927815206929,0.8,0.2,1.0,off_014360,1039
sustainability,201,0.1934552454282964,0.8009950248756219,0.1990049751243781,1.0,off_014475,1039
sustainability,202,0.1944177093358999,0.801980198019802,0.198019801980198,1.0,off_014481,1039
sustainability,203,0.1953801732435033,0.7980295566502463,0.2019704433497537,1.0,off_014706,1039
sustainability,204,0.1963426371511068,0.7990196078431373,0.2009803921568627,1.0,off_014888,1039
sustainability,205,0.1973051010587103,0.7951219512195122,0.2048780487804878,1.0,off_014893,1039
sustainability,206,0.1982675649663137,0.7961165048543689,0.203883495145631,1.0,off_014976,1039
sustainability,207,0.1992300288739172,0.7971014492753623,0.2028985507246377,1.0,off_015002,1039
sustainability,208,0.2001924927815206,0.7980769230769231,0.2019230769230769,1.0,off_015130,1039
sustainability,209,0.2011549566891241,0.7942583732057417,0.2057416267942583,1.0,off_015146,1039
sustainability,210,0.2021174205967276,0.7904761904761904,0.2095238095238095,1.0,off_015234,1039
sustainability,211,0.2030798845043311,0.7914691943127963,0.2085308056872037,1.0,off_015310,1039
sustainability,212,0.2040423484119345,0.7924528301886793,0.2075471698113207,1.0,off_015487,1039
sustainability,213,0.205004812319538,0.7934272300469484,0.2065727699530516,1.0,off_015713,1039
sustainability,214,0.2059672762271414,0.794392523364486,0.205607476635514,1.0,off_015757,1039
sustainability,215,0.2069297401347449,0.7953488372093023,0.2046511627906976,1.0,off_015761,1039
sustainability,216,0.2078922040423484,0.7916666666666666,0.2083333333333333,1.0,off_015773,1039
sustainability,217,0.2088546679499519,0.7926267281105991,0.2073732718894009,1.0,off_015805,1039
sustainability,218,0.2098171318575553,0.7935779816513762,0.2064220183486238,1.0,off_015878,1039
sustainability,219,0.2107795957651588,0.7899543378995434,0.2100456621004566,1.0,off_016070,1039
sustainability,220,0.2117420596727622,0.7909090909090909,0.209090909090909,1.0,off_016081,1039
sustainability,221,0.2127045235803657,0.7918552036199095,0.2081447963800905,1.0,off_016087,1039
sustainability,222,0.2136669874879692,0.7882882882882882,0.2117117117117117,1.0,off_016136,1039
sustainability,223,0.2146294513955726,0.789237668161435,0.210762331838565,1.0,off_016146,1039
sustainability,224,0.2155919153031761,0.7857142857142857,0.2142857142857142,1.0,off_016147,1039
sustainability,225,0.2165543792107796,0.7866666666666666,0.2133333333333333,1.0,off_016169,1039
sustainability,226,0.217516843118383,0.7876106194690266,0.2123893805309734,1.0,off_016175,1039
sustainability,227,0.2184793070259865,0.7841409691629956,0.2158590308370044,1.0,off_016213,1039
sustainability,228,0.21944177093359,0.7850877192982456,0.2149122807017544,1.0,off_016444,1039
sustainability,229,0.2204042348411934,0.7860262008733625,0.2139737991266375,1.0,off_016476,1039
sustainability,230,0.2213666987487969,0.7869565217391304,0.2130434782608695,1.0,off_016498,1039
sustainability,231,0.2223291626564003,0.7878787878787878,0.2121212121212121,1.0,off_016505,1039
sustainability,232,0.2232916265640038,0.7844827586206897,0.2155172413793103,1.0,off_016609,1039
sustainability,233,0.2242540904716073,0.7854077253218884,0.2145922746781116,1.0,off_016663,1039
sustainability,234,0.2252165543792108,0.7863247863247863,0.2136752136752136,1.0,off_016784,1039
sustainability,235,0.2261790182868142,0.7872340425531915,0.2127659574468085,1.0,off_016785,1039
sustainability,236,0.2271414821944177,0.788135593220339,0.211864406779661,1.0,off_016802,1039
sustainability,237,0.2281039461020211,0.7890295358649789,0.2109704641350211,1.0,off_016949,1039
sustainability,238,0.2290664100096246,0.7899159663865546,0.2100840336134453,1.0,off_017015,1039
sustainability,239,0.2300288739172281,0.7866108786610879,0.2133891213389121,1.0,off_017038,1039
sustainability,240,0.2309913378248315,0.7875,0.2125,1.0,off_017070,1039
sustainability,241,0.231953801732435,0.7883817427385892,0.2116182572614107,1.0,off_017077,1039
sustainability,242,0.2329162656400385,0.7892561983471075,0.2107438016528925,1.0,off_017121,1039
sustainability,243,0.2338787295476419,0.7860082304526749,0.2139917695473251,1.0,off_017137,1039
sustainability,244,0.2348411934552454,0.7868852459016393,0.2131147540983606,1.0,off_017154,1039
sustainability,245,0.2358036573628489,0.7877551020408163,0.2122448979591836,1.0,off_017192,1039
sustainability,246,0.2367661212704523,0.7886178861788617,0.2113821138211382,1.0,off_017209,1039
sustainability,247,0.2377285851780558,0.7894736842105263,0.2105263157894736,1.0,off_017297,1039
sustainability,248,0.2386910490856593,0.7903225806451613,0.2096774193548387,1.0,off_017330,1039
sustainability,249,0.2396535129932627,0.7911646586345382,0.2088353413654618,1.0,off_017352,1039
sustainability,250,0.2406159769008662,0.792,0.208,1.0,off_017429,1039
sustainability,251,0.2415784408084696,0.7928286852589641,0.2071713147410358,1.0,off_017433,1039
sustainability,252,0.2425409047160731,0.7896825396825397,0.2103174603174603,1.0,off_017434,1039
sustainability,253,0.2435033686236766,0.7865612648221344,0.2134387351778656,1.0,off_017489,1039
sustainability,254,0.24446583253128,0.7874015748031495,0.2125984251968504,1.0,off_017506,1039
sustainability,255,0.2454282964388835,0.788235294117647,0.2117647058823529,1.0,off_017566,1039
sustainability,256,0.246390760346487,0.78515625,0.21484375,1.0,off_017621,1039
sustainability,257,0.2473532242540904,0.7821011673151751,0.2178988326848249,1.0,off_017665,1039
sustainability,258,0.2483156881616939,0.7790697674418605,0.2209302325581395,1.0,off_017698,1039
sustainability,259,0.2492781520692974,0.7799227799227799,0.22007722007722,1.0,off_017726,1039
sustainability,260,0.2502406159769009,0.7769230769230769,0.2230769230769231,1.0,off_017753,1039
sustainability,261,0.2512030798845043,0.7777777777777778,0.2222222222222222,1.0,off_017836,1039
sustainability,262,0.2521655437921078,0.7748091603053435,0.2251908396946564,1.0,off_017852,1039
sustainability,263,0.2531280076997113,0.7756653992395437,0.2243346007604562,1.0,off_017902,1039
sustainability,264,0.2540904716073147,0.7765151515151515,0.2234848484848484,1.0,off_017924,1039
sustainability,265,0.2550529355149182,0.7773584905660378,0.2226415094339622,1.0,off_017973,1039
sustainability,266,0.2560153994225216,0.7744360902255639,0.225563909774436,1.0,off_018083,1039
sustainability,267,0.2569778633301251,0.7752808988764045,0.2247191011235955,1.0,off_018100,1039
sustainability,268,0.2579403272377286,0.7761194029850746,0.2238805970149253,1.0,off_018126,1039
sustainability,269,0.258902791145332,0.7732342007434945,0.2267657992565055,1.0,off_018127,1039
sustainability,270,0.2598652550529355,0.7703703703703704,0.2296296296296296,1.0,off_018270,1039
sustainability,271,0.2608277189605389,0.7712177121771218,0.2287822878228782,1.0,off_018353,1039
sustainability,272,0.2617901828681424,0.7720588235294118,0.2279411764705882,1.0,off_018445,1039
sustainability,273,0.2627526467757459,0.7728937728937729,0.2271062271062271,1.0,off_018507,1039
sustainability,274,0.2637151106833493,0.7737226277372262,0.2262773722627737,1.0,off_018655,1039
sustainability,275,0.2646775745909528,0.7745454545454545,0.2254545454545454,1.0,off_018705,1039
sustainability,276,0.2656400384985563,0.7717391304347826,0.2282608695652173,1.0,off_018842,1039
sustainability,277,0.2666025024061598,0.7725631768953068,0.2274368231046931,1.0,off_018864,1039
sustainability,278,0.2675649663137632,0.7733812949640287,0.2266187050359712,1.0,off_018908,1039
sustainability,279,0.2685274302213667,0.7706093189964158,0.2293906810035842,1.0,off_019029,1039
sustainability,280,0.2694898941289702,0.7714285714285715,0.2285714285714285,1.0,off_019277,1039
sustainability,281,0.2704523580365736,0.7722419928825623,0.2277580071174377,1.0,off_019288,1039
sustainability,282,0.2714148219441771,0.7730496453900709,0.226950354609929,1.0,off_019424,1039
sustainability,283,0.2723772858517805,0.773851590106007,0.2261484098939929,1.0,off_019446,1039
sustainability,284,0.273339749759384,0.7746478873239436,0.2253521126760563,1.0,off_019508,1039
sustainability,285,0.2743022136669875,0.775438596491228,0.2245614035087719,1.0,off_019513,1039
sustainability,286,0.2752646775745909,0.7762237762237763,0.2237762237762237,1.0,off_019618,1039
sustainability,287,0.2762271414821944,0.7770034843205575,0.2229965156794425,1.0,off_019827,1039
sustainability,288,0.2771896053897978,0.7777777777777778,0.2222222222222222,1.0,off_019842,1039
sustainability,289,0.2781520692974013,0.7785467128027681,0.2214532871972318,1.0,off_019864,1039
sustainability,290,0.2791145332050048,0.7793103448275862,0.2206896551724138,1.0,off_019886,1039
sustainability,291,0.2800769971126082,0.7800687285223368,0.2199312714776632,1.0,off_019908,1039
sustainability,292,0.2810394610202117,0.7808219178082192,0.2191780821917808,1.0,off_020036,1039
sustainability,293,0.2820019249278152,0.7815699658703071,0.2184300341296928,1.0,off_020058,1039
sustainability,294,0.2829643888354187,0.782312925170068,0.2176870748299319,1.0,off_020096,1039
sustainability,295,0.2839268527430221,0.7796610169491526,0.2203389830508474,1.0,off_020250,1039
sustainability,296,0.2848893166506256,0.7804054054054054,0.2195945945945946,1.0,off_020283,1039
sustainability,297,0.2858517805582291,0.7811447811447811,0.2188552188552188,1.0,off_020300,1039
sustainability,298,0.2868142444658325,0.7818791946308725,0.2181208053691275,1.0,off_020316,1039
sustainability,299,0.287776708373436,0.782608695652174,0.217391304347826,1.0,off_020348,1039
sustainability,300,0.2887391722810394,0.78,0.22,1.0,off_020349,1039
sustainability,301,0.2897016361886429,0.7807308970099668,0.2192691029900332,1.0,off_020410,1039
sustainability,302,0.2906641000962464,0.7781456953642384,0.2218543046357615,1.0,off_020481,1039
sustainability,303,0.2916265640038498,0.7788778877887789,0.2211221122112211,1.0,off_020586,1039
sustainability,304,0.2925890279114533,0.7796052631578947,0.2203947368421052,1.0,off_020685,1039
sustainability,305,0.2935514918190567,0.7803278688524591,0.2196721311475409,1.0,off_020689,1039
sustainability,306,0.2945139557266602,0.7777777777777778,0.2222222222222222,1.0,off_020690,1039
sustainability,307,0.2954764196342637,0.7785016286644951,0.2214983713355048,1.0,off_020745,1039
sustainability,308,0.2964388835418672,0.7792207792207793,0.2207792207792207,1.0,off_020755,1039
sustainability,309,0.2974013474494706,0.7799352750809061,0.2200647249190938,1.0,off_020861,1039
sustainability,310,0.2983638113570741,0.7806451612903226,0.2193548387096774,1.0,off_021037,1039
sustainability,311,0.2993262752646776,0.7781350482315113,0.2218649517684887,1.0,off_021130,1039
sustainability,312,0.300288739172281,0.7788461538461539,0.2211538461538461,1.0,off_021151,1039
sustainability,313,0.3012512030798845,0.7795527156549521,0.2204472843450479,1.0,off_021180,1039
sustainability,314,0.3022136669874879,0.7802547770700636,0.2197452229299363,1.0,off_021404,1039
sustainability,315,0.3031761308950914,0.780952380952381,0.219047619047619,1.0,off_021422,1039
sustainability,316,0.3041385948026949,0.7816455696202531,0.2183544303797468,1.0,off_021466,1039
sustainability,317,0.3051010587102983,0.7823343848580442,0.2176656151419558,1.0,off_021499,1039
sustainability,318,0.3060635226179018,0.7830188679245282,0.2169811320754717,1.0,off_021532,1039
sustainability,319,0.3070259865255053,0.7836990595611285,0.2163009404388714,1.0,off_021686,1039
sustainability,320,0.3079884504331087,0.78125,0.21875,1.0,off_021691,1039
sustainability,321,0.3089509143407122,0.7819314641744548,0.2180685358255451,1.0,off_021730,1039
sustainability,322,0.3099133782483156,0.782608695652174,0.217391304347826,1.0,off_021734,1039
sustainability,323,0.3108758421559192,0.78328173374613,0.2167182662538699,1.0,off_021752,1039
sustainability,324,0.3118383060635226,0.7839506172839507,0.2160493827160493,1.0,off_021763,1039
sustainability,325,0.3128007699711261,0.7846153846153846,0.2153846153846154,1.0,off_021796,1039
sustainability,326,0.3137632338787295,0.7852760736196319,0.2147239263803681,1.0,off_021943,1039
sustainability,327,0.314725697786333,0.7859327217125383,0.2140672782874617,1.0,off_021998,1039
sustainability,328,0.3156881616939365,0.7865853658536586,0.2134146341463414,1.0,off_022060,1039
sustainability,329,0.3166506256015399,0.78419452887538,0.21580547112462,1.0,off_022164,1039
sustainability,330,0.3176130895091434,0.7818181818181819,0.2181818181818181,1.0,off_022274,1039
sustainability,331,0.3185755534167468,0.7824773413897281,0.2175226586102719,1.0,off_022372,1039
sustainability,332,0.3195380173243503,0.7831325301204819,0.216867469879518,1.0,off_022489,1039
sustainability,333,0.3205004812319538,0.7837837837837838,0.2162162162162162,1.0,off_022560,1039
sustainability,334,0.3214629451395572,0.7844311377245509,0.2155688622754491,1.0,off_022665,1039
sustainability,335,0.3224254090471607,0.7820895522388059,0.217910447761194,1.0,off_022681,1039
sustainability,336,0.3233878729547642,0.7827380952380952,0.2172619047619047,1.0,off_022731,1039
sustainability,337,0.3243503368623676,0.7833827893175074,0.2166172106824926,1.0,off_022735,1039
sustainability,338,0.3253128007699711,0.7840236686390533,0.2159763313609467,1.0,off_023054,1039
sustainability,339,0.3262752646775746,0.7817109144542773,0.2182890855457227,1.0,off_023055,1039
sustainability,340,0.3272377285851781,0.7823529411764706,0.2176470588235294,1.0,off_023138,1039
sustainability,341,0.3282001924927815,0.782991202346041,0.2170087976539589,1.0,off_023286,1039
sustainability,342,0.329162656400385,0.7836257309941521,0.2163742690058479,1.0,off_023351,1039
sustainability,343,0.3301251203079884,0.7842565597667639,0.2157434402332361,1.0,off_023407,1039
sustainability,344,0.3310875842155919,0.7848837209302326,0.2151162790697674,1.0,off_023457,1039
sustainability,345,0.3320500481231954,0.7855072463768116,0.2144927536231884,1.0,off_023494,1039
sustainability,346,0.3330125120307988,0.7861271676300579,0.2138728323699422,1.0,off_023534,1039
sustainability,347,0.3339749759384023,0.7867435158501441,0.2132564841498559,1.0,off_023638,1039
sustainability,348,0.3349374398460057,0.7873563218390804,0.2126436781609195,1.0,off_023671,1039
sustainability,349,0.3358999037536092,0.7851002865329513,0.2148997134670487,1.0,off_023781,1039
sustainability,350,0.3368623676612127,0.7857142857142857,0.2142857142857142,1.0,off_023853,1039
sustainability,351,0.3378248315688161,0.7863247863247863,0.2136752136752136,1.0,off_024062,1039
sustainability,352,0.3387872954764196,0.7869318181818181,0.2130681818181818,1.0,off_024084,1039
sustainability,353,0.3397497593840231,0.7875354107648725,0.2124645892351274,1.0,off_024139,1039
sustainability,354,0.3407122232916265,0.788135593220339,0.211864406779661,1.0,off_024161,1039
sustainability,355,0.34167468719923,0.7887323943661972,0.2112676056338028,1.0,off_024220,1039
sustainability,356,0.3426371511068335,0.7865168539325843,0.2134831460674157,1.0,off_024232,1039
sustainability,357,0.343599615014437,0.7843137254901961,0.2156862745098039,1.0,off_024331,1039
sustainability,358,0.3445620789220404,0.7849162011173184,0.2150837988826815,1.0,off_024370,1039
sustainability,359,0.3455245428296439,0.7855153203342619,0.2144846796657381,1.0,off_024392,1039
sustainability,360,0.3464870067372473,0.7861111111111111,0.2138888888888888,1.0,off_024462,1039
sustainability,361,0.3474494706448508,0.7839335180055402,0.2160664819944598,1.0,off_024474,1039
sustainability,362,0.3484119345524543,0.781767955801105,0.218232044198895,1.0,off_024529,1039
sustainability,363,0.3493743984600577,0.7823691460055097,0.2176308539944903,1.0,off_024557,1039
sustainability,364,0.3503368623676612,0.782967032967033,0.217032967032967,1.0,off_024579,1039
sustainability,365,0.3512993262752646,0.7835616438356164,0.2164383561643835,1.0,off_024583,1039
sustainability,366,0.3522617901828681,0.7841530054644809,0.2158469945355191,1.0,off_024656,1039
sustainability,367,0.3532242540904716,0.784741144414169,0.215258855585831,1.0,off_024870,1039
sustainability,368,0.354186717998075,0.7853260869565217,0.2146739130434782,1.0,off_025023,1039
sustainability,369,0.3551491819056785,0.7859078590785908,0.2140921409214092,1.0,off_025067,1039
sustainability,370,0.356111645813282,0.7864864864864864,0.2135135135135135,1.0,off_025118,1039
sustainability,371,0.3570741097208855,0.7870619946091644,0.2129380053908355,1.0,off_025310,1039
sustainability,372,0.3580365736284889,0.7876344086021505,0.2123655913978494,1.0,off_025321,1039
sustainability,373,0.3589990375360924,0.7882037533512064,0.2117962466487935,1.0,off_025415,1039
sustainability,374,0.3599615014436959,0.7887700534759359,0.2112299465240641,1.0,off_025470,1039
sustainability,375,0.3609239653512993,0.7893333333333333,0.2106666666666666,1.0,off_025573,1039
sustainability,376,0.3618864292589028,0.7898936170212766,0.2101063829787234,1.0,off_025628,1039
sustainability,377,0.3628488931665062,0.7904509283819628,0.2095490716180371,1.0,off_025717,1039
sustainability,378,0.3638113570741097,0.791005291005291,0.2089947089947089,1.0,off_025789,1039
sustainability,379,0.3647738209817132,0.79155672823219,0.20844327176781,1.0,off_025844,1039
sustainability,380,0.3657362848893166,0.7894736842105263,0.2105263157894736,1.0,off_026014,1039
sustainability,381,0.3666987487969201,0.7900262467191601,0.2099737532808399,1.0,off_026025,1039
sustainability,382,0.3676612127045235,0.7905759162303665,0.2094240837696335,1.0,off_026097,1039
sustainability,383,0.368623676612127,0.7885117493472584,0.2114882506527415,1.0,off_026212,1039
sustainability,384,0.3695861405197305,0.7890625,0.2109375,1.0,off_026229,1039
sustainability,385,0.3705486044273339,0.787012987012987,0.2129870129870129,1.0,off_026300,1039
sustainability,386,0.3715110683349374,0.7849740932642487,0.2150259067357512,1.0,off_026322,1039
sustainability,387,0.3724735322425409,0.7855297157622739,0.2144702842377261,1.0,off_026673,1039
sustainability,388,0.3734359961501444,0.7860824742268041,0.2139175257731958,1.0,off_026691,1039
sustainability,389,0.3743984600577478,0.7866323907455013,0.2133676092544987,1.0,off_026948,1039
sustainability,390,0.3753609239653513,0.7846153846153846,0.2153846153846154,1.0,off_027059,1039
sustainability,391,0.3763233878729548,0.7851662404092071,0.2148337595907928,1.0,off_027113,1039
sustainability,392,0.3772858517805582,0.7857142857142857,0.2142857142857142,1.0,off_027175,1039
sustainability,393,0.3782483156881617,0.7862595419847328,0.2137404580152671,1.0,off_027318,1039
sustainability,394,0.3792107795957651,0.7868020304568528,0.2131979695431472,1.0,off_027450,1039
sustainability,395,0.3801732435033686,0.7873417721518987,0.2126582278481012,1.0,off_027494,1039
